,date,permno,fwd_ret,pred
0,2017-01-31,10104,0.12575919546549463,-0.122285806
1,2017-01-31,10107,0.06532788671657008,-0.12840147
2,2017-01-31,10138,0.05957402933408962,-0.11271682
3,2017-01-31,10145,0.11424457523818621,-0.11931529
4,2017-01-31,10516,0.041168637864731794,-0.08905465
5,2017-01-31,10696,0.10900550006450649,-0.12426467
6,2017-01-31,10909,0.20554666937339294,-0.10441478
7,2017-01-31,11308,0.047141410349959445,-0.09746275
8,2017-01-31,11404,0.0761991139006164,-0.103795536
9,2017-01-31,11552,0.0680152722892402,-0.1188479
10,2017-01-31,11600,0.11689559075123834,-0.09740743
11,2017-01-31,11618,-0.09430456223377848,-0.13133755
12,2017-01-31,11674,0.06905161721318143,-0.09684181
13,2017-01-31,11703,0.06145037797450392,-0.12656012
14,2017-01-31,11762,0.07755555855906082,-0.12798904
15,2017-01-31,11850,-0.017745602594322785,-0.106180884
16,2017-01-31,11955,0.05336035142644069,-0.06873135
17,2017-01-31,12052,0.0750275398432958,-0.12603788
18,2017-01-31,12060,-0.01610171698606977,-0.10748709
19,2017-01-31,12062,0.04425776180147256,-0.112970695
20,2017-01-31,12073,-0.059256839168913666,-0.058504716
21,2017-01-31,12076,-0.14840858755767616,-0.097634204
22,2017-01-31,12345,-0.08286870842596439,-0.12645292
23,2017-01-31,12369,-0.044162535952091075,-0.110553265
24,2017-01-31,12431,0.12411575241850037,-0.12576522
25,2017-01-31,12490,-0.07423947063310588,-0.12666929
26,2017-01-31,12542,0.012402960831404686,-0.0856223
27,2017-01-31,12558,-0.07094708248550163,-0.12337976
28,2017-01-31,12622,0.04895460294960552,-0.10744133
29,2017-01-31,12650,0.05238587751770929,-0.061802667
30,2017-01-31,12872,0.06763512791150106,-0.10508595
31,2017-01-31,13035,0.046525416527269714,-0.05131003
32,2017-01-31,13103,0.15211618340853983,-0.11150425
33,2017-01-31,13142,-0.12800755333726077,-0.044712417
34,2017-01-31,13168,-0.1491491624117529,-0.10057016
35,2017-01-31,13356,-0.017415426420582913,-0.09098824
36,2017-01-31,13407,0.15292922641151163,-0.11572226
37,2017-01-31,13586,0.10638909030132049,0.03659348
38,2017-01-31,13688,0.09133783905655779,-0.10250452
39,2017-01-31,13721,0.08979673983724146,-0.1170364
40,2017-01-31,13788,0.02333432869242258,-0.12460374
41,2017-01-31,13856,0.09902386776785277,-0.07995511
42,2017-01-31,13901,0.016556961298607398,-0.12242649
43,2017-01-31,13928,-0.012240475194558176,-0.10619139
44,2017-01-31,13936,0.07740335924483621,-0.0476356
45,2017-01-31,13963,0.043417783016308054,0.022809945
46,2017-01-31,13964,0.035856569041291086,0.06191807
47,2017-01-31,14008,0.04952906032919557,-0.123950705
48,2017-01-31,14011,-0.037142883409910565,-0.025234235
49,2017-01-31,14277,-0.1275393810202673,-0.10170703
50,2017-01-31,14297,0.20006531657333038,0.04711487
51,2017-01-31,14541,-0.032561096063982053,-0.112290904
52,2017-01-31,14542,0.13701306486652043,-0.11600021
53,2017-01-31,14593,0.1888600668928797,-0.10016101
54,2017-01-31,14601,0.021177974459585247,0.09011487
55,2017-01-31,14702,0.18902309179062282,-0.11028513
56,2017-01-31,14776,-0.22104319687921725,-0.11734654
57,2017-01-31,15069,-0.10947339632484343,-0.10260913
58,2017-01-31,15202,-0.05609499882102009,-0.12658447
59,2017-01-31,15408,0.018958746072788468,-0.099817894
60,2017-01-31,15488,0.1995969906194519,-0.08783703
61,2017-01-31,15579,0.054675606363987495,-0.10814483
62,2017-01-31,15707,0.09750526516561253,-0.089880794
63,2017-01-31,15720,0.10474414925657793,-0.09845423
64,2017-01-31,15797,-0.059211382358233755,0.05571145
65,2017-01-31,16432,0.12170790332870474,-0.05860514
66,2017-01-31,16600,0.03175464198087474,-0.09262064
67,2017-01-31,16678,-0.1237582781266473,-0.11457231
68,2017-01-31,17005,0.05278489847895562,-0.088625066
69,2017-01-31,17144,-0.0718904721303587,-0.10414203
70,2017-01-31,17478,0.120078287081266,-0.09852367
71,2017-01-31,17750,0.07901369345414588,-0.112439714
72,2017-01-31,17830,0.09138058489923462,-0.08706214
73,2017-01-31,18163,0.004595065053889735,-0.11600021
74,2017-01-31,18411,0.019183479084305066,-0.08320871
75,2017-01-31,18542,0.07768716354027916,-0.12603788
76,2017-01-31,18729,0.12159260573324016,-0.08495532
77,2017-01-31,19166,0.22052442759115887,0.063864954
78,2017-01-31,19350,0.048378201371094054,-0.12576522
79,2017-01-31,19393,0.14853260083018904,-0.072103366
80,2017-01-31,19502,0.060885877167585756,-0.09358725
81,2017-01-31,19561,0.14081692974105597,-0.12603788
82,2017-01-31,19583,0.14896848790067097,-0.07860253
83,2017-01-31,20415,0.06706696549022673,0.055673003
84,2017-01-31,20482,0.05111946856525407,-0.10291297
85,2017-01-31,20626,0.060681652894501115,-0.12603788
86,2017-01-31,21020,-0.034757238879625896,-0.091209166
87,2017-01-31,21178,0.07934073286475285,-0.091690116
88,2017-01-31,21186,0.011181817793235016,-0.13472402
89,2017-01-31,21207,-0.06666792529683696,-0.085583284
90,2017-01-31,21371,-0.02629610507313329,-0.13424456
91,2017-01-31,21573,-0.03809444518953853,-0.12746236
92,2017-01-31,21776,-0.025834391582925553,-0.10501018
93,2017-01-31,21792,0.09969258175567042,-0.07650029
94,2017-01-31,21936,0.07982413027938073,-0.10586631
95,2017-01-31,22103,0.035355840689001106,-0.12798904
96,2017-01-31,22111,0.0973458579844586,-0.10993665
97,2017-01-31,22293,0.09517892776561876,-0.12812252
98,2017-01-31,22509,0.10261773031697952,-0.10900255
99,2017-01-31,22517,0.10584404921282387,-0.103334844
100,2017-01-31,22592,0.1274254773294312,-0.07079118
101,2017-01-31,22752,0.012848562625776161,-0.12340805
102,2017-01-31,22779,0.07130342618020302,-0.11127103
103,2017-01-31,23026,-0.0006386858058481382,-0.08399844
104,2017-01-31,23085,-0.026088702938621755,0.031513616
105,2017-01-31,23229,0.07413936858227577,-0.051153194
106,2017-01-31,23393,0.0995672446462863,-0.05182178
107,2017-01-31,23473,0.028272032258302104,0.044956658
108,2017-01-31,23536,0.03415779703249222,-0.09276159
109,2017-01-31,23579,-0.014580753767032273,-0.11166626
110,2017-01-31,23660,0.05477458448576167,-0.056810755
111,2017-01-31,23712,0.005217463725619487,-0.1069067
112,2017-01-31,23819,-0.18622503598042572,-0.11378677
113,2017-01-31,23931,0.09934910673739283,-0.10559951
114,2017-01-31,24010,0.07758946708918146,-0.09911526
115,2017-01-31,24109,0.0686443522192508,-0.10414203
116,2017-01-31,24205,0.08763469917456379,-0.100247495
117,2017-01-31,24328,-0.04061778051136711,-0.06339156
118,2017-01-31,24643,0.20205738998342904,-0.07483895
119,2017-01-31,24766,0.0776607671502898,-0.09075797
120,2017-01-31,24942,0.08232925996741636,-0.10703021
121,2017-01-31,24985,0.0472271816500327,-0.03814519
122,2017-01-31,25081,0.05028752600972841,-0.0791976
123,2017-01-31,25232,-0.03428617289533009,-0.082144596
124,2017-01-31,25320,-0.06963740762458048,-0.12645403
125,2017-01-31,25419,0.06766188895486525,-0.07980851
126,2017-01-31,25582,0.0945975271028201,-0.057503268
127,2017-01-31,25778,0.05833934702030352,-0.10095205
128,2017-01-31,25785,-0.05951329798746596,-0.09863756
129,2017-01-31,25953,0.020109832729166666,-0.08798897
130,2017-01-31,26403,0.04473471251980121,-0.12542218
131,2017-01-31,26710,0.0021865561882636886,-0.04259634
132,2017-01-31,26825,-0.01664383608463349,-0.07783497
133,2017-01-31,27043,0.16857433628343865,-0.06120498
134,2017-01-31,27633,-0.11988459412534913,0.08070568
135,2017-01-31,27828,0.2600910414483899,-0.10892897
136,2017-01-31,27887,0.1651341774832109,-0.097273976
137,2017-01-31,27959,0.06210947632365871,-0.09992065
138,2017-01-31,27983,0.04643507727021823,-0.073152035
139,2017-01-31,27991,0.1044299707680254,0.06034387
140,2017-01-31,28222,0.012336677429034992,-0.09468565
141,2017-01-31,28345,-0.08641333812800511,-0.064753324
142,2017-01-31,28388,-0.09472569139641107,-0.12313906
143,2017-01-31,28484,-0.09403196384631851,-0.11886608
144,2017-01-31,29946,0.04160555489409945,0.024762321
145,2017-01-31,30681,-0.03494651740235544,-0.097411975
146,2017-01-31,30940,0.039066404696116885,0.051751807
147,2017-01-31,32707,-0.13912680762190777,-0.058193013
148,2017-01-31,32870,-0.028784016955445413,-0.099137075
149,2017-01-31,34032,0.12689572384020043,-0.08242937
150,2017-01-31,34746,-0.05874999515810975,-0.09916103
151,2017-01-31,34817,0.062437790277804384,-0.07508852
152,2017-01-31,34833,-0.08080484764498752,-0.08426873
153,2017-01-31,35044,-0.04172411530975595,-0.07740106
154,2017-01-31,35554,-0.0397547775809064,-0.11595735
155,2017-01-31,36468,0.10462829735859547,-0.12356475
156,2017-01-31,37284,-0.007932260022232018,-0.059802197
157,2017-01-31,37584,0.09004007837030947,-0.118912935
158,2017-01-31,38156,0.07322409161066479,-0.0815842
159,2017-01-31,38703,-0.03770721943140054,-0.12773806
160,2017-01-31,38762,0.10053380318622551,0.04341481
161,2017-01-31,39490,-0.18275999929107778,-0.08905465
162,2017-01-31,39538,-0.13194750770587038,0.0012961786
163,2017-01-31,39642,0.05878039526868695,-0.10469136
164,2017-01-31,39917,0.09091043257682996,-0.10998481
165,2017-01-31,40272,0.188007649231424,0.043927506
166,2017-01-31,40539,0.05328376437685911,-0.0928059
167,2017-01-31,41080,0.033650002442152216,-0.12713473
168,2017-01-31,41355,0.0977980808409149,-0.12798904
169,2017-01-31,42200,0.11830377890923871,0.051267784
170,2017-01-31,42585,-0.06210810344598938,-0.111443065
171,2017-01-31,42877,-0.09295581303749079,-0.08089084
172,2017-01-31,42906,-0.04405639881342005,-0.10507129
173,2017-01-31,43350,0.10297088404412036,-0.123251334
174,2017-01-31,43449,0.15008025428457117,-0.115112476
175,2017-01-31,43553,0.06962784970742919,-0.08945508
176,2017-01-31,44206,0.0824480780831911,-0.084892154
177,2017-01-31,44601,0.14534361170965182,0.05323701
178,2017-01-31,44644,0.04034297220428629,-0.09028193
179,2017-01-31,45356,-0.049207613635748104,-0.12747034
180,2017-01-31,45751,0.09487258829574619,-0.1062778
181,2017-01-31,45911,0.08719853968539515,-0.04354038
182,2017-01-31,46578,0.12068043737515799,-0.09670862
183,2017-01-31,46674,-0.04259347710617323,-0.052723963
184,2017-01-31,46703,0.004249843449108948,-0.11166626
185,2017-01-31,46877,0.29667791155034573,-0.12747034
186,2017-01-31,46886,0.1611815437734916,-0.13358007
187,2017-01-31,47896,0.033889844535497815,-0.12308575
188,2017-01-31,47941,0.11818515817107089,0.045091208
189,2017-01-31,48486,0.2658980044976471,-0.12861685
190,2017-01-31,48506,0.14526317141826395,-0.10964395
191,2017-01-31,48653,0.12045768322740269,-0.10668572
192,2017-01-31,48725,0.05637679847302368,-0.12512764
193,2017-01-31,49015,-0.01909252246491977,-0.10402729
194,2017-01-31,49154,-0.12581938358749722,-0.10956374
195,2017-01-31,49373,0.1658872900988575,-0.022220716
196,2017-01-31,49656,0.056337670182121435,-0.094226666
197,2017-01-31,49680,-0.005408037879250149,-0.106936015
198,2017-01-31,50017,-0.1803085763848089,-0.048710138
199,2017-01-31,50876,0.07242375448339566,-0.10782423
200,2017-01-31,52038,0.014267698807649998,-0.1035694
201,2017-01-31,52090,0.050437706619057776,-0.059353795
202,2017-01-31,52230,-0.016592912472907395,0.06640077
203,2017-01-31,52329,-0.059588237638290686,0.06106713
204,2017-01-31,52476,0.15710888137824042,-0.076359294
205,2017-01-31,52695,-0.23336709098634545,-0.13126291
206,2017-01-31,52708,0.13191639685883483,-0.066252016
207,2017-01-31,52978,0.20800489163295688,-0.071744755
208,2017-01-31,53065,0.009043469418173133,-0.06520224
209,2017-01-31,53613,0.14765580775949938,-0.08708011
210,2017-01-31,54148,0.058028205931131005,-0.06445484
211,2017-01-31,55976,0.13469207023732976,-0.101471886
212,2017-01-31,56274,-0.0028422900305584697,-0.08726534
213,2017-01-31,56573,0.09096002350036403,-0.12603611
214,2017-01-31,57568,0.010044841445937758,-0.09151951
215,2017-01-31,57665,0.05070974289276586,-0.11082698
216,2017-01-31,57817,0.10006586800459805,-0.047763236
217,2017-01-31,57904,0.07634740203130352,-0.08163435
218,2017-01-31,58246,0.08947359978368263,-0.10668572
219,2017-01-31,58683,0.07663794748374975,-0.10261053
220,2017-01-31,59010,0.1486829213512817,-0.05452563
221,2017-01-31,59176,0.04184088124763008,-0.12209814
222,2017-01-31,59248,-0.002497158800342514,-0.08420081
223,2017-01-31,59328,-0.011209473043999996,-0.11940966
224,2017-01-31,59408,0.033950730959668496,-0.117474526
225,2017-01-31,59459,0.03865017947812688,-0.10363294
226,2017-01-31,60097,0.09880397031007981,-0.08830268
227,2017-01-31,60206,-0.07328961203252793,0.044002563
228,2017-01-31,60442,-0.0011782554590559213,-0.12554355
229,2017-01-31,60506,-0.005156561436587381,-0.12798904
230,2017-01-31,60599,0.01495163311607528,-0.10262858
231,2017-01-31,60628,0.005215314742841981,-0.120851874
232,2017-01-31,60871,0.022386944949098986,-0.12798904
233,2017-01-31,60943,0.10863892718269774,0.04866235
234,2017-01-31,60986,0.012598539030767464,-0.10568338
235,2017-01-31,61399,0.16629477283426986,-0.12286184
236,2017-01-31,61621,-0.01674984061658391,-0.102832645
237,2017-01-31,61735,0.06653863774090918,-0.10007664
238,2017-01-31,61815,-0.18482781523982317,-0.108148806
239,2017-01-31,62092,0.08593630565515564,-0.10320802
240,2017-01-31,62148,0.09999585989918347,-0.055099003
241,2017-01-31,62308,0.04513382961626622,0.06817303
242,2017-01-31,63765,-0.12430302070918842,-0.062560566
243,2017-01-31,64186,0.06969781457335467,-0.12436574
244,2017-01-31,64282,-0.1138595680997656,-0.10482239
245,2017-01-31,64311,0.0053455163511944015,-0.12322159
246,2017-01-31,64390,0.0804505211922939,-0.12508449
247,2017-01-31,64653,-0.017175246022360424,-0.09165418
248,2017-01-31,64936,0.025129580659783102,-0.0927273
249,2017-01-31,64995,0.01963079123605005,-0.0996495
250,2017-01-31,65875,-0.05208209841244826,-0.10849995
251,2017-01-31,65947,0.09185517132325272,-0.09722736
252,2017-01-31,66093,-0.048663972252611654,-0.117373995
253,2017-01-31,66157,-0.020748341537073833,-0.1222231
254,2017-01-31,66181,0.1415300643959987,-0.12422406
255,2017-01-31,66384,0.12400775302867983,-0.09725818
256,2017-01-31,66800,-0.04732885528099118,-0.09445484
257,2017-01-31,67598,0.04636927863774698,-0.10594483
258,2017-01-31,68144,0.004208783852330367,-0.1274947
259,2017-01-31,69032,0.025400407774587297,-0.1222852
260,2017-01-31,69550,-0.018394362189911972,-0.13149397
261,2017-01-31,69796,0.15514037298656325,-0.081330486
262,2017-01-31,70033,0.0023312344617469893,-0.056632165
263,2017-01-31,70332,-0.17927839154046776,-0.1115766
264,2017-01-31,70519,0.0648172828655984,-0.10836405
265,2017-01-31,70578,0.07775432975051122,-0.11121045
266,2017-01-31,71175,0.02415914265749497,0.06833368
267,2017-01-31,71563,-0.05904295983103525,-0.10225329
268,2017-01-31,72726,0.1062798032626957,-0.10444123
269,2017-01-31,73139,0.10749513623038176,-0.10638823
270,2017-01-31,75034,-0.05625143245305819,-0.10668572
271,2017-01-31,75100,0.17007531727326297,-0.07130788
272,2017-01-31,75154,0.122422608544277,-0.12798904
273,2017-01-31,75186,-0.05604342362453074,-0.118095145
274,2017-01-31,75241,-0.0399638109299123,-0.094102025
275,2017-01-31,75489,0.07692841768820946,0.05366695
276,2017-01-31,75510,0.1795708525227162,-0.10377901
277,2017-01-31,75607,0.15111610199437253,-0.12783533
278,2017-01-31,75819,0.050581440677419875,-0.08286987
279,2017-01-31,75825,-0.08782726196109436,-0.11734654
280,2017-01-31,75828,0.13652227296020714,-0.10803188
281,2017-01-31,76076,0.11867981650166448,-0.08519738
282,2017-01-31,76082,0.0819364332986825,-0.06194493
283,2017-01-31,76201,0.09051383697167159,-0.11393435
284,2017-01-31,76226,0.03483115829683703,-0.12525736
285,2017-01-31,76282,-0.2093389530280505,0.038284276
286,2017-01-31,76605,-0.04523471611857299,-0.08930297
287,2017-01-31,76614,0.08127135060275048,-0.09065861
288,2017-01-31,76639,0.1330006582523564,-0.06198172
289,2017-01-31,76712,-0.0008596718100944978,-0.04563393
290,2017-01-31,76744,0.3776633437966668,-0.130456
291,2017-01-31,76841,0.06151651374446554,-0.08970613
292,2017-01-31,77129,-0.174847911526404,-0.0396405
293,2017-01-31,77178,0.015199388751125475,-0.099102095
294,2017-01-31,77182,-0.0269479963182625,-0.10626847
295,2017-01-31,77274,-0.04656971023284473,-0.10332132
296,2017-01-31,77281,0.20907905361654988,-0.06854074
297,2017-01-31,77338,0.14188131605610144,-0.126402
298,2017-01-31,77418,0.02922869385339877,-0.10448269
299,2017-01-31,77462,0.0012515050754280388,-0.055660855
300,2017-01-31,77496,0.08779500591518041,-0.122986056
301,2017-01-31,77605,0.09642670729407943,-0.1254399
302,2017-01-31,77606,-0.006402645978987875,-0.03116075
303,2017-01-31,77659,-0.03662179578613978,-0.07751434
304,2017-01-31,77661,0.10333677569465993,-0.072125144
305,2017-01-31,77668,-0.10946291116644702,-0.09335239
306,2017-01-31,77702,0.09257143148306435,-0.10307275
307,2017-01-31,77730,0.027105069345536803,-0.09574138
308,2017-01-31,77768,0.06228397679916764,-0.10047625
309,2017-01-31,78034,0.07548777071376045,0.07474624
310,2017-01-31,78877,-0.184495672854314,-0.061345592
311,2017-01-31,78916,0.11725829140892174,-0.13635212
312,2017-01-31,78975,0.058957291635959974,-0.12643582
313,2017-01-31,78987,0.1278420343130906,-0.13522515
314,2017-01-31,79057,0.0490849669149116,-0.07408083
315,2017-01-31,79103,-0.053840212592392245,-0.090142414
316,2017-01-31,79129,-0.12181002510417072,-0.098807015
317,2017-01-31,79145,0.1442465617330786,-0.09613866
318,2017-01-31,79237,-0.21045136599067726,-0.05295007
319,2017-01-31,79265,0.043877763902854694,0.044642646
320,2017-01-31,79323,0.08578675932046931,-0.123569705
321,2017-01-31,79545,0.03892940387397381,-0.058213364
322,2017-01-31,79547,0.07117398633189898,-0.09011871
323,2017-01-31,79637,0.07302947549662364,-0.05943954
324,2017-01-31,79678,0.30726508590792356,-0.09394117
325,2017-01-31,79915,-0.1362288853728335,-0.057006326
326,2017-01-31,80080,0.035794310517218264,-0.08565494
327,2017-01-31,80100,-0.09207781466144871,-0.10071332
328,2017-01-31,80204,-0.03914346749158393,-0.11570948
329,2017-01-31,80286,-0.15679126895334883,-0.084480435
330,2017-01-31,80381,0.10385304195484335,-0.09006382
331,2017-01-31,80399,-0.08148085657411042,-0.06386342
332,2017-01-31,80681,0.09814751483174433,-0.098688185
333,2017-01-31,80711,0.0005020516504787853,0.052139174
334,2017-01-31,81045,-0.011193534783860426,-0.105052374
335,2017-01-31,81055,-0.07605868890294065,-0.11734654
336,2017-01-31,81061,-0.0043440439241307915,-0.104793765
337,2017-01-31,81481,0.07229235225496988,-0.09560505
338,2017-01-31,81540,-0.056119697137640756,-0.104120195
339,2017-01-31,81655,0.17033639407232015,-0.057381433
340,2017-01-31,81774,-0.23423298822279492,-0.047748566
341,2017-01-31,82307,0.08251193177947957,-0.12336536
342,2017-01-31,82581,0.08720090965460447,-0.10697534
343,2017-01-31,82598,0.044756829094705575,-0.08137446
344,2017-01-31,82642,0.07737629987407701,-0.09411805
345,2017-01-31,82651,0.19936594779903682,-0.07907003
346,2017-01-31,82686,0.11583454328264131,-0.11004332
347,2017-01-31,82775,-0.0025282578816064882,-0.12334194
348,2017-01-31,83111,-0.022192370550363938,-0.07998483
349,2017-01-31,83143,-0.013348653028490531,0.029809961
350,2017-01-31,83435,0.0939393059722835,-0.10820248
351,2017-01-31,83443,0.006520255614628212,-0.11879034
352,2017-01-31,83862,-0.07743788894862424,-0.074572496
353,2017-01-31,83906,0.10630104667196694,-0.093602896
354,2017-01-31,84032,-0.07392961563048761,-0.13405988
355,2017-01-31,84129,-0.049514440486249534,-0.055883758
356,2017-01-31,84373,0.15311611364003386,-0.124619916
357,2017-01-31,84381,0.06856808307859619,-0.097161606
358,2017-01-31,84769,0.07381710198236036,-0.088938095
359,2017-01-31,84788,0.1232712162730063,-0.121258974
360,2017-01-31,85035,0.059488924422903766,-0.06275627
361,2017-01-31,85058,-0.02731607656430879,-0.12747034
362,2017-01-31,85072,-0.08168640650770109,-0.09343175
363,2017-01-31,85257,0.12123207992690244,-0.07129569
364,2017-01-31,85265,-0.029940382142990996,-0.07267423
365,2017-01-31,85269,-0.007228062238869737,-0.10590496
366,2017-01-31,85348,0.008049698580094855,-0.12643582
367,2017-01-31,85459,-0.038855464918743476,-0.07197685
368,2017-01-31,85592,0.12375931617157576,-0.077934824
369,2017-01-31,85593,0.08819015560645593,-0.060861487
370,2017-01-31,85631,0.10732739539719205,-0.12990198
371,2017-01-31,85663,-0.13319062249350877,-0.04696996
372,2017-01-31,85753,0.10858570023818692,0.040741965
373,2017-01-31,85792,-0.01253857042584805,0.06596717
374,2017-01-31,85913,0.11989451235937021,-0.1246548
375,2017-01-31,85914,0.17243908876826297,-0.13651027
376,2017-01-31,85926,-0.08929075950773302,0.053575054
377,2017-01-31,85991,0.021863769995412508,-0.11271053
378,2017-01-31,86021,0.08722981209595582,-0.13571948
379,2017-01-31,86111,0.22297629361037563,-0.082569346
380,2017-01-31,86136,0.11197436123872007,-0.09133521
381,2017-01-31,86158,0.1452731085857839,-0.09414823
382,2017-01-31,86228,0.10336663587845218,-0.048194706
383,2017-01-31,86314,0.12007151766191626,0.04753759
384,2017-01-31,86339,0.08846179717200497,-0.10607127
385,2017-01-31,86356,0.04963710341121308,-0.12554355
386,2017-01-31,86580,-0.04348992220844816,-0.08458003
387,2017-01-31,86783,0.1724876405682234,-0.10915815
388,2017-01-31,86868,-0.021514198775091642,-0.0994309
389,2017-01-31,86946,0.08172768446119827,-0.12265566
390,2017-01-31,86964,-0.03655940640985933,-0.052250445
391,2017-01-31,86979,0.12681887056240315,-0.06768281
392,2017-01-31,87055,0.08565837611101457,-0.12379553
393,2017-01-31,87137,-0.1315786660422571,-0.110174604
394,2017-01-31,87184,0.16078352455171352,-0.1031229
395,2017-01-31,87267,0.03488297206945634,-0.10371262
396,2017-01-31,87299,-0.11153314344921028,-0.062385485
397,2017-01-31,87432,0.12696696052753098,-0.12584959
398,2017-01-31,87447,-0.007682003174377505,-0.088101335
399,2017-01-31,87657,0.1395471378061044,-0.09917511
400,2017-01-31,87717,0.07699348070395917,-0.035424598
401,2017-01-31,87842,-0.04038285920941875,-0.120401666
402,2017-01-31,88031,0.06525785956231434,-0.08199775
403,2017-01-31,88352,0.206705153811648,-0.102361985
404,2017-01-31,88446,0.15465564723050118,-0.06714928
405,2017-01-31,88590,-0.13162117228146486,0.05179842
406,2017-01-31,88661,0.06381361096279003,-0.075703084
407,2017-01-31,88668,0.08167511806994421,-0.1078238
408,2017-01-31,88837,0.06316202875801391,0.03829447
409,2017-01-31,88845,0.1431725944066029,-0.10288867
410,2017-01-31,88853,-0.07181094494559492,0.049602397
411,2017-01-31,89002,0.09554181130937822,-0.12895927
412,2017-01-31,89003,0.06378620060337359,-0.10860205
413,2017-01-31,89006,0.021353064954508616,-0.091966465
414,2017-01-31,89014,0.15104825527532117,-0.06376487
415,2017-01-31,89017,0.06414835583164713,-0.103225805
416,2017-01-31,89070,0.01315265580970748,-0.12467646
417,2017-01-31,89071,0.0763567670740879,-0.08997538
418,2017-01-31,89179,0.15860800163370947,-0.12444476
419,2017-01-31,89195,0.14901320338754487,-0.09825801
420,2017-01-31,89217,-0.13421677113464414,-0.06468076
421,2017-01-31,89258,0.025140560974679316,-0.12525736
422,2017-01-31,89393,0.08166146696532661,-0.12617137
423,2017-01-31,89508,-0.12306820946173791,-0.120004356
424,2017-01-31,89509,-0.13652657306845384,-0.10610946
425,2017-01-31,89525,0.04360749707708522,-0.123870105
426,2017-01-31,89533,0.21889015293684144,-0.0704358
427,2017-01-31,89617,0.09084064269285941,-0.10574746
428,2017-01-31,89626,-0.035244684915210156,-0.12576522
429,2017-01-31,89641,-0.05413241183010398,-0.035872933
430,2017-01-31,90038,-0.003848252071509295,0.059812553
431,2017-01-31,90071,0.023583826103596106,-0.070052184
432,2017-01-31,90199,0.179510272361185,0.04284267
433,2017-01-31,90215,0.0887459690533412,-0.10266118
434,2017-01-31,90305,0.05946267496901947,-0.06982419
435,2017-01-31,90319,0.1271987218794215,-0.11600021
436,2017-01-31,90386,-0.13397050836162494,-0.069704115
437,2017-01-31,90441,-0.021026115464100603,-0.12461753
438,2017-01-31,90442,-0.031297524964110646,-0.11444229
439,2017-01-31,90601,-0.01926297056479087,0.04607071
440,2017-01-31,90805,0.015163804276402182,0.025020506
441,2017-01-31,90808,0.1022791594364072,-0.092206076
442,2017-01-31,90829,-0.23568741246648495,-0.047441952
443,2017-01-31,90880,0.1456774805487604,-0.12211461
444,2017-01-31,90979,-2.302233859108327e-08,0.04286626
445,2017-01-31,90993,0.03495690660932538,-0.11228454
446,2017-01-31,91063,0.014649485414471641,-0.1604263
447,2017-01-31,91068,0.12582519767300027,-0.14150165
448,2017-01-31,91103,-0.0036931890923244115,-0.099815145
449,2017-01-31,91233,0.09610080649487851,-0.10016683
450,2017-01-31,91392,0.21394257888635315,-0.040459055
451,2017-01-31,91416,-0.07351741369356402,-0.10314898
452,2017-01-31,91461,0.023090415061847613,-0.069465436
453,2017-01-31,91556,-0.014429846001484892,-0.100358374
454,2017-01-31,91611,-0.014290126948125703,0.112762325
455,2017-01-31,91926,-0.03427965299145963,-0.10132324
456,2017-01-31,92121,-0.09260448699012802,-0.098394826
457,2017-01-31,92157,0.04573326814148082,-0.12798904
458,2017-01-31,92293,-0.006130866356929832,0.054357205
459,2017-01-31,92602,0.16358803158180035,-0.10180434
460,2017-01-31,92611,0.10497043459472288,-0.10173214
461,2017-01-31,92618,0.011089938503259456,-0.076864995
462,2017-01-31,92655,0.08286183578820872,-0.12140776
463,2017-01-31,92709,-0.015264838173701611,-0.050984733
464,2017-01-31,92778,0.009740503901434439,0.06905538
465,2017-01-31,92890,0.26507676502589317,-0.08985299
466,2017-01-31,93002,0.11189112384420974,-0.12617137
467,2017-01-31,93089,0.002054789756858133,-0.052508883
468,2017-01-31,93096,-0.011344266116323443,-0.10027687
469,2017-04-30,10104,0.11472482135330919,-0.12496135
470,2017-04-30,10107,0.06789660413709275,-0.12957317
471,2017-04-30,10138,0.1759438362730219,-0.12646328
472,2017-04-30,10145,0.043288875732293786,-0.12083562
473,2017-04-30,10516,-0.07099556522165107,-0.11911866
474,2017-04-30,10696,0.07856605752097412,-0.12752563
475,2017-04-30,10909,-0.005869391657859935,-0.0948773
476,2017-04-30,11308,0.0710687516094104,-0.1234459
477,2017-04-30,11404,0.05421386479556767,-0.12592171
478,2017-04-30,11552,0.09157753043862393,-0.12267898
479,2017-04-30,11600,-0.01781533339923136,-0.08949381
480,2017-04-30,11618,-0.03134257582080979,0.0005113947
481,2017-04-30,11674,0.031253891517587284,-0.12434005
482,2017-04-30,11703,0.04046338028880081,-0.12507138
483,2017-04-30,11762,0.04264027023119077,-0.12748387
484,2017-04-30,11850,-0.010496014685536625,-0.09129663
485,2017-04-30,11955,0.03855047291634506,-0.123141095
486,2017-04-30,12052,0.0173485498488537,-0.12878871
487,2017-04-30,12060,-0.10926423930475448,-0.08584136
488,2017-04-30,12062,0.13385424713653427,-0.114389904
489,2017-04-30,12073,0.008202305937709209,0.015406913
490,2017-04-30,12076,-0.0663497792228448,-0.006298902
491,2017-04-30,12345,0.07476051365249581,-0.064263195
492,2017-04-30,12369,0.05017618657150957,-0.073852524
493,2017-04-30,12431,-0.00530669043233456,-0.12330243
494,2017-04-30,12490,-0.08860223853125293,-0.06632827
495,2017-04-30,12542,0.05494871046837102,-0.1116875
496,2017-04-30,12558,-0.003645033586670121,-0.070479214
497,2017-04-30,12622,-0.045955080649456526,-0.11173414
498,2017-04-30,12650,0.14948863324012995,-0.07243546
499,2017-04-30,12872,0.1066072282973094,-0.12632261
500,2017-04-30,13035,0.10724560108374903,-0.0833588
501,2017-04-30,13103,0.1283566465674819,-0.11631487
502,2017-04-30,13142,-0.023841340935138566,-0.01153134
503,2017-04-30,13168,-0.13308028437516906,-0.005320125
504,2017-04-30,13356,0.0620446562313588,-0.098192945
505,2017-04-30,13407,0.1264585856080469,-0.12317702
506,2017-04-30,13586,-0.017217576352634434,-0.078773536
507,2017-04-30,13688,0.017641968723365542,-0.123141095
508,2017-04-30,13721,0.06964250948264583,-0.12493159
509,2017-04-30,13788,0.11612600543584839,-0.09847538
510,2017-04-30,13856,0.036487423685074516,-0.123569965
511,2017-04-30,13901,-0.08750572262619472,-0.10353018
512,2017-04-30,13928,-0.041890631636157694,-0.091260344
513,2017-04-30,13936,0.1811809493919012,-0.083920054
514,2017-04-30,13963,0.12500053631627894,0.013061715
515,2017-04-30,13964,0.13076714692876634,0.057385873
516,2017-04-30,14008,0.07619815677555519,-0.12083395
517,2017-04-30,14011,0.01065716065432376,0.015823066
518,2017-04-30,14277,-0.04809055187618538,-0.054978367
519,2017-04-30,14297,0.03514893222125859,0.053132072
520,2017-04-30,14541,0.03389250011170852,-0.09827778
521,2017-04-30,14542,0.02709182210465655,-0.1196406
522,2017-04-30,14593,0.039599287583819365,-0.12242524
523,2017-04-30,14601,-0.018846902108069385,0.07540283
524,2017-04-30,14702,0.09354483297980365,-0.12624487
525,2017-04-30,14776,0.09559514753520126,-0.031691257
526,2017-04-30,14889,-0.03587618733035447,-0.106488004
527,2017-04-30,15069,-0.17471098628290505,-0.057033416
528,2017-04-30,15202,0.020534790730601493,-0.07400714
529,2017-04-30,15408,-0.025934167452561052,-0.098592505
530,2017-04-30,15456,-0.38591678854676403,-0.08210728
531,2017-04-30,15488,0.2269466989879152,-0.10993163
532,2017-04-30,15579,0.034134708800598546,-0.12507138
533,2017-04-30,15707,-0.05649521182788986,-0.12472279
534,2017-04-30,15720,-0.00929299005910178,-0.123141095
535,2017-04-30,15797,0.12485927877999181,0.01496132
536,2017-04-30,15980,-0.06697776846940018,0.07917445
537,2017-04-30,16432,-0.1276033003646364,-0.08260458
538,2017-04-30,16600,-0.02139019281696264,-0.10551679
539,2017-04-30,16678,-0.16975858263957377,-0.056747798
540,2017-04-30,17005,-0.02416318770391057,-0.13999943
541,2017-04-30,17144,-0.023358341837734553,-0.060239486
542,2017-04-30,17478,0.1479354080286488,-0.12668456
543,2017-04-30,17750,-0.043717084073459644,-0.12083395
544,2017-04-30,17830,0.0019699101121755103,-0.12087278
545,2017-04-30,18163,0.04808148575383986,-0.100624025
546,2017-04-30,18411,-0.02633257716892279,-0.10043754
547,2017-04-30,18542,0.12243294006620076,-0.002100918
548,2017-04-30,18729,0.007751868700252018,-0.12159681
549,2017-04-30,19166,0.04530844766006914,-0.07655672
550,2017-04-30,19350,0.15494287325823897,-0.13015914
551,2017-04-30,19393,0.022194071092833,-0.14332743
552,2017-04-30,19502,-0.06369074608833258,-0.12538944
553,2017-04-30,19561,0.32197067633454335,-0.12495765
554,2017-04-30,19583,0.0650096207450479,-0.12383417
555,2017-04-30,20415,0.027695535860231324,0.017489148
556,2017-04-30,20482,0.1331131643946546,-0.12083395
557,2017-04-30,20626,0.03754049310146823,-0.12507138
558,2017-04-30,21020,0.1860664969646113,-0.007025464
559,2017-04-30,21178,0.09121925131771857,-0.12267898
560,2017-04-30,21186,0.08000859683133332,-0.10981932
561,2017-04-30,21207,0.10093586555648493,-0.054914832
562,2017-04-30,21371,0.07062719075133095,0.028736116
563,2017-04-30,21573,0.02775073608095946,-0.10081598
564,2017-04-30,21776,0.11795488921707831,-0.08854945
565,2017-04-30,21792,-0.002230880097463639,-0.07512648
566,2017-04-30,21936,-0.012934450065386405,-0.12030803
567,2017-04-30,22103,-0.0030628759351042367,-0.111907735
568,2017-04-30,22111,0.08199731347355499,-0.121462464
569,2017-04-30,22293,0.015402848061517815,-0.12655534
570,2017-04-30,22509,-0.03825515225990317,-0.1201648
571,2017-04-30,22517,0.015791437200789016,-0.12592171
572,2017-04-30,22592,0.03346123405790968,-0.12569444
573,2017-04-30,22752,0.032481152211524034,-0.095748425
574,2017-04-30,22779,0.06054929521760721,-0.06277218
575,2017-04-30,23026,0.07905040054511492,-0.09307213
576,2017-04-30,23085,-0.020495455513902527,-0.057443034
577,2017-04-30,23229,0.02603150705595647,-0.07185652
578,2017-04-30,23393,0.08120158379500331,-0.07412163
579,2017-04-30,23473,0.06368233662372624,0.026460119
580,2017-04-30,23536,0.04943980143583704,-0.106236875
581,2017-04-30,23579,0.05338496729917175,-0.08124356
582,2017-04-30,23660,0.1010846948090729,-0.04876804
583,2017-04-30,23712,0.030730247399731736,-0.099570945
584,2017-04-30,23819,-0.07130713829460789,-0.07160154
585,2017-04-30,23931,0.05819900994323124,-0.12456009
586,2017-04-30,24010,0.017667914552777386,-0.123723544
587,2017-04-30,24109,0.049014410322008484,-0.123141095
588,2017-04-30,24205,0.10145401107178187,-0.12752563
589,2017-04-30,24328,0.09620600683647518,-0.08374238
590,2017-04-30,24643,-0.09091018404595941,-0.08416765
591,2017-04-30,24766,0.07396274252861978,-0.12752563
592,2017-04-30,24942,0.11216221644904234,-0.1254596
593,2017-04-30,24985,0.03382260227929845,-0.12251469
594,2017-04-30,25081,0.02637385850813989,-0.09067538
595,2017-04-30,25232,0.07527005405564302,-0.062168602
596,2017-04-30,25320,-0.07556849694327272,-0.051160455
597,2017-04-30,25419,-0.036227698067073155,-0.12065185
598,2017-04-30,25582,0.02789354265183186,-0.12155945
599,2017-04-30,25778,-0.046867936416256195,-0.07039225
600,2017-04-30,25785,-0.009251150753828319,-0.07183376
601,2017-04-30,25953,0.07058480333410944,-0.085104816
602,2017-04-30,26403,-0.041879280935189334,-0.1255601
603,2017-04-30,26710,0.04557836347757327,-0.044704802
604,2017-04-30,26825,-0.035308494961978854,-0.087192416
605,2017-04-30,27043,0.07031098109391776,-0.06814567
606,2017-04-30,27828,0.022463621126365574,-0.103992306
607,2017-04-30,27887,0.0891374481102647,-0.1244964
608,2017-04-30,27959,0.04241209278808511,-0.123141095
609,2017-04-30,27983,0.07551453624392512,0.058482
610,2017-04-30,27991,0.02702431185012122,-0.070147894
611,2017-04-30,28222,0.018525136899123718,-0.10723077
612,2017-04-30,28345,-0.008446967654720305,-0.024877341
613,2017-04-30,28388,0.030007080874268066,-0.06437527
614,2017-04-30,28484,-0.08282076205981337,-0.052217737
615,2017-04-30,29946,0.04756670821009079,0.04543045
616,2017-04-30,30681,-0.03468180371348539,-0.08908209
617,2017-04-30,30940,-0.18798113276274475,0.042824272
618,2017-04-30,32707,-0.15493438878886767,-0.059711173
619,2017-04-30,32870,-0.020877254573842263,-0.060896583
620,2017-04-30,34032,0.03264618189629953,-0.07586003
621,2017-04-30,34746,0.09892111174479301,-0.06777839
622,2017-04-30,34817,-0.05357675944569573,-0.09530017
623,2017-04-30,34833,0.01905715965327115,-0.05535656
624,2017-04-30,35044,0.0672856098272614,-0.08876751
625,2017-04-30,35554,0.05478744486684173,-0.103602275
626,2017-04-30,36468,0.010346314325429207,-0.122734115
627,2017-04-30,37284,0.25703934145469964,-0.071452655
628,2017-04-30,37584,0.04336930867984834,-0.13015914
629,2017-04-30,38156,0.048378428916324046,-0.13249798
630,2017-04-30,38703,0.008800976089411883,-0.09188886
631,2017-04-30,38762,0.08179379542752585,-0.06700193
632,2017-04-30,39490,0.022369032522964627,-0.05134886
633,2017-04-30,39538,-0.09173989899627788,0.021304937
634,2017-04-30,39642,0.08125975700367882,-0.12916902
635,2017-04-30,39917,-0.01594315578792238,-0.12737852
636,2017-04-30,40125,0.04284813219656103,-0.083487056
637,2017-04-30,40272,-0.034484023076511106,0.044459064
638,2017-04-30,40539,-0.10238610685008065,-0.12083395
639,2017-04-30,41080,0.11980177022624705,-0.111907735
640,2017-04-30,41355,0.03649493257597425,-0.12587236
641,2017-04-30,42200,0.10918361167369928,0.04767093
642,2017-04-30,42585,-0.032280704726585396,-0.061157834
643,2017-04-30,42877,0.01431820805177475,-0.054333337
644,2017-04-30,42906,0.03652823478389933,-0.08839397
645,2017-04-30,43350,0.03767701336895013,-0.12909353
646,2017-04-30,43449,0.11553171813835128,-0.120502695
647,2017-04-30,43553,0.1472982202154116,-0.12516631
648,2017-04-30,44206,0.031316602356742385,-0.12155945
649,2017-04-30,44601,0.12278702022417343,0.049183637
650,2017-04-30,44644,0.14442834388660408,-0.12340863
651,2017-04-30,45356,-0.0574910177852227,-0.079579026
652,2017-04-30,45751,0.056834418799298625,-0.123141095
653,2017-04-30,45911,0.05430706881608627,-0.11702042
654,2017-04-30,46578,0.004881668745009504,-0.1223223
655,2017-04-30,46674,-0.07026600333565602,-0.097611934
656,2017-04-30,46703,0.050730894744683175,-0.10308567
657,2017-04-30,46877,0.04351133627530923,-0.0020711543
658,2017-04-30,46886,-0.05182946618145079,-0.11058661
659,2017-04-30,47896,0.06086006299381763,-0.110229105
660,2017-04-30,48486,0.10395700393832907,-0.06456156
661,2017-04-30,48506,0.11621512513874754,-0.12147969
662,2017-04-30,48653,0.043274295649917915,-0.11801399
663,2017-04-30,48725,-0.07535396708089881,-0.12556522
664,2017-04-30,49015,0.1127765725644263,-0.104667574
665,2017-04-30,49154,0.02567665715690448,-0.049929727
666,2017-04-30,49373,0.23989965744160036,-0.08066065
667,2017-04-30,49656,0.13199716133270845,-0.123141095
668,2017-04-30,49680,-0.020467125965694777,-0.093274444
669,2017-04-30,50017,-0.20243187977939492,-0.025650002
670,2017-04-30,50876,0.013840119006664597,-0.11398071
671,2017-04-30,52038,0.0019224730317326522,-0.10368027
672,2017-04-30,52090,-0.041362165590720146,-0.07168908
673,2017-04-30,52230,-0.01227180179197418,-0.006732443
674,2017-04-30,52329,-0.03727312947190531,0.015375207
675,2017-04-30,52476,0.07792925467495526,-0.12001515
676,2017-04-30,52695,-0.1288102870911343,-0.015500404
677,2017-04-30,52708,0.03918805200908393,-0.06784018
678,2017-04-30,52978,0.07406650710019491,-0.09111514
679,2017-04-30,53065,-0.0765946660208856,-0.077507176
680,2017-04-30,53613,0.016261759542971932,-0.100792766
681,2017-04-30,54148,0.08132997094839212,-0.08485677
682,2017-04-30,55976,0.07105411483773039,-0.12226416
683,2017-04-30,56274,-0.1116101381056267,-0.0928365
684,2017-04-30,56573,0.023584605213274434,-0.13015914
685,2017-04-30,57568,0.09253686283898332,-0.10892375
686,2017-04-30,57665,0.06935615525290473,-0.11871976
687,2017-04-30,57817,0.01522731329808491,-0.070333585
688,2017-04-30,57904,0.0712317221384624,-0.12752563
689,2017-04-30,58246,-0.02343907045349969,-0.12909353
690,2017-04-30,58413,0.02130947465263522,0.0442464
691,2017-04-30,58683,-0.010602317704382802,-0.12609322
692,2017-04-30,59010,-0.08094644899733261,-0.063414164
693,2017-04-30,59176,0.07950939957888536,-0.12297833
694,2017-04-30,59248,-0.06808705345536759,-0.09895815
695,2017-04-30,59300,0.0553898967194173,0.04671351
696,2017-04-30,59328,-0.011580656402407352,-0.10314016
697,2017-04-30,59408,0.03687341471794148,-0.1123762
698,2017-04-30,59459,0.05899225370703398,-0.108252466
699,2017-04-30,60097,0.015822506538678338,-0.1265355
700,2017-04-30,60206,-0.0755859152541285,-0.054735553
701,2017-04-30,60442,0.08191086338370046,-0.10421932
702,2017-04-30,60506,0.029819149128384792,-0.10154694
703,2017-04-30,60599,-0.07457213727466205,-0.09485723
704,2017-04-30,60628,0.09925155559652898,-0.09529625
705,2017-04-30,60871,0.04264763304902819,-0.10124251
706,2017-04-30,60943,-0.07670270082732666,0.056455355
707,2017-04-30,60986,0.10909162218551538,-0.10905716
708,2017-04-30,61241,0.023308458939423904,-0.022986175
709,2017-04-30,61399,-0.08308666377845109,-0.12615229
710,2017-04-30,61621,-0.007871359866088556,-0.09641351
711,2017-04-30,61735,0.1559424743077995,-0.12456009
712,2017-04-30,61815,-0.10286370196283046,-0.060026903
713,2017-04-30,62092,0.06260916821028273,-0.11861946
714,2017-04-30,62148,-0.025906900476753036,-0.106160566
715,2017-04-30,62308,0.03148126434919263,0.058749326
716,2017-04-30,64186,0.10993300300283315,-0.12071684
717,2017-04-30,64282,-0.11135015057562625,0.058758263
718,2017-04-30,64311,-0.03680137509471404,-0.10681498
719,2017-04-30,64390,0.1865582057407582,-0.12456009
720,2017-04-30,64653,-0.008716828437380864,-0.08872184
721,2017-04-30,64936,0.006086753221616226,-0.09965566
722,2017-04-30,64995,-0.0057882583333060955,-0.10740523
723,2017-04-30,65875,0.06822590091829484,-0.05234122
724,2017-04-30,65947,0.04010206202332389,-0.123141095
725,2017-04-30,66093,-0.002925289024285682,-0.05665147
726,2017-04-30,66157,0.034793783397013556,-0.10129511
727,2017-04-30,66181,-0.0360963152055116,-0.12111808
728,2017-04-30,66384,-0.03924387049135303,-0.107651174
729,2017-04-30,66800,0.07992285775730434,-0.059115585
730,2017-04-30,67598,0.022065624440879672,-0.12155945
731,2017-04-30,68144,0.013274517524764828,-0.11041877
732,2017-04-30,69032,0.08713383768090921,-0.108269155
733,2017-04-30,69550,0.043908364735262495,-0.08644609
734,2017-04-30,69796,0.12385294655511614,-0.11845891
735,2017-04-30,70033,-0.13736743017264696,-0.070548646
736,2017-04-30,70332,-0.19822528615722845,-0.07917291
737,2017-04-30,70519,0.1578130299346321,-0.12507138
738,2017-04-30,70578,0.022794333946092316,-0.12752563
739,2017-04-30,71175,0.0871563106421509,0.029935813
740,2017-04-30,71563,0.10345926151665896,-0.070479214
741,2017-04-30,72726,0.11591770853932837,-0.12655534
742,2017-04-30,73139,0.08195932671579831,-0.12870726
743,2017-04-30,75034,-0.08402680947197771,-0.079579026
744,2017-04-30,75100,0.04777357692415496,-0.0739525
745,2017-04-30,75154,0.08808012113216468,-0.12594777
746,2017-04-30,75186,0.10644515904679452,-0.06461607
747,2017-04-30,75241,-0.05717012845704239,-0.09533337
748,2017-04-30,75489,0.053294402282747066,-0.026606705
749,2017-04-30,75510,0.09533541143260438,-0.12242797
750,2017-04-30,75607,-0.017793784757730524,-0.12974954
751,2017-04-30,75819,0.06433089958305094,-0.12083395
752,2017-04-30,75825,0.030415885910032525,-0.06256156
753,2017-04-30,75828,0.23117565368501958,-0.12594777
754,2017-04-30,76076,-0.06829775966936846,-0.12569444
755,2017-04-30,76082,0.07234196537195059,-0.08171005
756,2017-04-30,76095,-0.020819411544171884,-0.123768516
757,2017-04-30,76201,0.007834740982282762,0.0025106748
758,2017-04-30,76226,-0.008055266066685718,-0.10050076
759,2017-04-30,76282,0.00904760671970628,0.031269386
760,2017-04-30,76605,-0.22012899480265957,-0.05420202
761,2017-04-30,76614,0.26546368572352064,-0.1022003
762,2017-04-30,76639,0.10919261986390305,-0.06988235
763,2017-04-30,76712,-0.01149360487479445,-0.055165198
764,2017-04-30,76744,0.28334931839155675,-0.10276378
765,2017-04-30,76841,0.06776970296886464,-0.12507138
766,2017-04-30,77129,0.008712476588916829,-0.07782713
767,2017-04-30,77178,-0.0004280025995736514,-0.09819603
768,2017-04-30,77182,0.015510054613782076,-0.07683844
769,2017-04-30,77274,0.11887608773352643,-0.06266917
770,2017-04-30,77281,0.1530921221052528,-0.0014591757
771,2017-04-30,77338,0.06449534098565324,-0.12147969
772,2017-04-30,77418,0.04002977917214423,-0.10096039
773,2017-04-30,77462,-0.17341653140012514,-0.0964125
774,2017-04-30,77496,0.06048163554988517,-0.12434005
775,2017-04-30,77605,0.009096789059734656,-0.12182574
776,2017-04-30,77606,0.07480687507633066,-0.07115173
777,2017-04-30,77659,-0.26638564228255723,-0.08782692
778,2017-04-30,77661,0.0884799276252688,-0.09048895
779,2017-04-30,77668,0.02119058814601127,0.08553403
780,2017-04-30,77702,-0.09754852552434012,-0.12538944
781,2017-04-30,77730,-0.010178454069285414,-0.104678616
782,2017-04-30,77768,0.04759385425982976,-0.122279
783,2017-04-30,78034,-0.056614486267615116,0.08125266
784,2017-04-30,78877,-0.0570336485470907,-0.022613114
785,2017-04-30,78916,0.03795881050101557,-0.12569444
786,2017-04-30,78975,0.0986838438507529,-0.09526597
787,2017-04-30,78987,0.06378978777594546,-0.13072456
788,2017-04-30,79057,0.07230875397951841,-0.123141095
789,2017-04-30,79103,-0.176708624052768,-0.060322702
790,2017-04-30,79129,0.0565506191324181,-0.058447044
791,2017-04-30,79145,0.06531416112094757,-0.10926698
792,2017-04-30,79237,-0.2048936947587382,0.022054262
793,2017-04-30,79265,0.020202069680813395,0.009543288
794,2017-04-30,79323,0.12421716566039653,-0.123141095
795,2017-04-30,79545,0.10915270459308535,-0.06382317
796,2017-04-30,79547,0.06180091916815256,-0.12541144
797,2017-04-30,79637,-0.08142986451501888,-0.10177555
798,2017-04-30,79678,0.1823970196244511,-0.10283744
799,2017-04-30,79915,-0.17013247958518052,-0.058384366
800,2017-04-30,80080,0.049100052364154045,-0.087160684
801,2017-04-30,80100,-0.030157541526019127,-0.06076132
802,2017-04-30,80204,0.03024490677142433,-0.10233699
803,2017-04-30,80286,-0.08930175382513927,-0.04660442
804,2017-04-30,80381,0.02069636616275017,-0.12752563
805,2017-04-30,80399,-0.07022157727579825,-0.066952884
806,2017-04-30,80681,0.07767779503293926,-0.11913518
807,2017-04-30,80711,0.050125515160682976,-0.05554608
808,2017-04-30,81045,-0.010991365713333479,-0.097728655
809,2017-04-30,81055,0.07750588004292358,-0.06671856
810,2017-04-30,81061,0.17248513009902355,-0.0978411
811,2017-04-30,81481,-0.12915169604167087,-0.118583135
812,2017-04-30,81540,0.14826267930606862,-0.06238971
813,2017-04-30,81655,-0.008461979685204124,-0.06955563
814,2017-04-30,81774,0.14666865341527036,0.0772802
815,2017-04-30,82307,-0.0612950889925723,-0.06163438
816,2017-04-30,82581,0.048387483433412815,-0.0617162
817,2017-04-30,82598,0.09508262086456587,-0.07389272
818,2017-04-30,82642,0.1401118292930832,-0.123070724
819,2017-04-30,82651,0.020898322422613802,-0.109700955
820,2017-04-30,82686,-0.024217863002351847,-0.07294283
821,2017-04-30,82775,0.1426375611325743,-0.100597635
822,2017-04-30,83111,0.07481829491437497,-0.095393725
823,2017-04-30,83143,0.0648947800242885,0.017394125
824,2017-04-30,83443,0.059077314573364514,-0.10231367
825,2017-04-30,83862,0.1866807642556283,-0.05899657
826,2017-04-30,83906,-0.09678745611767203,0.034264855
827,2017-04-30,84032,-0.06319989958928596,-0.068434045
828,2017-04-30,84129,0.13438012469075722,-0.058826983
829,2017-04-30,84373,0.030776037280633384,-0.122384064
830,2017-04-30,84381,0.053890102511524374,-0.125257
831,2017-04-30,84769,0.06183611012913115,-0.12543595
832,2017-04-30,84788,0.0678824782589893,-0.12558617
833,2017-04-30,85035,0.007789530625661234,-0.08258019
834,2017-04-30,85058,-0.03913836729838205,-0.09175734
835,2017-04-30,85072,-0.05637909173225153,-0.026298242
836,2017-04-30,85257,0.07814523795637007,-0.12231716
837,2017-04-30,85265,-0.008602138619899335,-2.0367734e-06
838,2017-04-30,85269,0.07888406407843762,-0.093274444
839,2017-04-30,85348,0.15262985763812642,-0.105284184
840,2017-04-30,85459,-0.09160172161449676,-0.07470477
841,2017-04-30,85592,0.12619979878135612,-0.12147969
842,2017-04-30,85593,0.12369084816086895,0.05582115
843,2017-04-30,85631,0.2300448497518226,-0.12876922
844,2017-04-30,85663,0.0848029727610291,-0.0596628
845,2017-04-30,85753,0.13776584266866365,-0.06653779
846,2017-04-30,85792,-0.0482475155159916,0.009435444
847,2017-04-30,85913,0.10704073269597081,-0.123441845
848,2017-04-30,85914,0.13265244371196205,-0.12388777
849,2017-04-30,85926,-0.008027646000221211,-0.025647318
850,2017-04-30,85991,-0.034232546373590855,-0.09962146
851,2017-04-30,86021,0.023368211344322543,-0.12882064
852,2017-04-30,86111,0.08779270474923107,-0.12100977
853,2017-04-30,86136,0.007306783949874163,-0.12592171
854,2017-04-30,86158,0.15357549749659172,-0.12486084
855,2017-04-30,86228,0.024682557712093267,-0.12269084
856,2017-04-30,86314,0.06644090197365626,0.013776122
857,2017-04-30,86339,0.0731246526740541,-0.123141095
858,2017-04-30,86356,0.06944686867757999,-0.12507138
859,2017-04-30,86580,0.5597011187634318,-0.011954416
860,2017-04-30,86783,0.09837975272373911,-0.12936075
861,2017-04-30,86868,0.010291030187987937,-0.08948527
862,2017-04-30,86946,0.02867484329574732,-0.1254596
863,2017-04-30,86964,-0.06489288378879998,-0.07703395
864,2017-04-30,86979,-0.06732879902158173,-0.077204265
865,2017-04-30,87055,-0.06817259351164096,-0.11972672
866,2017-04-30,87137,-0.1549855803546487,-0.06551032
867,2017-04-30,87184,0.1224990585692638,-0.1251029
868,2017-04-30,87267,0.1158194132367869,-0.109232485
869,2017-04-30,87299,-0.22645332288899345,-0.047121197
870,2017-04-30,87432,0.08854097895354651,-0.12796989
871,2017-04-30,87447,0.03451527571729551,-0.100573465
872,2017-04-30,87657,0.05024118635572905,0.04096735
873,2017-04-30,87717,0.05804299219718567,0.058676414
874,2017-04-30,87842,0.06963643369100114,-0.09960547
875,2017-04-30,88031,0.16240401384487013,-0.11871976
876,2017-04-30,88352,0.12249821720403076,-0.117586136
877,2017-04-30,88446,-0.059559818523477914,-0.12479305
878,2017-04-30,88661,0.20546581401483666,-0.09050063
879,2017-04-30,88668,0.006386930782597888,-0.12947266
880,2017-04-30,88837,-0.0030469572332386674,0.05458901
881,2017-04-30,88845,0.1461509858724841,-0.12048957
882,2017-04-30,88853,-0.14977905918671786,0.026470015
883,2017-04-30,88873,0.15439651940329813,-0.0786907
884,2017-04-30,89002,-0.030847429176587338,-0.033739954
885,2017-04-30,89003,0.08716566766179668,-0.12633099
886,2017-04-30,89006,-0.01821015461625053,-0.09907234
887,2017-04-30,89014,0.026682035863997866,-0.11947224
888,2017-04-30,89017,0.12665547521299958,-0.12297844
889,2017-04-30,89070,0.01584848745561951,-0.101866275
890,2017-04-30,89071,0.06199627378040273,-0.1254596
891,2017-04-30,89179,0.05038240661743121,-0.12209882
892,2017-04-30,89195,0.03223003640691702,-0.07971293
893,2017-04-30,89217,-0.21158235789457702,-0.060977723
894,2017-04-30,89258,0.06555658637975514,-0.1039923
895,2017-04-30,89269,0.06747297671472663,-0.12231716
896,2017-04-30,89393,0.19355971792227078,-0.105125904
897,2017-04-30,89508,0.13247908442229805,-0.051386073
898,2017-04-30,89509,-0.15069710395224234,-0.06317144
899,2017-04-30,89525,0.036329447411520555,-0.12567823
900,2017-04-30,89533,0.05571629701420311,-0.070331745
901,2017-04-30,89617,0.08403879758113697,-0.12633099
902,2017-04-30,89626,0.06117393657367187,-0.0978194
903,2017-04-30,89641,-0.2058749240733283,0.04634124
904,2017-04-30,90038,0.09959991489275533,0.056268565
905,2017-04-30,90071,0.45854428026139415,-0.0864209
906,2017-04-30,90199,0.06087393924565032,-0.089080326
907,2017-04-30,90215,0.05433883494873659,-0.11972672
908,2017-04-30,90305,0.06348126681103072,-0.09098291
909,2017-04-30,90319,0.022695636306288902,-0.1196406
910,2017-04-30,90386,-0.09774368721371018,-0.05810995
911,2017-04-30,90441,-0.04715359750028014,-0.09241983
912,2017-04-30,90442,-0.039180836505974925,-0.09241983
913,2017-04-30,90601,0.08563113827295354,0.051605754
914,2017-04-30,90805,-0.1452388679061727,0.04977284
915,2017-04-30,90808,0.17242986677486805,-0.11652001
916,2017-04-30,90829,0.10970885315259182,-0.07610359
917,2017-04-30,90880,0.1405440344371418,-0.123489715
918,2017-04-30,90979,-0.06840163355176843,0.10573126
919,2017-04-30,90993,0.11156495570782687,-0.10826188
920,2017-04-30,91063,-0.17489852209400392,-0.09851289
921,2017-04-30,91068,-0.27546367887928125,-0.121385165
922,2017-04-30,91103,-0.03603220227650494,-0.10087091
923,2017-04-30,91233,0.10067577082226875,-0.12538944
924,2017-04-30,91392,0.10158282996169965,-0.021564329
925,2017-04-30,91416,0.0582513219901466,-0.066421926
926,2017-04-30,91461,0.0035094350048641143,-0.064446874
927,2017-04-30,91556,-0.14679303350800343,-0.09861986
928,2017-04-30,91926,0.09088102772683615,-0.10129511
929,2017-04-30,92121,-0.02155004022222018,-0.06981556
930,2017-04-30,92157,0.04444227114379373,-0.12878871
931,2017-04-30,92239,0.02842130370106788,-0.072647735
932,2017-04-30,92322,-0.10741413314785209,-0.10392971
933,2017-04-30,92602,0.06206761872428057,-0.123381734
934,2017-04-30,92611,0.09338674670402058,-0.12493159
935,2017-04-30,92614,0.02223210196364578,-0.062618874
936,2017-04-30,92618,0.0008807151153313875,-0.09869303
937,2017-04-30,92655,0.10137438486465533,-0.12534086
938,2017-04-30,92709,0.17509511826098123,-0.058958482
939,2017-04-30,92778,-0.17333859375956728,0.04812166
940,2017-04-30,93002,0.12186074378891854,-0.1290635
941,2017-04-30,93089,0.053739419536695365,-0.050247427
942,2017-04-30,93096,0.037519183198532424,-0.09235343
943,2017-07-31,10104,0.023446967926888718,-0.12836164
944,2017-07-31,10107,0.1502497208723912,-0.015329812
945,2017-07-31,10138,0.13066337759884972,-0.0732961
946,2017-07-31,10145,0.06416693980424792,0.015536704
947,2017-07-31,10516,-0.02368680408776791,-0.07067942
948,2017-07-31,10696,0.007233661539602032,-0.06735767
949,2017-07-31,10909,0.0489352729689263,-0.06901054
950,2017-07-31,11308,0.011103977874145743,-0.078186065
951,2017-07-31,11404,0.047181702282764304,-0.07300062
952,2017-07-31,11552,-0.2543358464723626,0.015293232
953,2017-07-31,11600,-0.014020460202469498,-0.088503785
954,2017-07-31,11618,0.10081334523725749,-0.07459129
955,2017-07-31,11674,0.039392449064154844,-0.063292176
956,2017-07-31,11762,0.03090062298028995,-0.11881367
957,2017-07-31,11850,0.05150641672024947,-0.026319034
958,2017-07-31,11955,0.09951909877115028,-0.061043773
959,2017-07-31,12052,0.037934624490740365,-0.092051394
960,2017-07-31,12060,-0.20491181388792035,0.016190246
961,2017-07-31,12062,-0.0327215994823985,-0.09142747
962,2017-07-31,12073,0.07984818967615648,-0.09722706
963,2017-07-31,12076,0.0771495973300782,-0.06674177
964,2017-07-31,12345,0.16064633988640487,0.024803247
965,2017-07-31,12369,0.20684397295166002,0.024951445
966,2017-07-31,12431,0.013530450635375058,-0.07385042
967,2017-07-31,12490,0.07614807915109423,-0.025738647
968,2017-07-31,12542,-0.1307252859138569,-0.098438926
969,2017-07-31,12558,-0.10743999603649812,-0.07217991
970,2017-07-31,12622,-0.058378227840618635,-0.06750695
971,2017-07-31,12650,0.013461622596020462,-0.075834855
972,2017-07-31,12872,0.07513310354400526,-0.09737651
973,2017-07-31,12981,0.00883407089839161,-0.06880815
974,2017-07-31,13035,0.1762004816756968,0.012026409
975,2017-07-31,13103,0.10250280708383852,-0.09890021
976,2017-07-31,13142,0.3394629719990212,-0.07204817
977,2017-07-31,13168,-0.03895563904846,-0.07122721
978,2017-07-31,13356,0.09669313091321308,-0.05778255
979,2017-07-31,13407,0.06387006756687175,0.006910321
980,2017-07-31,13586,0.12262401199133599,-0.07328269
981,2017-07-31,13688,-0.13990033617247344,-0.07300062
982,2017-07-31,13721,0.2999838621207669,-0.050230984
983,2017-07-31,13788,0.020792387254698896,-0.09936497
984,2017-07-31,13856,-0.048103783965653624,-0.02785718
985,2017-07-31,13901,-0.0010744973747841557,0.014634125
986,2017-07-31,13928,0.1334434998226599,-0.07363696
987,2017-07-31,13936,0.06336965327202537,-0.057434876
988,2017-07-31,13963,-0.0382244231057578,0.02144324
989,2017-07-31,13964,-0.04742010322272694,0.009343059
990,2017-07-31,14008,0.0108599241091758,-0.059135232
991,2017-07-31,14277,-0.059692349760212204,-0.07207991
992,2017-07-31,14297,0.028450818900229713,0.024814239
993,2017-07-31,14541,0.0720874754877805,-0.078079015
994,2017-07-31,14542,0.09257521261374957,0.065711975
995,2017-07-31,14593,0.14116699217717832,-0.020769967
996,2017-07-31,14601,-0.1450776848393125,-0.060519617
997,2017-07-31,14702,0.27639449424628704,-0.09403076
998,2017-07-31,14776,0.08125277376540874,-0.07458042
999,2017-07-31,14889,0.08865202693520313,-0.07862541
1000,2017-07-31,15069,0.1677128268346344,-0.07959295
1001,2017-07-31,15202,-0.008932367317095458,-0.08808991
1002,2017-07-31,15408,-0.10943366612745442,-0.071956165
1003,2017-07-31,15456,-0.3562893686109937,-0.0629442
1004,2017-07-31,15488,0.23928491446761435,-0.087290116
1005,2017-07-31,15579,0.19579762185351135,-0.05718937
1006,2017-07-31,15707,0.02239810533954123,-0.07276287
1007,2017-07-31,15720,0.023248053815129843,-0.070189856
1008,2017-07-31,15797,-0.015880039054885553,-0.06514109
1009,2017-07-31,15980,-0.36333555096847026,-0.0766486
1010,2017-07-31,16087,0.11736208759076727,-0.09885839
1011,2017-07-31,16432,-0.02475260812611002,-0.08951282
1012,2017-07-31,16600,0.014413078410810964,-0.08603699
1013,2017-07-31,16678,-0.15130105031118812,-0.08257781
1014,2017-07-31,17005,-0.1369789909280681,-0.06877635
1015,2017-07-31,17144,-0.05830160744612101,-0.07305263
1016,2017-07-31,17478,0.021509659892603006,-0.09811898
1017,2017-07-31,17750,-0.07906405367676517,-0.06428102
1018,2017-07-31,17830,0.016029132276921043,0.040472873
1019,2017-07-31,18163,-0.04217074186832703,-0.08182128
1020,2017-07-31,18411,0.10227051628737582,-0.06942287
1021,2017-07-31,18542,0.1988295982621362,-0.095918104
1022,2017-07-31,18729,-0.01883914993295277,-0.0660883
1023,2017-07-31,19166,0.21804227489420347,-0.1043132
1024,2017-07-31,19350,0.04088102422992268,-0.09774768
1025,2017-07-31,19393,0.09028045195297807,-0.075615585
1026,2017-07-31,19502,-0.174461066319612,-0.07424112
1027,2017-07-31,19561,0.07045763982566244,-0.03207445
1028,2017-07-31,19583,0.03815918365963378,-0.11497954
1029,2017-07-31,20415,-0.023806546458888356,-0.08020549
1030,2017-07-31,20482,0.10802224671425731,-0.07488022
1031,2017-07-31,21020,-0.06985045909581222,-0.09395594
1032,2017-07-31,21178,0.06114044238288496,-0.063093804
1033,2017-07-31,21186,0.07570434684980665,-0.1200057
1034,2017-07-31,21207,-0.02524697556037825,-0.07236463
1035,2017-07-31,21371,-0.19327675138942557,-0.06795114
1036,2017-07-31,21573,0.05081446918767063,-0.07439547
1037,2017-07-31,21776,0.05793079812637392,-0.06977438
1038,2017-07-31,21792,0.0590552659335386,-0.1259025
1039,2017-07-31,21936,0.06757685189776086,-0.07809697
1040,2017-07-31,22103,0.09001237543274132,-0.06743188
1041,2017-07-31,22111,0.05711084130588717,-0.07682305
1042,2017-07-31,22293,0.0802971051864787,-0.071014486
1043,2017-07-31,22509,0.1092247843139087,-0.06927697
1044,2017-07-31,22517,-0.010206449208384427,-0.067517556
1045,2017-07-31,22592,0.15088940762787462,-0.07388505
1046,2017-07-31,22752,-0.1314730991437988,-0.057320792
1047,2017-07-31,22779,0.0040091327731308635,-0.11741481
1048,2017-07-31,23026,0.04418641103583365,-0.094812684
1049,2017-07-31,23085,-0.32288438247010365,-0.056167852
1050,2017-07-31,23229,0.05352550766484576,-0.082359456
1051,2017-07-31,23393,-0.15008746556296015,-0.09146554
1052,2017-07-31,23473,-0.07255740066569272,0.00017748453
1053,2017-07-31,23536,0.0787932966250231,-0.07300062
1054,2017-07-31,23579,0.07389330594068144,-0.1101343
1055,2017-07-31,23660,0.10522774669744339,-0.1210603
1056,2017-07-31,23712,0.10428100896314274,-0.07067942
1057,2017-07-31,23819,0.011729007355606003,-0.065454066
1058,2017-07-31,23931,0.054387276576292276,-0.07300062
1059,2017-07-31,24010,0.13697286174189882,-0.08895865
1060,2017-07-31,24109,0.06358238283635775,-0.07049105
1061,2017-07-31,24205,0.06844214168807783,-0.061555304
1062,2017-07-31,24328,-0.01774099424113984,-0.077494755
1063,2017-07-31,24643,0.015753268158639644,-0.07802791
1064,2017-07-31,24766,0.12731402391408952,-0.12222003
1065,2017-07-31,24942,0.053547948946437884,0.019859917
1066,2017-07-31,24985,0.11316704555431345,-0.08924561
1067,2017-07-31,25081,0.0913529582567425,-0.097874135
1068,2017-07-31,25232,-0.027385658737959062,-0.09658839
1069,2017-07-31,25320,-0.09652387462865375,-0.08714616
1070,2017-07-31,25419,-0.07240068277822498,-0.087546885
1071,2017-07-31,25582,0.22275640914847616,-0.116633594
1072,2017-07-31,25778,0.05135093433208082,-0.090686865
1073,2017-07-31,25785,0.10713738336640621,-0.07064841
1074,2017-07-31,25953,0.14315574111114837,0.011280737
1075,2017-07-31,26403,-0.11025077951161544,-0.06888744
1076,2017-07-31,26710,0.018412578933113988,0.0067716874
1077,2017-07-31,26825,-0.07292410109067138,-0.06680521
1078,2017-07-31,27043,0.07279714171102736,-0.08728987
1079,2017-07-31,27828,0.13596064117410878,-0.09829223
1080,2017-07-31,27887,0.06874730198438606,-0.09341713
1081,2017-07-31,27959,0.04817317330045756,-0.07223364
1082,2017-07-31,27983,-0.004439512722691719,-0.058158737
1083,2017-07-31,27991,0.019313604281188113,-0.069898255
1084,2017-07-31,28222,0.12851395346091743,-0.06675057
1085,2017-07-31,28388,-0.04943086085453241,-0.091507114
1086,2017-07-31,28484,-0.0026573205534453637,-0.09324651
1087,2017-07-31,28804,-0.22231111906001844,-0.082120635
1088,2017-07-31,29946,0.15814993146558542,-0.015277181
1089,2017-07-31,30681,-0.14036123675487,-0.07031762
1090,2017-07-31,30940,0.07630686846608836,-0.0676439
1091,2017-07-31,32707,0.0900524244687344,-0.06529617
1092,2017-07-31,32870,-0.08304455682354439,-0.078182206
1093,2017-07-31,34032,0.047132714847653245,-0.081504315
1094,2017-07-31,34746,0.08867540831012488,-0.09890021
1095,2017-07-31,34817,0.00959659084615816,-0.068075314
1096,2017-07-31,34833,0.055951120075264926,-0.07500647
1097,2017-07-31,35044,0.067519878615379,-0.09268397
1098,2017-07-31,35554,0.027320226409331738,-0.0971158
1099,2017-07-31,36468,0.17460126140991328,0.05626747
1100,2017-07-31,37284,0.0737856706922344,-0.1085446
1101,2017-07-31,37584,-0.05495535886044178,-0.09405663
1102,2017-07-31,38093,0.08448834068617006,-0.1023982
1103,2017-07-31,38156,-0.09418651701191827,-0.097500324
1104,2017-07-31,38703,0.0483592206009722,-0.079934984
1105,2017-07-31,38762,0.018643071429132352,-0.04833427
1106,2017-07-31,39490,-0.1588711254243882,-0.06799938
1107,2017-07-31,39538,-0.28826195609418914,-0.08045231
1108,2017-07-31,39642,0.03988605729632089,-0.06076526
1109,2017-07-31,39917,0.09769686539170075,-0.06901054
1110,2017-07-31,40125,0.1701206292391313,-0.09828155
1111,2017-07-31,40272,0.1122169216984048,-0.07330534
1112,2017-07-31,40539,-0.002917886946907089,-0.06710185
1113,2017-07-31,41080,0.06085394500023944,-0.12598066
1114,2017-07-31,41355,0.10483220212167721,-0.09828155
1115,2017-07-31,42200,0.10075725143139413,-0.034929577
1116,2017-07-31,42585,-0.12446777340297899,-0.09203862
1117,2017-07-31,42877,0.1758850710358726,-0.06186044
1118,2017-07-31,42906,0.04803857829706737,-0.09523032
1119,2017-07-31,43350,0.15344650657968595,0.033439606
1120,2017-07-31,43449,0.08220634978187191,-0.0951948
1121,2017-07-31,43553,0.12743485622422135,-0.072988726
1122,2017-07-31,44206,0.03837014162698971,-0.070189856
1123,2017-07-31,44601,0.1478838957037858,0.015303511
1124,2017-07-31,44644,-0.017172768528009197,0.056288276
1125,2017-07-31,45356,0.06930276766957832,-0.076689795
1126,2017-07-31,45751,0.04264643292577541,-0.09604762
1127,2017-07-31,45911,0.0891129881302064,-0.09829223
1128,2017-07-31,46578,-0.045875815587537505,-0.07191052
1129,2017-07-31,46674,0.04716212339050796,-0.08314409
1130,2017-07-31,46703,0.0595663580430994,-0.09438368
1131,2017-07-31,46877,0.020177899880344574,-0.11988186
1132,2017-07-31,46886,0.18321657981492967,-0.111947626
1133,2017-07-31,47896,0.10229208224603825,-0.013892848
1134,2017-07-31,48486,0.3114041947903401,-0.09410243
1135,2017-07-31,48506,0.08504452858905531,0.018614404
1136,2017-07-31,48653,0.10627781229689792,-0.08817369
1137,2017-07-31,48725,0.13109457555932047,-0.061948493
1138,2017-07-31,49015,0.04124128525262538,-0.11997289
1139,2017-07-31,49154,0.053397243947277406,-0.076718785
1140,2017-07-31,49373,-0.1815218488632656,-0.097364925
1141,2017-07-31,49656,-0.02528834298496907,-0.09890021
1142,2017-07-31,49680,0.13415102043350546,-0.06262422
1143,2017-07-31,50017,-0.1412004197229748,-0.08000123
1144,2017-07-31,50876,-0.0023595596938614793,-0.06805896
1145,2017-07-31,52038,0.0634419573404581,-0.07147693
1146,2017-07-31,52090,0.049385201960525205,-0.074775316
1147,2017-07-31,52230,0.15037147982408072,-0.090478495
1148,2017-07-31,52329,0.11007771646859377,0.03592292
1149,2017-07-31,52476,-0.25171751622362115,-0.07225988
1150,2017-07-31,52695,0.194959889159801,-0.079950616
1151,2017-07-31,52708,0.06235308822624086,0.042823635
1152,2017-07-31,52978,-0.1201359503983841,-0.09377842
1153,2017-07-31,53065,-0.1011088073156432,-0.06431311
1154,2017-07-31,53613,0.5757472658325788,0.049746264
1155,2017-07-31,54148,0.2421483557250923,0.03045305
1156,2017-07-31,55976,0.09832948669107777,-0.086876735
1157,2017-07-31,56274,0.003984680344962355,-0.089160785
1158,2017-07-31,56573,0.11825296353703374,-0.07351436
1159,2017-07-31,57568,0.027174090048739385,-0.11846941
1160,2017-07-31,57665,-0.06558302512357006,-0.071763575
1161,2017-07-31,57817,-0.17675957984338653,-0.04533691
1162,2017-07-31,57904,0.057587497470570126,-0.07610478
1163,2017-07-31,58246,0.07376211935759813,-0.084616706
1164,2017-07-31,58413,-0.08396911037451127,-0.074138425
1165,2017-07-31,58683,-0.027456239442423924,-0.080257975
1166,2017-07-31,58819,0.07514384490876203,0.028924523
1167,2017-07-31,59010,0.09930583023088912,-0.054660488
1168,2017-07-31,59176,0.12503472154328743,-0.09635792
1169,2017-07-31,59248,-0.08697504549505519,-0.07430348
1170,2017-07-31,59300,0.0003891066601060533,-0.0825725
1171,2017-07-31,59328,0.29207344119688416,-0.018166717
1172,2017-07-31,59408,0.14128363817515455,0.014919786
1173,2017-07-31,59459,0.04050443358851519,-0.06252519
1174,2017-07-31,60097,-0.03540907667639581,-0.065909676
1175,2017-07-31,60206,0.02801445985917561,-0.050769534
1176,2017-07-31,60442,0.06793347779529357,-0.098100506
1177,2017-07-31,60506,0.051935665320081315,0.041551307
1178,2017-07-31,60599,-0.16157920621281263,-0.077917606
1179,2017-07-31,60628,0.08804511119268943,-0.07099931
1180,2017-07-31,60871,0.1619640665917117,-0.096348815
1181,2017-07-31,60943,-0.011337638346377021,-0.06776122
1182,2017-07-31,60986,-0.22274072641079512,-0.069799684
1183,2017-07-31,61241,-0.19287073244693276,0.031801626
1184,2017-07-31,61399,0.03816600899638534,-0.06835589
1185,2017-07-31,61621,0.11132298163526455,-0.074470595
1186,2017-07-31,61735,0.04067267995529389,-0.10217574
1187,2017-07-31,61815,-0.0322499883045424,-0.09636231
1188,2017-07-31,62092,0.1051176059980845,-0.067687616
1189,2017-07-31,62148,0.02619315256528898,0.01109454
1190,2017-07-31,62308,0.06731949833570972,-0.08568821
1191,2017-07-31,64186,0.13631607401851853,-0.12349432
1192,2017-07-31,64282,-0.057391586695472396,-0.09889809
1193,2017-07-31,64311,0.1736282187485403,-0.07430474
1194,2017-07-31,64390,0.03225325761045972,-0.09967107
1195,2017-07-31,64653,0.017887318481911496,-0.06572262
1196,2017-07-31,64936,0.061377295134559695,-0.07049105
1197,2017-07-31,64995,0.017103619449718277,-0.07239515
1198,2017-07-31,65875,0.0010051360700631395,-0.0066334596
1199,2017-07-31,65947,-0.07656246920845133,-0.0635843
1200,2017-07-31,66093,-0.12622591898479163,0.006954406
1201,2017-07-31,66157,0.036095726470044776,-0.09758556
1202,2017-07-31,66181,0.11473761526909287,-0.01507879
1203,2017-07-31,66384,0.05479972804058586,0.022428099
1204,2017-07-31,66800,-0.00755213545309108,0.020910054
1205,2017-07-31,67598,-0.17351504056200306,-0.09042862
1206,2017-07-31,68144,0.05859607243892895,-0.095771976
1207,2017-07-31,69032,0.0713806429010615,-0.095918104
1208,2017-07-31,69550,-0.0841263803637261,-0.076257385
1209,2017-07-31,69796,0.13614801729875414,-0.09341713
1210,2017-07-31,70033,-0.019863900296941628,-0.06698291
1211,2017-07-31,70332,0.0823124525463459,-0.06978766
1212,2017-07-31,70519,0.07881892595114293,0.0038485297
1213,2017-07-31,70578,-0.004856938511050624,-0.054862045
1214,2017-07-31,71175,0.0426505710612477,-0.10755552
1215,2017-07-31,71563,0.047771908087199,-0.09890021
1216,2017-07-31,72726,-0.008855273432668676,-0.09890021
1217,2017-07-31,73139,0.0560129434056964,-0.097163305
1218,2017-07-31,75034,-0.14387326832238645,0.039769888
1219,2017-07-31,75100,-0.014364017945772134,-0.10233836
1220,2017-07-31,75154,3.273779066037541e-05,-0.09890021
1221,2017-07-31,75186,0.04721212324530444,-0.093407474
1222,2017-07-31,75241,-0.08209417305272282,-0.07370361
1223,2017-07-31,75510,0.1957148349880522,-0.09774768
1224,2017-07-31,75607,0.05153132270332472,-0.09829223
1225,2017-07-31,75819,-0.05789164621304754,-0.0659055
1226,2017-07-31,75825,0.051524239303265995,-0.06281942
1227,2017-07-31,75828,0.02449761170039033,-0.08812321
1228,2017-07-31,76076,0.0952638356778972,-0.020222649
1229,2017-07-31,76082,0.11606220781085486,-0.07941894
1230,2017-07-31,76095,-0.14385922215564173,0.031553272
1231,2017-07-31,76201,0.17132756286241868,-0.091495626
1232,2017-07-31,76226,-0.14496273145948624,-0.09885839
1233,2017-07-31,76605,0.09203355978388905,-0.094070725
1234,2017-07-31,76614,-0.18103137022211224,0.024637805
1235,2017-07-31,76639,0.13755308524840815,0.016411731
1236,2017-07-31,76712,-0.028158303556055864,-0.057558127
1237,2017-07-31,76744,-0.036818595100234996,-0.06999372
1238,2017-07-31,76841,0.07621246712350138,-0.07211327
1239,2017-07-31,77129,-0.08738527430733323,-0.0673653
1240,2017-07-31,77178,-0.03043372744618844,-0.066597074
1241,2017-07-31,77182,0.08325609780444188,-0.076078184
1242,2017-07-31,77274,-0.008623719699010324,-0.07205441
1243,2017-07-31,77338,0.11214605490451524,-0.119580664
1244,2017-07-31,77418,-0.03658428662415436,-0.09858467
1245,2017-07-31,77462,-0.1965495828492112,-0.072130136
1246,2017-07-31,77496,0.051288116843323905,0.020308886
1247,2017-07-31,77605,0.05709724155426099,0.049895607
1248,2017-07-31,77606,0.023767107061703818,-0.06359726
1249,2017-07-31,77661,0.24212393040209212,-0.08935805
1250,2017-07-31,77668,-0.021551049181371407,-0.06448401
1251,2017-07-31,77702,0.020588113470469516,-0.06377789
1252,2017-07-31,77730,0.15486507318554543,-0.07468335
1253,2017-07-31,77768,0.12930359061956054,0.047019534
1254,2017-07-31,78034,-0.10694415714880323,-0.06413594
1255,2017-07-31,78877,-0.21370967582168743,-0.057757296
1256,2017-07-31,78916,-0.2954731107885068,-0.07424112
1257,2017-07-31,78975,0.10362208928454719,-0.12598066
1258,2017-07-31,78987,0.18965833865744264,-0.0980914
1259,2017-07-31,79057,0.034912017225802616,0.016420346
1260,2017-07-31,79103,0.03254849707328389,-0.07197681
1261,2017-07-31,79129,-0.13049642228192615,-0.06749749
1262,2017-07-31,79145,0.10028569014157962,-0.09885839
1263,2017-07-31,79265,0.2595685938095045,-0.059969842
1264,2017-07-31,79323,0.03563142885822379,-0.1292562
1265,2017-07-31,79545,0.13147068221186475,-0.10475773
1266,2017-07-31,79547,-0.0041968254891107115,-0.07505354
1267,2017-07-31,79637,-0.07248409994986216,-0.07939599
1268,2017-07-31,79678,0.060052455173238206,-0.09304979
1269,2017-07-31,79915,0.07170410532069593,-0.07125546
1270,2017-07-31,80080,0.09854186845940682,-0.098921925
1271,2017-07-31,80100,-0.00879615094903341,-0.069828026
1272,2017-07-31,80191,0.21976056820156864,-0.10328167
1273,2017-07-31,80204,-0.0403199353599103,-0.08778707
1274,2017-07-31,80286,0.07905060658580876,-0.06945141
1275,2017-07-31,80381,-0.04979633247581683,-0.07224278
1276,2017-07-31,80399,-0.036299496752253746,-0.0684923
1277,2017-07-31,80681,0.00972637912060792,-0.06582958
1278,2017-07-31,80711,-0.026816365516395102,-0.05931124
1279,2017-07-31,81045,-0.048670902235549485,-0.093886025
1280,2017-07-31,81055,0.07468178415960725,-0.09458824
1281,2017-07-31,81061,-0.14623397570700358,-0.06713873
1282,2017-07-31,81481,0.2659510048244853,-0.0860683
1283,2017-07-31,81540,-0.17606996369360095,-0.05986108
1284,2017-07-31,81655,-0.011550970427530727,-0.08496
1285,2017-07-31,81774,-0.043778128070809386,-0.064778246
1286,2017-07-31,82307,-0.06236480722243376,-0.07354516
1287,2017-07-31,82581,-0.13725961314288126,-0.08895865
1288,2017-07-31,82598,0.02762040169611235,-0.104279995
1289,2017-07-31,82642,0.1331467346864934,-0.078286834
1290,2017-07-31,82651,0.13036347825250405,0.0119976085
1291,2017-07-31,82686,0.04596009099180054,-0.06727122
1292,2017-07-31,82775,0.005144004985568884,-0.10217574
1293,2017-07-31,83111,-0.12873165973256195,-0.07518126
1294,2017-07-31,83143,0.1134193325254047,0.035041314
1295,2017-07-31,83443,0.06840831554137661,-0.023471063
1296,2017-07-31,83862,0.06317093324692902,-0.104850024
1297,2017-07-31,83906,-0.0808260664463466,-0.04794752
1298,2017-07-31,84032,0.04678371395590486,-0.07535827
1299,2017-07-31,84129,0.02788037277674471,-0.103306614
1300,2017-07-31,84373,-0.1299861235754246,-0.113302104
1301,2017-07-31,84381,0.22257349222605605,-0.09828155
1302,2017-07-31,84769,0.1380843473235691,-0.09828155
1303,2017-07-31,84788,0.1189533879497986,-0.0012927533
1304,2017-07-31,85035,0.10575146620681108,-0.05386531
1305,2017-07-31,85058,0.008358499741047964,-0.068417065
1306,2017-07-31,85072,0.188804901484402,-0.060188506
1307,2017-07-31,85257,0.097483551525404,-0.14411387
1308,2017-07-31,85265,-0.06641119104364857,-0.074112296
1309,2017-07-31,85269,0.15560612640732963,-0.098687
1310,2017-07-31,85348,-0.01364532755895187,-0.1292562
1311,2017-07-31,85459,0.20448283223898756,-0.05741382
1312,2017-07-31,85592,0.06916687820182643,-0.06909151
1313,2017-07-31,85593,0.004707155386289852,-0.07045461
1314,2017-07-31,85631,0.1279022010034847,-0.077378966
1315,2017-07-31,85663,0.18930610344975762,-0.101287924
1316,2017-07-31,85753,0.06277052185589405,-0.07474896
1317,2017-07-31,85792,0.1185872866171429,-0.09746621
1318,2017-07-31,85913,0.15046399136680577,-0.12598066
1319,2017-07-31,85914,-0.034763077585413305,0.032014918
1320,2017-07-31,85926,0.020222482210128456,-0.044226088
1321,2017-07-31,85991,-0.05589582950261829,0.03207986
1322,2017-07-31,86021,0.07420646862828839,-0.08201912
1323,2017-07-31,86111,0.058954956640489,0.019418921
1324,2017-07-31,86136,0.0471133232260037,-0.07125804
1325,2017-07-31,86158,0.09394026212286355,0.017458541
1326,2017-07-31,86228,0.018530662787938912,-0.1191014
1327,2017-07-31,86314,-0.0834018311612692,-0.101248264
1328,2017-07-31,86339,0.07427468609652732,-0.06977195
1329,2017-07-31,86356,0.05345460948947833,-0.06319619
1330,2017-07-31,86580,0.2736945440490781,0.068577126
1331,2017-07-31,86783,-0.05745377765731163,-0.076281905
1332,2017-07-31,86868,0.07977884103374877,-0.081182785
1333,2017-07-31,86964,0.004304182389555322,-0.0571658
1334,2017-07-31,86979,-0.10841242431906362,-0.093926646
1335,2017-07-31,87055,0.019393525134472567,-0.059465256
1336,2017-07-31,87137,0.10973378641263953,-0.07140741
1337,2017-07-31,87184,0.2221088460253544,-0.10217574
1338,2017-07-31,87267,0.11044924494343378,0.011476672
1339,2017-07-31,87299,0.10840266997808246,-0.05774286
1340,2017-07-31,87432,0.1401327992843504,-0.100433156
1341,2017-07-31,87447,0.07361978267191782,-0.06918394
1342,2017-07-31,87657,-0.11243301260324179,-0.066503145
1343,2017-07-31,87717,-0.00849051246386101,0.016427893
1344,2017-07-31,87842,0.0949384913907867,-0.09470379
1345,2017-07-31,88031,0.09819626112073299,-0.07470812
1346,2017-07-31,88352,0.2001772322105806,-0.09357679
1347,2017-07-31,88446,0.18027120449644607,-0.06767851
1348,2017-07-31,88661,-0.12409913758317559,-0.073676586
1349,2017-07-31,88668,0.041300530738419994,-0.05409506
1350,2017-07-31,88837,0.13886303467400518,-0.05630784
1351,2017-07-31,88845,0.10540118222203354,-0.12439243
1352,2017-07-31,88853,-0.002428025410096124,-0.062074136
1353,2017-07-31,88873,0.10162974975620509,-0.12007042
1354,2017-07-31,89002,-0.07114440324400495,-0.08034427
1355,2017-07-31,89003,0.02008662384833415,-0.07676314
1356,2017-07-31,89006,-0.053722265561143456,-0.07281958
1357,2017-07-31,89014,0.27621972625873314,-0.09402807
1358,2017-07-31,89017,0.08563099465735058,-0.10217574
1359,2017-07-31,89070,0.004600779439124514,-0.07054424
1360,2017-07-31,89071,0.1158010168924195,-0.06509801
1361,2017-07-31,89179,0.12759670103280873,-0.092051394
1362,2017-07-31,89195,-0.006065741635912891,-0.09828155
1363,2017-07-31,89216,-0.1742768502505342,-0.05240683
1364,2017-07-31,89217,-0.26977705149467357,-0.06658175
1365,2017-07-31,89258,-0.017284971237872315,-0.122108676
1366,2017-07-31,89269,0.1794260552617799,-0.07301455
1367,2017-07-31,89393,0.08130723512413618,0.05161853
1368,2017-07-31,89508,0.13358306030645717,-0.077893235
1369,2017-07-31,89509,0.18260669068097757,-0.060044378
1370,2017-07-31,89525,-0.10560902443429498,-0.019787688
1371,2017-07-31,89533,0.14470891832988597,-0.086558625
1372,2017-07-31,89617,0.03290071830246499,0.020314679
1373,2017-07-31,89626,0.1245269208141897,-0.07188539
1374,2017-07-31,89641,0.14361647070480688,-0.08460991
1375,2017-07-31,89866,0.09056374287695923,-0.081888795
1376,2017-07-31,90038,-0.03872785483535501,-0.058641963
1377,2017-07-31,90071,0.01665126470029432,-0.079512365
1378,2017-07-31,90199,0.03500986366136227,-0.10176152
1379,2017-07-31,90215,0.12709463125786047,-0.07049838
1380,2017-07-31,90305,0.03650369035284706,-0.071368225
1381,2017-07-31,90319,0.09259274984656263,0.06651271
1382,2017-07-31,90373,0.034776582843168535,-0.061023585
1383,2017-07-31,90386,-0.06752991759633187,-0.05458522
1384,2017-07-31,90441,-0.09513008047990135,-0.07104832
1385,2017-07-31,90442,-0.10666014639710653,-0.07505354
1386,2017-07-31,90601,-0.018156740226732082,-0.080995664
1387,2017-07-31,90805,-0.23252017398124036,-0.061654232
1388,2017-07-31,90808,-0.20167615559533725,-0.09811898
1389,2017-07-31,90829,0.3067655507211873,0.015652068
1390,2017-07-31,90880,0.0866143415993792,-0.09564354
1391,2017-07-31,90979,-0.3746245237138437,-0.08121584
1392,2017-07-31,90993,-0.006151568928307705,-0.09715762
1393,2017-07-31,91063,-0.30682650857671767,-0.08094361
1394,2017-07-31,91068,-0.20906138178873213,0.008602274
1395,2017-07-31,91103,-0.13593267921024987,-0.064375065
1396,2017-07-31,91152,0.06657173130227445,-0.09514872
1397,2017-07-31,91233,0.1658703217503219,-0.096504785
1398,2017-07-31,91392,0.02983434869124313,-0.13369267
1399,2017-07-31,91416,-0.01216980710830895,-0.05283669
1400,2017-07-31,91461,0.014863917443936225,-0.049544144
1401,2017-07-31,91556,0.1507892767178709,-0.07070077
1402,2017-07-31,91926,0.020036032486739908,-0.08255332
1403,2017-07-31,92121,0.09815614167155085,-0.05946823
1404,2017-07-31,92157,0.13737721815343762,-0.09885839
1405,2017-07-31,92239,0.030322204418935073,-0.0729469
1406,2017-07-31,92322,-0.1967280497279602,-0.09888423
1407,2017-07-31,92602,-0.09487010615310854,-0.12836164
1408,2017-07-31,92611,0.10642332249723196,-0.11457833
1409,2017-07-31,92614,0.08763946181021232,-0.091798246
1410,2017-07-31,92618,-0.05439220771916198,-0.0858779
1411,2017-07-31,92655,0.10012728157994366,-0.13228856
1412,2017-07-31,92709,-0.0439239601415079,-0.05065742
1413,2017-07-31,92778,-0.23000724038013964,-0.06822685
1414,2017-07-31,93002,0.07430259065264266,-0.095918104
1415,2017-07-31,93089,-0.0253305377909141,-0.091798246
1416,2017-07-31,93096,0.07905258547043958,-0.07626519
1417,2017-10-31,10104,0.017478145127914235,-0.097665824
1418,2017-10-31,10107,0.14800285556106396,0.04001023
1419,2017-10-31,10138,0.20834079182018206,-0.11722725
1420,2017-10-31,10145,0.1132052471905971,-0.111987755
1421,2017-10-31,10516,0.059524060958149105,-0.10931617
1422,2017-10-31,10696,0.08815462952977282,-0.123093985
1423,2017-10-31,10909,0.02384623316665957,-0.051256157
1424,2017-10-31,11308,0.04338597010210954,-0.09409346
1425,2017-10-31,11404,-0.05888250990624033,-0.11164312
1426,2017-10-31,11552,0.001883818012200944,0.024822574
1427,2017-10-31,11600,-0.0029443606944576928,-0.05020346
1428,2017-10-31,11618,0.17786863453695245,-0.1133559
1429,2017-10-31,11674,-0.036181499118717375,-0.11576496
1430,2017-10-31,11762,0.05729262790823486,-0.107230835
1431,2017-10-31,11850,0.05711556547746133,-0.09177871
1432,2017-10-31,11955,0.08174427982934684,-0.11450714
1433,2017-10-31,12052,0.10050376339789957,-0.109571144
1434,2017-10-31,12060,-0.1923964380742299,0.11019013
1435,2017-10-31,12062,0.13525208018307655,-0.11576496
1436,2017-10-31,12073,0.06336937644881302,0.0582224
1437,2017-10-31,12076,-0.19323109195490495,0.10924221
1438,2017-10-31,12308,0.12891403553558356,-0.0333002
1439,2017-10-31,12345,0.16757329824809508,-0.03906651
1440,2017-10-31,12369,-0.00433985630456335,-0.0111057535
1441,2017-10-31,12431,0.07362731514952925,-0.118250474
1442,2017-10-31,12490,0.07318129354875946,-0.009607373
1443,2017-10-31,12542,0.018744320724816133,-0.038730457
1444,2017-10-31,12558,-0.0003718549905527002,-0.09616919
1445,2017-10-31,12622,0.33721140419559337,-0.0932873
1446,2017-10-31,12650,0.08919279819248027,-0.0793555
1447,2017-10-31,12872,0.16706569294790885,-0.09519725
1448,2017-10-31,12981,0.07669902295242492,-0.08206139
1449,2017-10-31,13035,0.08908137874835731,-0.115960546
1450,2017-10-31,13103,0.160723317367937,-0.120964356
1451,2017-10-31,13142,0.3521852889499746,-0.048705492
1452,2017-10-31,13168,-0.0754686074021318,-0.014015686
1453,2017-10-31,13356,0.1328005429291359,-0.1109113
1454,2017-10-31,13407,0.0379283208249479,0.06081225
1455,2017-10-31,13586,0.01960449065661196,-0.11788611
1456,2017-10-31,13688,-0.26553393784254375,0.04568544
1457,2017-10-31,13721,0.252327250972058,-0.065070376
1458,2017-10-31,13788,0.2060948973911556,-0.11933216
1459,2017-10-31,13856,0.09889604064749191,-0.09665069
1460,2017-10-31,13901,0.10525653022002834,-0.100921385
1461,2017-10-31,13928,0.14975360018546358,-0.10266023
1462,2017-10-31,13936,0.2232678928136489,-0.05899382
1463,2017-10-31,13963,0.25256367307160565,0.03891103
1464,2017-10-31,13964,0.2553952766983385,0.05682322
1465,2017-10-31,13983,0.282687651675503,-0.103883564
1466,2017-10-31,14008,0.06895529078022444,-0.107351825
1467,2017-10-31,14277,0.15875083427493863,-0.10280322
1468,2017-10-31,14297,0.03462505523279491,-0.021964677
1469,2017-10-31,14541,0.09182503335517067,-0.09332216
1470,2017-10-31,14542,0.15079097835569955,0.053164884
1471,2017-10-31,14593,-0.0059544011624450555,0.06284742
1472,2017-10-31,14601,0.1581711972159372,0.08885609
1473,2017-10-31,14702,-0.04797315513668743,-0.06414718
1474,2017-10-31,14776,0.22194068575579595,-0.09608832
1475,2017-10-31,14889,0.21336893105529287,-0.0979401
1476,2017-10-31,15069,0.28349531910697223,-0.11082394
1477,2017-10-31,15202,0.1143796842396847,-0.11433971
1478,2017-10-31,15408,0.021659945767132482,-0.10042104
1479,2017-10-31,15456,0.6443999107553022,0.006797152
1480,2017-10-31,15488,0.17586062945018455,-0.0751456
1481,2017-10-31,15579,0.14064305156342827,-0.088259205
1482,2017-10-31,15707,0.18425298094112796,-0.114504464
1483,2017-10-31,15720,-0.21048792412986295,-0.11460315
1484,2017-10-31,15797,0.04373899119334945,0.04353802
1485,2017-10-31,15980,0.11448602240946437,0.03596604
1486,2017-10-31,16087,0.05305675056970305,-0.119788386
1487,2017-10-31,16432,0.14285429166326846,-0.059576694
1488,2017-10-31,16600,0.04536801918033051,-0.11468329
1489,2017-10-31,16678,0.4749921637908725,-0.082109086
1490,2017-10-31,17005,0.15539153679553674,-0.008466804
1491,2017-10-31,17144,0.13584858459342208,-0.09217254
1492,2017-10-31,17478,0.16029829716167554,-0.109571144
1493,2017-10-31,17750,0.04832952375670496,-0.10204006
1494,2017-10-31,17830,0.159232269419459,-0.10465873
1495,2017-10-31,18163,0.007646449748752282,-0.093490824
1496,2017-10-31,18411,-0.12599128500476064,-0.09581511
1497,2017-10-31,18542,0.20416309556749757,-0.0891682
1498,2017-10-31,18729,0.059246266062042086,-0.1038411
1499,2017-10-31,19166,-0.014767047319371285,-0.10667461
1500,2017-10-31,19350,0.25716887454526627,-0.1074412
1501,2017-10-31,19393,0.021821615354891133,-0.109120175
1502,2017-10-31,19502,0.14205679086919654,-0.040326953
1503,2017-10-31,19561,0.3810576448020533,-0.10500767
1504,2017-10-31,19583,0.01797722351771225,-0.12049397
1505,2017-10-31,20415,0.07406178832819665,0.02432995
1506,2017-10-31,20482,0.15167512727418453,-0.108682156
1507,2017-10-31,21020,0.16272261981631897,-0.023983732
1508,2017-10-31,21178,0.15872591415733361,-0.109387726
1509,2017-10-31,21186,0.09433005022003105,-0.11297489
1510,2017-10-31,21207,0.1226377501527871,-0.11154075
1511,2017-10-31,21371,0.16852836783834246,-0.08605133
1512,2017-10-31,21573,0.10720133640336815,-0.12049397
1513,2017-10-31,21776,-0.03487912198529031,-0.10077899
1514,2017-10-31,21792,-0.03864737951842001,-0.12049397
1515,2017-10-31,21936,0.06607915511962226,-0.09409346
1516,2017-10-31,22103,0.12974554145281636,-0.10886556
1517,2017-10-31,22111,-0.002720448139309384,-0.07784879
1518,2017-10-31,22293,0.002061074071295632,-0.10081733
1519,2017-10-31,22509,0.02541316811664629,-0.10488466
1520,2017-10-31,22517,-0.14192129244694207,-0.11308346
1521,2017-10-31,22592,0.09375296532053623,-0.09178394
1522,2017-10-31,22752,0.08473235581128069,-0.03144191
1523,2017-10-31,22779,0.1047177378769788,-0.112139836
1524,2017-10-31,23026,0.009452793134677284,-0.10124926
1525,2017-10-31,23085,-0.044333827946154813,-0.0841868
1526,2017-10-31,23229,-0.068446425487524,-0.11576496
1527,2017-10-31,23393,0.08596077926009671,-0.10092131
1528,2017-10-31,23473,0.11074589031208659,-0.0046496047
1529,2017-10-31,23536,-0.03859601850170524,-0.10631404
1530,2017-10-31,23579,0.11284626054452529,-0.11897427
1531,2017-10-31,23660,0.14282897326611654,-0.119788386
1532,2017-10-31,23712,0.0629871467915919,-0.11027245
1533,2017-10-31,23819,0.26164421010238126,-0.10080417
1534,2017-10-31,23931,-0.07140848897609853,-0.11460315
1535,2017-10-31,24010,-0.0783413061069711,-0.08852666
1536,2017-10-31,24109,-0.06806817393071529,-0.11220564
1537,2017-10-31,24205,0.028069594273689935,-0.101835065
1538,2017-10-31,24328,-0.13152148872789615,0.00047185065
1539,2017-10-31,24643,0.19950130024537605,0.020228537
1540,2017-10-31,24766,0.15611539327042312,-0.10886556
1541,2017-10-31,24942,0.1644554962053597,-0.10913311
1542,2017-10-31,24985,-0.07965757112807059,-0.10560847
1543,2017-10-31,25081,0.21625616523144275,-0.12037206
1544,2017-10-31,25232,0.11400571785426061,-0.11254178
1545,2017-10-31,25320,-0.010033364369452458,-0.11048617
1546,2017-10-31,25419,0.11416298363028621,0.025659738
1547,2017-10-31,25582,0.1486271497431777,-0.112390995
1548,2017-10-31,25778,0.11583046516143991,-0.11468329
1549,2017-10-31,25785,-0.08343737897239678,-0.103390135
1550,2017-10-31,25953,0.11771840505727416,-0.10305456
1551,2017-10-31,26403,0.1199864246609359,-0.096939996
1552,2017-10-31,26710,0.04452719592564258,-0.061347615
1553,2017-10-31,26825,0.09812606649605171,-0.08918388
1554,2017-10-31,27043,0.22372837029675408,-0.060917012
1555,2017-10-31,27828,0.0893195409612042,-0.09894757
1556,2017-10-31,27887,0.11998870463188038,-0.1195037
1557,2017-10-31,27959,-0.10222376086334728,-0.10352699
1558,2017-10-31,27983,0.1355893900420091,-0.07278289
1559,2017-10-31,27991,-0.08054607134902625,-0.06519828
1560,2017-10-31,28222,0.06218962976602893,-0.11123617
1561,2017-10-31,28388,-0.026137074106959868,-0.11368226
1562,2017-10-31,28484,0.15038461447071283,-0.021856427
1563,2017-10-31,28804,-2.752108766079786e-05,0.0084517915
1564,2017-10-31,29946,0.21901060940787964,-0.046863306
1565,2017-10-31,30681,0.1501114532308776,-0.08168807
1566,2017-10-31,30940,0.03286116209281942,-0.035885338
1567,2017-10-31,32707,0.34223873775096725,-0.039199665
1568,2017-10-31,32870,0.10774842350944036,-0.10896647
1569,2017-10-31,34032,0.12411969928897593,-0.12093199
1570,2017-10-31,34746,0.15130746503323134,-0.11764687
1571,2017-10-31,34817,0.16471757864629888,-0.11406147
1572,2017-10-31,34833,0.17404609835792373,-0.09928651
1573,2017-10-31,35044,0.24883433993358084,-0.09864569
1574,2017-10-31,35554,0.1490524557999806,-0.12049397
1575,2017-10-31,36468,0.057888651176707384,-0.091213636
1576,2017-10-31,37284,0.023786769260592866,-0.11859168
1577,2017-10-31,37584,0.011918654650554972,-0.11897427
1578,2017-10-31,38093,0.08518522019519104,-0.049828906
1579,2017-10-31,38156,0.11300562813637183,-0.11255201
1580,2017-10-31,38703,0.17980361487962515,-0.08568609
1581,2017-10-31,38762,-0.06408550850538064,-0.038181756
1582,2017-10-31,39490,0.09049453840763566,-0.06018989
1583,2017-10-31,39538,0.12181291765894398,0.03362885
1584,2017-10-31,39642,0.16823937524611865,-0.099442996
1585,2017-10-31,39917,0.05484433835391456,-0.11249034
1586,2017-10-31,40125,0.08984602874569125,-0.11479873
1587,2017-10-31,40272,0.02411222442399441,-0.0472749
1588,2017-10-31,40539,0.15600555134558114,-0.09947501
1589,2017-10-31,41080,0.06973289112209868,-0.11933216
1590,2017-10-31,41355,0.10699779562003786,-0.11929167
1591,2017-10-31,42200,0.10938649806084322,0.060122896
1592,2017-10-31,42585,0.20561125076566444,-0.11048617
1593,2017-10-31,42877,0.13816132357359145,-0.093902
1594,2017-10-31,42906,0.18130944451596176,-0.11941229
1595,2017-10-31,43350,0.03279118478645193,-0.110482596
1596,2017-10-31,43449,0.03136880683984167,-0.104819894
1597,2017-10-31,43553,0.1724188581582342,-0.09809808
1598,2017-10-31,44206,0.014591498417032112,-0.11576496
1599,2017-10-31,44601,0.16010184926958804,-0.0626477
1600,2017-10-31,44644,0.0691754362315582,-0.107087046
1601,2017-10-31,45356,-0.04800253669972887,-0.11421168
1602,2017-10-31,45751,0.036626771365602995,-0.117984
1603,2017-10-31,45911,-0.1437417199384451,-0.103729874
1604,2017-10-31,46578,0.12637031737343007,-0.11210376
1605,2017-10-31,46674,0.1880239008555118,-0.051109403
1606,2017-10-31,46703,0.07453889162463834,-0.11431914
1607,2017-10-31,46886,0.014177234693238727,-0.1158651
1608,2017-10-31,47896,0.15559118699452368,-0.07945357
1609,2017-10-31,48486,-0.07920419304251514,-0.04311161
1610,2017-10-31,48506,0.1389955393644069,-0.12049397
1611,2017-10-31,48653,0.10546988295039461,-0.10886556
1612,2017-10-31,48725,0.15918506984396097,-0.11009826
1613,2017-10-31,49015,0.09704405849557807,-0.12155274
1614,2017-10-31,49154,0.28719672619212755,-0.08917519
1615,2017-10-31,49373,0.0827127692566556,-0.008170884
1616,2017-10-31,49656,0.10663881731859637,-0.107668854
1617,2017-10-31,49680,0.09928812195744374,-0.09195031
1618,2017-10-31,50017,-0.21215646295366286,-0.006258678
1619,2017-10-31,50876,0.00028666870686921975,-0.10465873
1620,2017-10-31,52038,0.13704033182112663,-0.11576496
1621,2017-10-31,52090,0.09839336749017713,-0.11348573
1622,2017-10-31,52230,0.12293466380677986,-0.01879829
1623,2017-10-31,52329,0.19326328634026524,0.061437216
1624,2017-10-31,52476,0.15519853121537963,-0.08730788
1625,2017-10-31,52695,0.3725653279300205,0.060265046
1626,2017-10-31,52708,0.1452884347180856,-0.095881514
1627,2017-10-31,52978,0.027542112544482134,-0.04036543
1628,2017-10-31,53065,0.147488941287639,0.0003681276
1629,2017-10-31,53613,-0.01331688706979306,0.10353367
1630,2017-10-31,54148,0.055733941404154885,-0.0431472
1631,2017-10-31,55976,0.22736965562676947,-0.06917805
1632,2017-10-31,56274,0.1185990759025608,-0.113187514
1633,2017-10-31,56573,0.11476386454768561,-0.11710619
1634,2017-10-31,57568,-0.10608399967699167,-0.11576496
1635,2017-10-31,57665,0.2447296238629113,-0.102352075
1636,2017-10-31,57817,0.254865734039196,-0.011683585
1637,2017-10-31,57904,0.056991978380905195,-0.115268245
1638,2017-10-31,58246,0.13176697328519538,-0.11879048
1639,2017-10-31,58413,0.009874488924454417,0.074631505
1640,2017-10-31,58683,0.13116277693353662,-0.091663554
1641,2017-10-31,58819,-0.07328316034086502,-0.057760652
1642,2017-10-31,59010,0.28763704842232674,-0.06565116
1643,2017-10-31,59176,0.044229441392295676,-0.10699025
1644,2017-10-31,59248,0.0445205392170438,-0.10682496
1645,2017-10-31,59300,-0.05035557047458605,-0.02731572
1646,2017-10-31,59328,0.06442890610464835,-0.0030974234
1647,2017-10-31,59408,0.1732854624146547,0.054853022
1648,2017-10-31,59459,0.13799077326227294,-0.094953194
1649,2017-10-31,60097,0.07272210384772548,-0.09941659
1650,2017-10-31,60206,0.09142082057294898,-0.030145941
1651,2017-10-31,60442,0.1608917750982204,-0.10913311
1652,2017-10-31,60506,0.06105959886708057,-0.101800315
1653,2017-10-31,60599,-0.025543730984599278,0.035034228
1654,2017-10-31,60628,0.16480245792221493,-0.10913311
1655,2017-10-31,60871,0.011615440210435812,-0.11471487
1656,2017-10-31,60943,-0.008163572971287225,-0.03708153
1657,2017-10-31,60986,-0.3467551432608429,-0.08847697
1658,2017-10-31,61241,0.2507986559513682,0.058926404
1659,2017-10-31,61399,0.3149562589602086,-0.10465873
1660,2017-10-31,61621,0.07775451135647349,-0.10488466
1661,2017-10-31,61735,-0.00627796988413587,-0.117984
1662,2017-10-31,61815,0.09895515328613702,-0.108626
1663,2017-10-31,62092,0.15714096574329894,-0.10868431
1664,2017-10-31,62148,0.12986357762746303,-0.105392754
1665,2017-10-31,62308,0.08165814456564013,0.0067536323
1666,2017-10-31,64186,0.056433848409738196,-0.11006437
1667,2017-10-31,64282,0.17811176812531704,-0.061784342
1668,2017-10-31,64311,0.15337459481143334,-0.10753549
1669,2017-10-31,64390,0.11202284500406079,-0.121669926
1670,2017-10-31,64653,-0.04651681250653805,-0.1038411
1671,2017-10-31,64936,-0.049301275768335984,-0.11231342
1672,2017-10-31,64995,0.17944157095299706,-0.09684569
1673,2017-10-31,65541,0.018483132011690717,-0.1184117
1674,2017-10-31,65875,0.14242699923765612,-0.093490824
1675,2017-10-31,65947,-0.0929303478829927,-0.11244423
1676,2017-10-31,66093,0.12777284320075122,0.04810518
1677,2017-10-31,66157,0.056599479378661055,-0.10465873
1678,2017-10-31,66181,0.21793478746920192,-0.102437936
1679,2017-10-31,66384,0.002931102839142552,-0.073999844
1680,2017-10-31,66800,-0.005366373092985821,-0.10321859
1681,2017-10-31,67598,-0.05540195713895146,-0.10299589
1682,2017-10-31,68144,0.1818871194612388,-0.10037931
1683,2017-10-31,69032,0.13599930537238003,-0.10982576
1684,2017-10-31,69550,0.19994417089045968,0.06175576
1685,2017-10-31,69796,0.004148022968113896,-0.08542152
1686,2017-10-31,70033,0.03112982653859664,-0.04493909
1687,2017-10-31,70332,0.21758049801183743,-0.09086703
1688,2017-10-31,70519,0.07236936515250192,-0.05994941
1689,2017-10-31,70578,0.05691043908377069,-0.11543979
1690,2017-10-31,71175,0.02631200439060888,-0.07711774
1691,2017-10-31,71563,0.12874793199229906,-0.11477469
1692,2017-10-31,72726,0.20264960305195667,-0.11842202
1693,2017-10-31,73139,0.06461135116175631,-0.029609919
1694,2017-10-31,75034,0.02881634932625965,-0.034146883
1695,2017-10-31,75100,0.14485564365804504,-0.1184117
1696,2017-10-31,75154,0.08589085777961403,-0.109571144
1697,2017-10-31,75186,0.19172437859651015,-0.10938989
1698,2017-10-31,75241,0.2220903922811146,-0.08857151
1699,2017-10-31,75510,0.14044139922454346,0.023853725
1700,2017-10-31,75607,-0.15991177988530747,-0.117270775
1701,2017-10-31,75819,-0.09630715535946288,-0.10931617
1702,2017-10-31,75825,0.15319795007083647,-0.104404114
1703,2017-10-31,75828,0.06153353696901531,-0.11088453
1704,2017-10-31,76076,0.22544380450007417,-0.088172585
1705,2017-10-31,76082,-0.04501325731049033,-0.053528044
1706,2017-10-31,76095,0.12814000826710026,-0.062463436
1707,2017-10-31,76201,-0.0042771737341101845,-0.11542708
1708,2017-10-31,76226,0.029764546733877406,-0.08813144
1709,2017-10-31,76605,0.2984610300075603,-0.08749533
1710,2017-10-31,76614,-0.0893422143660193,-0.108196944
1711,2017-10-31,76639,0.2353094694009863,-0.1097705
1712,2017-10-31,76712,0.0997168978670322,0.052777328
1713,2017-10-31,76744,0.14114616770354926,-0.10327037
1714,2017-10-31,76841,0.11599136067551363,-0.08892462
1715,2017-10-31,77129,-0.11038210162578399,-0.06439776
1716,2017-10-31,77178,0.3491254341929164,-0.093189806
1717,2017-10-31,77182,0.12095417870289782,-0.11159999
1718,2017-10-31,77274,0.1257481245136962,-0.10564979
1719,2017-10-31,77338,0.08851086508734785,-0.11774231
1720,2017-10-31,77418,-0.02568243918012325,-0.10465873
1721,2017-10-31,77462,0.4043199458859985,-0.003895578
1722,2017-10-31,77496,0.07372782232759478,-0.116660535
1723,2017-10-31,77605,-0.0063968081313472425,-0.117984
1724,2017-10-31,77606,0.5686741644047457,-0.057102572
1725,2017-10-31,77661,0.11219774051066866,-0.08330856
1726,2017-10-31,77668,0.29189518036016215,-0.027463876
1727,2017-10-31,77702,0.04140279413221837,-0.10409572
1728,2017-10-31,77730,0.04769666581060594,-0.10727832
1729,2017-10-31,77768,0.11097431581535377,-0.1131078
1730,2017-10-31,78034,-0.023123733083827314,0.08573667
1731,2017-10-31,78877,-0.10256387488524787,0.086647704
1732,2017-10-31,78916,0.02117143230611296,-0.021629378
1733,2017-10-31,78975,0.1144033528469579,-0.116752036
1734,2017-10-31,78987,0.008412459823909035,-0.11577364
1735,2017-10-31,79057,0.040369590998899474,-0.101835065
1736,2017-10-31,79103,0.2547493537980614,-0.08918388
1737,2017-10-31,79129,0.19456852401345226,-0.10778329
1738,2017-10-31,79145,0.0842577821742363,-0.10447881
1739,2017-10-31,79265,0.09726640660475838,0.0151003
1740,2017-10-31,79323,0.05612598787304979,-0.1195037
1741,2017-10-31,79545,0.07040448536139632,-0.08947766
1742,2017-10-31,79547,-0.07676505173265025,-0.11576496
1743,2017-10-31,79637,0.18415611979473434,-0.007371149
1744,2017-10-31,79678,0.1319289181202048,-0.11088453
1745,2017-10-31,79915,0.02825514236889326,-0.05382086
1746,2017-10-31,80080,0.09894950168088235,-0.11808489
1747,2017-10-31,80100,0.06396967253634211,-0.100926355
1748,2017-10-31,80191,-0.20597526100819985,-0.11314803
1749,2017-10-31,80204,0.05442468967317926,-0.11532585
1750,2017-10-31,80286,0.2706496463791004,-0.03876281
1751,2017-10-31,80381,-0.05280476644164156,-0.11576496
1752,2017-10-31,80399,0.19662365806285265,-0.04516535
1753,2017-10-31,80681,-0.10576849343364825,-0.11576496
1754,2017-10-31,80711,-0.040994685356403826,0.04782641
1755,2017-10-31,81045,0.002675886639162073,-0.107951045
1756,2017-10-31,81055,0.13296697769238297,-0.08726863
1757,2017-10-31,81061,0.22764932435301333,-0.018425854
1758,2017-10-31,81481,0.26027739081938406,-0.04400705
1759,2017-10-31,81540,0.3014974596640825,-0.05075488
1760,2017-10-31,81655,0.1725951771656451,-0.06996484
1761,2017-10-31,81774,0.3948488832184014,-0.029364739
1762,2017-10-31,82307,0.28482542335878613,0.029866299
1763,2017-10-31,82581,-0.0371552493991425,-0.11268207
1764,2017-10-31,82598,0.389303302641669,-0.11973443
1765,2017-10-31,82642,0.2107489996158225,-0.11532496
1766,2017-10-31,82651,0.09976970471602509,-0.10762117
1767,2017-10-31,82686,0.1228638615975286,-0.10461055
1768,2017-10-31,82775,0.07203792697440647,-0.11941229
1769,2017-10-31,83111,-0.0028393244692999087,-0.013252105
1770,2017-10-31,83143,-0.11069315866546281,-0.026590426
1771,2017-10-31,83443,0.1467859629517263,-0.10926532
1772,2017-10-31,83862,0.20899352053020692,-0.120749466
1773,2017-10-31,83906,0.06365514164921371,0.083961494
1774,2017-10-31,84032,0.07448463539497019,-0.11468329
1775,2017-10-31,84129,0.16693997991473553,-0.06965202
1776,2017-10-31,84373,0.13347929697776761,-0.11063924
1777,2017-10-31,84381,-0.013317987577584511,-0.09184548
1778,2017-10-31,84769,0.06859466457230301,-0.11838906
1779,2017-10-31,84788,0.3126880738862856,0.10051102
1780,2017-10-31,85035,-0.05329232537346329,-0.059300695
1781,2017-10-31,85058,0.027214886079007572,-0.11368226
1782,2017-10-31,85072,0.2844379075825543,-0.015669303
1783,2017-10-31,85257,0.13196881208104072,-0.12084716
1784,2017-10-31,85265,0.059042856178390446,-0.062084246
1785,2017-10-31,85269,0.22687311693703616,-0.10623678
1786,2017-10-31,85348,0.14048882916326377,-0.11460315
1787,2017-10-31,85459,0.17086235591488164,-0.07388066
1788,2017-10-31,85592,0.014930870611095548,-0.11760141
1789,2017-10-31,85593,0.07155455640957986,-0.08846384
1790,2017-10-31,85621,-0.010795805826405713,-0.10773715
1791,2017-10-31,85631,-0.07474682297282598,-0.1090005
1792,2017-10-31,85663,0.2801079156923836,-0.08478943
1793,2017-10-31,85753,0.06882706677249595,-0.07781145
1794,2017-10-31,85792,0.0201425620292901,0.04589504
1795,2017-10-31,85913,0.2363651088162375,-0.103405125
1796,2017-10-31,85914,0.3123861868719391,-0.10647921
1797,2017-10-31,85926,0.07410874517900257,-0.03342769
1798,2017-10-31,86021,0.1396508937538068,-0.11897427
1799,2017-10-31,86111,0.03313262896842706,-0.10344999
1800,2017-10-31,86136,-0.08219673374717307,-0.11460315
1801,2017-10-31,86158,0.03264946435105687,-0.11255629
1802,2017-10-31,86228,0.06271537560309315,-0.11941229
1803,2017-10-31,86314,-0.08398990247673399,-0.06448577
1804,2017-10-31,86339,0.0631382313026636,-0.09405522
1805,2017-10-31,86356,0.07810635601594806,-0.10982576
1806,2017-10-31,86580,0.18936187103504443,0.07493378
1807,2017-10-31,86783,4.571545584042269e-05,-0.10748545
1808,2017-10-31,86868,0.10822645815383591,-0.10982576
1809,2017-10-31,86964,0.1918865286524558,0.008346592
1810,2017-10-31,86979,0.05695552573266238,-0.010745179
1811,2017-10-31,87055,0.21331297482609113,-0.10662409
1812,2017-10-31,87137,0.12290747885280018,-0.10648398
1813,2017-10-31,87184,0.08731355965002385,-0.07486069
1814,2017-10-31,87267,0.1991556776900414,-0.10771069
1815,2017-10-31,87299,0.28210415217956575,-0.054543227
1816,2017-10-31,87432,0.0817758283450154,-0.11863015
1817,2017-10-31,87447,0.09123417872204143,-0.10465873
1818,2017-10-31,87657,0.23818769461109635,-0.01936337
1819,2017-10-31,87717,0.11975248553870399,-0.026360735
1820,2017-10-31,87842,-0.09626629345020998,-0.10842754
1821,2017-10-31,88031,0.1777992112671678,-0.11505939
1822,2017-10-31,88352,0.15001592058853475,-0.09931527
1823,2017-10-31,88446,0.13378028619030724,-0.116844796
1824,2017-10-31,88661,0.15795578964921075,-0.11145744
1825,2017-10-31,88668,0.010387360902053722,-0.10465873
1826,2017-10-31,88837,0.12135667144938456,-0.043502573
1827,2017-10-31,88845,0.10174289239102285,0.00014353672
1828,2017-10-31,88853,0.4146657601668351,-0.044392567
1829,2017-10-31,88873,0.07543232120005583,-0.10858249
1830,2017-10-31,89002,0.14984476420431703,-0.11504445
1831,2017-10-31,89003,0.1069084233377855,-0.11897427
1832,2017-10-31,89006,0.07716286659765847,-0.10327303
1833,2017-10-31,89014,0.023835808635666034,-0.047593918
1834,2017-10-31,89017,-0.00030189294459315175,-0.11859168
1835,2017-10-31,89070,0.047286222650083864,-0.11504117
1836,2017-10-31,89071,0.12882891431959909,-0.098737426
1837,2017-10-31,89179,0.18837939152700334,-0.097777404
1838,2017-10-31,89195,0.03371436026983354,-0.11576496
1839,2017-10-31,89216,-0.07557732856675958,-0.01901223
1840,2017-10-31,89217,0.432100963914579,-0.05173095
1841,2017-10-31,89258,0.08309195470608688,-0.1195037
1842,2017-10-31,89269,0.144871896446771,-0.018676385
1843,2017-10-31,89393,0.37606630920884965,0.08280273
1844,2017-10-31,89508,-0.04967018823940317,-0.12030554
1845,2017-10-31,89509,-0.03979766452420386,-0.09520117
1846,2017-10-31,89525,0.18493518912704832,-0.07958486
1847,2017-10-31,89533,0.1264220872985049,-0.096123256
1848,2017-10-31,89617,-0.013843636392570913,-0.1195037
1849,2017-10-31,89626,0.15070506872805667,-0.118798114
1850,2017-10-31,89641,0.5154049196379302,0.0805268
1851,2017-10-31,89866,0.1151547301848137,-0.09132841
1852,2017-10-31,90038,-0.08590596472479761,-0.01930851
1853,2017-10-31,90071,0.0415992960373901,-0.07794959
1854,2017-10-31,90199,0.1620064648412094,-0.121335424
1855,2017-10-31,90215,0.11305207354649882,-0.09116412
1856,2017-10-31,90305,0.03237983453788207,-0.06758733
1857,2017-10-31,90319,0.14441103826388635,0.081058785
1858,2017-10-31,90373,-0.04717028537034118,-0.11977018
1859,2017-10-31,90386,0.22332229058727693,0.014462286
1860,2017-10-31,90441,0.4110891851707792,-0.09328626
1861,2017-10-31,90442,0.43379235107161374,-0.10751513
1862,2017-10-31,90601,0.1191614159495451,-0.111391746
1863,2017-10-31,90805,0.3278596304225987,0.008703439
1864,2017-10-31,90808,0.029413642951303665,0.034807023
1865,2017-10-31,90829,0.1268698565205193,-0.04291635
1866,2017-10-31,90880,0.08328060450092956,-0.123420395
1867,2017-10-31,90979,0.10702734312513007,0.056876346
1868,2017-10-31,90993,0.12026705001099725,-0.109571144
1869,2017-10-31,91063,0.40011623333633395,-0.043718047
1870,2017-10-31,91068,0.19441102361980445,0.0012974481
1871,2017-10-31,91103,0.15971350764520942,0.06339185
1872,2017-10-31,91152,0.1420203775193516,-0.10208238
1873,2017-10-31,91233,0.13776648380231826,-0.09465196
1874,2017-10-31,91392,0.16789764503569993,-0.088149756
1875,2017-10-31,91416,-0.027140217561023916,-0.048388552
1876,2017-10-31,91461,0.056229619542000675,-0.048569966
1877,2017-10-31,91556,0.3004133174697252,-0.11348183
1878,2017-10-31,91926,0.14157590369311546,-0.039270032
1879,2017-10-31,92121,0.20585058063875294,-0.1143356
1880,2017-10-31,92157,0.1318459984955993,-0.10718315
1881,2017-10-31,92239,0.17308499720702053,-0.11306044
1882,2017-10-31,92322,0.10064980054940165,0.033705108
1883,2017-10-31,92602,0.03525713988097534,-0.08274258
1884,2017-10-31,92611,0.13155522662811214,-0.103966676
1885,2017-10-31,92614,-0.047897453125626877,-0.10523274
1886,2017-10-31,92618,0.4019145827822064,-0.11318555
1887,2017-10-31,92655,0.13004274361148216,-0.08783487
1888,2017-10-31,92709,0.06045030386419814,-0.06502139
1889,2017-10-31,92778,0.33969526137778705,0.0074032224
1890,2017-10-31,93002,-0.05395204414583976,-0.09460328
1891,2017-10-31,93089,0.1763675215701852,-0.10924579
1892,2017-10-31,93096,0.27912851202608935,-0.11504117
1893,2018-01-31,10104,-0.11109797827104106,-0.06831605
1894,2018-01-31,10107,-0.011129973092911416,-0.030833488
1895,2018-01-31,10138,0.02579563757758363,-0.054469433
1896,2018-01-31,10145,-0.08947571869620163,-0.056725167
1897,2018-01-31,10516,0.06478535752799441,-0.09593335
1898,2018-01-31,10696,0.006247782726801043,-0.098492436
1899,2018-01-31,10909,-0.15738522986464343,-0.09983514
1900,2018-01-31,11308,-0.0839506935410107,-0.07124556
1901,2018-01-31,11404,0.006394954925767804,0.050612774
1902,2018-01-31,11552,-0.13898977220671904,-0.003987897
1903,2018-01-31,11600,-0.17072694958522128,-0.100177996
1904,2018-01-31,11618,-0.0835761291732694,-0.026784874
1905,2018-01-31,11674,0.006339314954475039,-0.09448851
1906,2018-01-31,11762,-0.09937480553958133,-0.044995937
1907,2018-01-31,11850,-0.10034236842586464,-0.07644963
1908,2018-01-31,11955,-0.07572627437819968,-0.10306261
1909,2018-01-31,12052,-0.0912988624890878,-0.05795262
1910,2018-01-31,12060,-0.12266369565195356,0.044989828
1911,2018-01-31,12062,-0.021487900445347652,-0.09326757
1912,2018-01-31,12073,-0.061259977821131906,-0.06402865
1913,2018-01-31,12308,-0.2808750456087561,-0.05212198
1914,2018-01-31,12345,-0.10951095152773516,-0.05844733
1915,2018-01-31,12369,-0.12499245974621898,-0.051796664
1916,2018-01-31,12431,-0.10893384984063303,-0.09287928
1917,2018-01-31,12490,-0.10547744698269179,-0.06241387
1918,2018-01-31,12542,-0.15072537798760188,-0.097370654
1919,2018-01-31,12558,-0.10910063145673388,-0.00062721496
1920,2018-01-31,12622,-0.05024001291012914,-0.027710669
1921,2018-01-31,12650,-0.05441659041713909,-0.05190332
1922,2018-01-31,12872,0.08892647865416303,-0.05374796
1923,2018-01-31,12981,-0.22651835963332578,-0.07529172
1924,2018-01-31,13035,0.011747710331542871,-0.09939572
1925,2018-01-31,13103,-0.10647681978359669,-0.04629856
1926,2018-01-31,13142,0.03666559647428436,-0.081077866
1927,2018-01-31,13168,0.07932030332161588,-0.0078046406
1928,2018-01-31,13356,0.09528519114063805,-0.049614407
1929,2018-01-31,13407,-0.07967297768458426,-0.04413573
1930,2018-01-31,13586,-0.05432167246394759,-0.09395209
1931,2018-01-31,13688,0.08649716932763307,0.026283769
1932,2018-01-31,13721,-0.13066714247507438,0.031570647
1933,2018-01-31,13788,0.0895769845069061,-0.056355115
1934,2018-01-31,13856,-0.1546809632161319,-0.053812563
1935,2018-01-31,13901,-0.19355116844095843,0.033270802
1936,2018-01-31,13928,0.11985716752686959,-0.057636146
1937,2018-01-31,13936,0.02985924018731856,-0.08782503
1938,2018-01-31,13963,-0.06034158498043907,-0.07649959
1939,2018-01-31,13964,-0.06317457334336873,0.019968435
1940,2018-01-31,13983,-0.10967509467022085,-0.095900565
1941,2018-01-31,14008,-0.05529435357024304,-0.057919525
1942,2018-01-31,14277,-0.06166646386794683,-0.059260104
1943,2018-01-31,14297,-0.10149952916889649,-0.07037606
1944,2018-01-31,14541,0.008021864066649842,0.024030477
1945,2018-01-31,14542,-0.13044099297766165,-0.05386861
1946,2018-01-31,14593,-0.00898532527591478,0.04800988
1947,2018-01-31,14601,-0.05797534780050195,0.05573447
1948,2018-01-31,14702,-0.07220338261925685,0.0042858594
1949,2018-01-31,14776,-0.16081953940750837,-0.04297903
1950,2018-01-31,14889,-0.09607930388457042,-0.047069684
1951,2018-01-31,15069,0.006464418333257171,-0.029725377
1952,2018-01-31,15202,-0.17321987928504523,-0.06281328
1953,2018-01-31,15408,-0.2740644350912208,-0.060005303
1954,2018-01-31,15456,-0.11623850040588313,-0.1383688
1955,2018-01-31,15488,-0.12553062821486893,-0.04637868
1956,2018-01-31,15579,-0.0751308367794542,0.011708488
1957,2018-01-31,15707,0.043766816814747145,-0.0959025
1958,2018-01-31,15720,0.05786952872220885,-0.022447485
1959,2018-01-31,15797,0.24188920493552857,-0.055510685
1960,2018-01-31,15980,0.19455620732784507,0.012618136
1961,2018-01-31,16087,-0.0742640872032082,-0.09954511
1962,2018-01-31,16432,-0.27484135252326547,-0.0762186
1963,2018-01-31,16538,0.01990127094384242,-0.0746602
1964,2018-01-31,16600,-0.1610479476780453,-0.09908691
1965,2018-01-31,16678,-0.16663613857691761,-0.049513016
1966,2018-01-31,17005,-0.10577783412085151,-0.07784231
1967,2018-01-31,17144,-0.24402771560141923,0.04074846
1968,2018-01-31,17478,0.04412967345408192,-0.10440516
1969,2018-01-31,17750,-0.10714356107057965,-0.0068028537
1970,2018-01-31,17830,-0.12472540106562058,-0.062653355
1971,2018-01-31,18163,-0.1541353756481023,-0.0058697006
1972,2018-01-31,18411,0.0358851530522597,0.003386387
1973,2018-01-31,18542,-0.10864756895353245,-0.049914677
1974,2018-01-31,18729,-0.11607260866615177,0.033116058
1975,2018-01-31,19166,-0.12503953841079563,-0.084115356
1976,2018-01-31,19350,-0.18359553250958827,-0.054985926
1977,2018-01-31,19393,-0.16190479378597622,-0.055287756
1978,2018-01-31,19502,-0.11190484783636612,0.003978358
1979,2018-01-31,19561,-0.05384179831086,0.06914527
1980,2018-01-31,19583,-0.19116245045558822,-0.10301042
1981,2018-01-31,20415,-0.10833069970074183,-0.058841743
1982,2018-01-31,20482,-0.06038207282492902,-0.06308725
1983,2018-01-31,21020,-0.20809450299031718,0.021633593
1984,2018-01-31,21178,-0.09071111409885824,-0.058711786
1985,2018-01-31,21186,-0.10623208772881254,-0.100972034
1986,2018-01-31,21207,-0.026512140243454274,-0.048307613
1987,2018-01-31,21371,-0.09954945174296237,-0.039090507
1988,2018-01-31,21573,-0.1730463894804427,-0.09593696
1989,2018-01-31,21776,0.040094398386889774,0.031678736
1990,2018-01-31,21792,-0.09161042470262415,-0.08058083
1991,2018-01-31,21936,-0.002487815360858847,-0.07234332
1992,2018-01-31,22103,-0.07433671676290254,-0.048706718
1993,2018-01-31,22111,-0.0788441516479993,0.022749588
1994,2018-01-31,22293,-0.12921810167819237,0.044067927
1995,2018-01-31,22509,-0.10477700348000363,-0.04134257
1996,2018-01-31,22517,-0.07343620318322219,-0.025139067
1997,2018-01-31,22592,-0.2194987147546087,-0.056149315
1998,2018-01-31,22752,0.0022932903897248114,-0.0665226
1999,2018-01-31,22779,0.10953801834759247,-0.09183671
2000,2018-01-31,23026,0.057777277913140246,-0.022567648
2001,2018-01-31,23085,-0.08106493669932058,-0.097191386
2002,2018-01-31,23229,0.06314534826472329,-0.102951415
2003,2018-01-31,23393,-0.05003584793743188,-0.0859353
2004,2018-01-31,23473,-0.07887673829551134,-0.07878446
2005,2018-01-31,23536,0.008726071594315377,-0.0919143
2006,2018-01-31,23579,0.059495644564610206,-0.09620344
2007,2018-01-31,23660,0.010978380355896045,-0.108561054
2008,2018-01-31,23712,0.015151742738938712,-0.041137457
2009,2018-01-31,23819,-0.009351843634855861,0.043293405
2010,2018-01-31,23931,0.03525296981951498,-0.05046744
2011,2018-01-31,24010,0.04953695177631823,-0.09966479
2012,2018-01-31,24109,0.027400808748997196,0.033162158
2013,2018-01-31,24205,0.0420821348507574,-0.055880338
2014,2018-01-31,24328,-0.07493471156719766,-0.051356923
2015,2018-01-31,24643,-0.40633862102739726,-0.10162392
2016,2018-01-31,24766,-0.05126763575904936,-0.05441426
2017,2018-01-31,24942,-0.015247484736833239,-0.061307084
2018,2018-01-31,24985,0.043893801485163975,-0.09891729
2019,2018-01-31,25081,-0.0036707593745777256,-0.10405799
2020,2018-01-31,25232,0.03668996758446563,-0.0431904
2021,2018-01-31,25320,-0.11675328460506029,-0.11977062
2022,2018-01-31,25419,-0.14005100393244074,-0.063851774
2023,2018-01-31,25582,-0.014982910108765513,-0.10207773
2024,2018-01-31,25778,-0.022152047286129073,-0.09362776
2025,2018-01-31,25785,0.038631807959666364,0.026692776
2026,2018-01-31,25953,-0.12317663593409767,-0.104476266
2027,2018-01-31,26403,-0.07674688697773402,-0.05451581
2028,2018-01-31,26710,0.01694828238274404,-0.08306057
2029,2018-01-31,26825,-0.12832190537445154,0.033994403
2030,2018-01-31,27043,-0.09341025248837909,-0.07235068
2031,2018-01-31,27828,-0.07303687629834688,-0.040113535
2032,2018-01-31,27887,-0.03279529045861784,-0.04124749
2033,2018-01-31,27959,0.03307168040995223,0.004716472
2034,2018-01-31,27983,-0.07053692142216539,-0.07556877
2035,2018-01-31,27991,0.015572825477706775,-0.07669055
2036,2018-01-31,28222,-0.029440696990112203,-0.04357783
2037,2018-01-31,28388,-0.050922332116622226,-0.08960729
2038,2018-01-31,28484,0.13405435208026906,-0.06687699
2039,2018-01-31,28804,-0.007306351091655783,-0.053728506
2040,2018-01-31,29946,0.03229855388664182,-0.100749016
2041,2018-01-31,30681,-0.03116273840203887,-0.09621473
2042,2018-01-31,30940,-0.015623001865408992,-0.06259214
2043,2018-01-31,32707,-0.02380872377016474,-0.076944344
2044,2018-01-31,32870,0.06157845699179276,-0.090647146
2045,2018-01-31,34032,-0.14985706146462086,-0.1062016
2046,2018-01-31,34746,0.0071960134797273145,-0.08971805
2047,2018-01-31,34817,-0.07385600739383091,-0.049201928
2048,2018-01-31,34833,0.04315263682354109,-0.059182566
2049,2018-01-31,35044,-0.023131648240732994,-0.033544514
2050,2018-01-31,35554,-0.040856237041629884,-0.09026102
2051,2018-01-31,36468,-0.11664737377353729,-0.050902437
2052,2018-01-31,37284,0.2869076063030602,-0.10280406
2053,2018-01-31,37584,-0.13167687132499684,-0.06629867
2054,2018-01-31,38093,0.030591257382970083,-0.075918995
2055,2018-01-31,38156,-0.17004461685474392,-0.046959776
2056,2018-01-31,38703,-0.20539350077835183,-0.08240129
2057,2018-01-31,38762,0.004737152759945573,-0.08570891
2058,2018-01-31,39490,-0.08186037924672451,-0.040919743
2059,2018-01-31,39538,-0.06565916755642676,-0.11221659
2060,2018-01-31,39642,-0.04236175202730974,-0.060312737
2061,2018-01-31,39917,-0.011119800006713088,-0.095389724
2062,2018-01-31,40125,0.037085773733650296,-0.09899013
2063,2018-01-31,40272,-0.05525468127344213,-0.07109059
2064,2018-01-31,40539,0.06071391616063582,-0.068658136
2065,2018-01-31,41080,-0.14418447671838852,-0.043160558
2066,2018-01-31,41355,-0.17961381215948213,-0.04782944
2067,2018-01-31,42200,-0.08397105848175068,-0.07068738
2068,2018-01-31,42585,-0.09503128062859023,-0.09772915
2069,2018-01-31,42877,-0.026108741209498465,-0.09423858
2070,2018-01-31,42906,-0.07218306986636436,-0.09637927
2071,2018-01-31,43350,-0.14480945219728758,0.03899155
2072,2018-01-31,43449,-0.015352121973125743,0.034670427
2073,2018-01-31,43553,0.002969150322895464,-0.05361244
2074,2018-01-31,44206,-0.03666568377433077,0.0040995833
2075,2018-01-31,44601,-0.14230774811657743,-0.08347674
2076,2018-01-31,44644,-0.03975110866619147,-0.047219396
2077,2018-01-31,45356,-0.12829300643519925,-0.048010454
2078,2018-01-31,45751,-0.01964950543190569,-0.04720324
2079,2018-01-31,45911,-0.10480542999437414,-0.0539282
2080,2018-01-31,46578,-0.16593189756088778,-0.09724805
2081,2018-01-31,46674,-0.14458996206574704,-0.092633426
2082,2018-01-31,46703,-0.04765588662997633,-0.09813411
2083,2018-01-31,46886,-0.06831659199945106,-0.10390453
2084,2018-01-31,47896,-0.0548599002011706,-0.07356473
2085,2018-01-31,48486,-0.03141005675709596,0.029393412
2086,2018-01-31,48506,0.0051571519694117995,-0.102265745
2087,2018-01-31,48653,0.04577136884377797,-0.04962925
2088,2018-01-31,48725,0.006438954705375366,0.02671763
2089,2018-01-31,49015,-0.14275176103079812,-0.0960965
2090,2018-01-31,49154,-0.0266142977873709,0.028166411
2091,2018-01-31,49373,0.050820121161175624,-0.07704353
2092,2018-01-31,49656,-0.03439101386539456,-0.048868544
2093,2018-01-31,49680,-0.007835410270789045,-0.053379405
2094,2018-01-31,50017,-0.026750754813517408,0.10151554
2095,2018-01-31,50876,0.0025988202414992667,0.00852056
2096,2018-01-31,52038,0.0006912357479040843,-0.09179167
2097,2018-01-31,52090,-0.026049046591879232,-0.09974566
2098,2018-01-31,52230,0.05470883074179822,-0.06500229
2099,2018-01-31,52329,-0.16172556014152106,-0.06910846
2100,2018-01-31,52476,-0.1002963939076339,-0.095340796
2101,2018-01-31,52695,0.04834656628775802,0.0064869314
2102,2018-01-31,52708,-0.155286267966955,-0.035891324
2103,2018-01-31,52978,-0.06185380859733369,-0.08361161
2104,2018-01-31,53065,0.08732903338269993,-0.0841434
2105,2018-01-31,53613,0.051691869882032115,0.042974886
2106,2018-01-31,54148,-0.04322177062321475,-0.0811088
2107,2018-01-31,55976,-0.16525836108027614,-0.07069713
2108,2018-01-31,56274,-0.018924558701546745,-0.092407465
2109,2018-01-31,56573,-0.17809915401957954,-0.050510485
2110,2018-01-31,57568,0.04990601757733537,-0.09617055
2111,2018-01-31,57665,0.005534073587069033,-0.050741225
2112,2018-01-31,57817,0.03249907081176184,-0.06597303
2113,2018-01-31,57904,0.03937597901451073,0.018870093
2114,2018-01-31,58246,0.016855496195044894,-0.09434975
2115,2018-01-31,58413,-0.032837563191505215,-0.08159357
2116,2018-01-31,58683,-0.12922341226363088,0.014552769
2117,2018-01-31,58819,0.08890661777827824,-0.07804035
2118,2018-01-31,59010,-0.11340658329736164,-0.10198627
2119,2018-01-31,59176,-0.002849621357075227,-0.058029972
2120,2018-01-31,59248,-0.14766907016395003,-0.09254215
2121,2018-01-31,59300,-0.0014631499163200168,-0.06931877
2122,2018-01-31,59328,0.07944873303767164,0.029144762
2123,2018-01-31,59408,-0.06143092544338735,-0.053973857
2124,2018-01-31,59459,-0.11767385108466721,-0.046365257
2125,2018-01-31,60097,-0.06157061667704522,-0.05590856
2126,2018-01-31,60206,-0.14758646167221934,-0.07988456
2127,2018-01-31,60442,-0.07378014358949048,-0.0661553
2128,2018-01-31,60506,-0.14292475313713504,-0.050604
2129,2018-01-31,60599,0.07570499749644544,0.04394247
2130,2018-01-31,60628,-0.056308522371834036,-0.06649507
2131,2018-01-31,60871,-0.04438026439985787,-0.04580243
2132,2018-01-31,60943,-0.12152307177440524,-0.06544858
2133,2018-01-31,60986,0.05392213343692065,-0.06437273
2134,2018-01-31,61241,-0.20815019568675242,0.0018175119
2135,2018-01-31,61399,-0.20903047148429876,-0.051370665
2136,2018-01-31,61621,-0.11252485185826078,-0.09426956
2137,2018-01-31,61735,0.004925320382301646,-0.08856494
2138,2018-01-31,61815,0.11277051917840075,-0.12231476
2139,2018-01-31,62092,-0.060652801551518976,-0.057922684
2140,2018-01-31,62148,0.050431785846926536,-0.057620987
2141,2018-01-31,62308,-0.043380117551629516,-0.069403574
2142,2018-01-31,64186,-0.17513655597983746,0.011933782
2143,2018-01-31,64282,-0.29436485333027373,-0.04358659
2144,2018-01-31,64311,-0.04450109263524149,-0.05836319
2145,2018-01-31,64390,0.13781356445936677,0.033170078
2146,2018-01-31,64653,0.04119162219095163,0.033366438
2147,2018-01-31,64936,-0.11920252258401842,0.010508203
2148,2018-01-31,64995,-0.06454287837930961,-0.05135976
2149,2018-01-31,65541,-0.06523398116867296,-0.07951103
2150,2018-01-31,65875,-0.07581741233901262,-0.07352711
2151,2018-01-31,65947,-0.09460027017405537,-0.055377394
2152,2018-01-31,66093,-0.11442011755974901,-0.011657499
2153,2018-01-31,66157,-0.11179407890126491,-0.063144006
2154,2018-01-31,66181,-0.07483461297641225,-0.06860982
2155,2018-01-31,66384,-0.1096426585568161,-0.030986527
2156,2018-01-31,66800,-0.1187993460132103,-0.053124957
2157,2018-01-31,67598,-0.013412874276981901,-0.084736586
2158,2018-01-31,68144,-0.04980754170498003,-0.04972328
2159,2018-01-31,69032,-0.08277752905872315,-0.055021025
2160,2018-01-31,69550,-0.09544994924187633,0.03644384
2161,2018-01-31,69796,0.06488447615056425,0.024131762
2162,2018-01-31,70033,-0.14461003157405594,-0.06273382
2163,2018-01-31,70332,0.12585404321000992,-0.034314934
2164,2018-01-31,70519,-0.1264833549211688,-0.06785285
2165,2018-01-31,70578,0.05465496568800354,-0.09172059
2166,2018-01-31,71175,-0.08615306796548872,-0.088918224
2167,2018-01-31,71563,-0.036333342603663166,-0.055799376
2168,2018-01-31,72726,-0.09049189788451473,-0.05237324
2169,2018-01-31,73139,0.03372553299926451,-0.049695887
2170,2018-01-31,75034,0.12968571006545693,-0.043347076
2171,2018-01-31,75100,-0.0308770710174876,-0.1062016
2172,2018-01-31,75154,-0.11358788674823983,-0.04756146
2173,2018-01-31,75186,0.046005334787281305,-0.06632845
2174,2018-01-31,75241,0.10295785131370705,-0.051331777
2175,2018-01-31,75510,0.10933341174937716,-0.051173028
2176,2018-01-31,75607,0.023395627149670695,-0.044747755
2177,2018-01-31,75819,-0.06663642554765259,-0.09851984
2178,2018-01-31,75825,0.0292776351810069,-0.06572206
2179,2018-01-31,75828,-0.07073214462796407,0.021756103
2180,2018-01-31,76076,0.07474190102055767,-0.060716994
2181,2018-01-31,76082,-0.09259542843243751,-0.09758318
2182,2018-01-31,76095,-0.09156789609216798,-0.07848336
2183,2018-01-31,76201,-0.1157792193704924,0.055038046
2184,2018-01-31,76226,-0.14306157202537628,-0.030985601
2185,2018-01-31,76605,-0.18410255971096234,-0.036562175
2186,2018-01-31,76614,-0.17174330860406062,0.02901766
2187,2018-01-31,76639,-0.05263847998409199,-0.107613906
2188,2018-01-31,76709,0.03982994129331008,-0.10095674
2189,2018-01-31,76712,0.07007299775747189,-0.06820982
2190,2018-01-31,76744,-0.08216171966414587,-0.039154656
2191,2018-01-31,76841,-0.2133613038866522,0.010497058
2192,2018-01-31,77129,-0.06974232187533691,-0.12782685
2193,2018-01-31,77178,-0.2461787836159347,-0.052895475
2194,2018-01-31,77182,-0.13565759375238895,-0.095162965
2195,2018-01-31,77274,-0.1318860477965068,0.016753957
2196,2018-01-31,77338,-0.05699585917998551,-0.105863236
2197,2018-01-31,77418,-0.0015783414511052474,-0.057439785
2198,2018-01-31,77462,0.21276096275278134,-0.0241629
2199,2018-01-31,77496,-0.2532569497406584,-0.0986916
2200,2018-01-31,77605,0.02718481269619266,0.01800893
2201,2018-01-31,77606,-0.03179013572295908,-0.033691272
2202,2018-01-31,77661,-0.09756230977597236,0.026980696
2203,2018-01-31,77668,-0.04395327082210709,-0.055042528
2204,2018-01-31,77702,0.018958398384614217,0.023169855
2205,2018-01-31,77730,-0.0752528517694413,-0.06714537
2206,2018-01-31,77768,-0.0504736334939101,-0.055755887
2207,2018-01-31,78916,-0.14378244746555346,-0.05985505
2208,2018-01-31,78975,0.1031327808516671,-0.049002927
2209,2018-01-31,78987,-0.11764436408156675,0.033865746
2210,2018-01-31,79057,-0.1266922654551269,-0.050513715
2211,2018-01-31,79103,-0.032567495979009875,-0.051759575
2212,2018-01-31,79129,-0.12238169944297783,-0.05851245
2213,2018-01-31,79145,-0.18596628428010809,-0.03464801
2214,2018-01-31,79265,0.04918891615213927,-0.07291501
2215,2018-01-31,79323,-0.004645995053885632,0.024176128
2216,2018-01-31,79545,-0.1270978471676384,-0.083602116
2217,2018-01-31,79547,0.010892716411344594,-0.053290974
2218,2018-01-31,79637,-0.0592552238090871,-0.08263573
2219,2018-01-31,79678,-0.10033607606886319,-0.05289574
2220,2018-01-31,79915,-0.058750412330265456,-0.1314459
2221,2018-01-31,80080,0.03460021147725301,-0.097614415
2222,2018-01-31,80100,-0.031030428706378732,-0.0012811708
2223,2018-01-31,80183,-0.031218374032893736,-0.08301283
2224,2018-01-31,80191,-0.12820601486982852,-0.07996701
2225,2018-01-31,80204,-0.14454010428869346,-0.09586445
2226,2018-01-31,80286,-0.10453782835977543,-0.07971657
2227,2018-01-31,80381,-0.03485528254685122,-0.0520241
2228,2018-01-31,80399,-0.0965101497900368,-0.08085154
2229,2018-01-31,80681,0.03678190004493276,-0.10053765
2230,2018-01-31,80711,-0.020271090153748728,-0.06976405
2231,2018-01-31,81045,-0.03794583118904704,-0.09960013
2232,2018-01-31,81055,-0.12452812510262934,-0.04663879
2233,2018-01-31,81061,-0.07291839827411994,-0.047239073
2234,2018-01-31,81481,-0.16617373633796828,-0.043110855
2235,2018-01-31,81540,-0.08772455958182834,-0.09609016
2236,2018-01-31,81655,-0.024141582334641032,-0.09004856
2237,2018-01-31,81774,-0.21781806413360771,0.03399517
2238,2018-01-31,82307,-0.19540880684970052,-0.094193675
2239,2018-01-31,82581,0.004224944506560968,-0.085976824
2240,2018-01-31,82598,0.08604262329871082,-0.10520405
2241,2018-01-31,82642,0.10027408465109033,-0.054019082
2242,2018-01-31,82651,-0.12615296585887847,-0.10541329
2243,2018-01-31,82686,0.10942098963109204,-0.0984925
2244,2018-01-31,82775,-0.07930676917217172,-0.09100669
2245,2018-01-31,83111,-0.014161958044356715,0.038059324
2246,2018-01-31,83143,-0.0138564897384853,-0.081334695
2247,2018-01-31,83443,-0.09632374407187871,-0.08069848
2248,2018-01-31,83862,0.15142269561800892,-0.10652544
2249,2018-01-31,83906,-0.2209400918710278,-0.06701703
2250,2018-01-31,84032,0.05570509189989359,-0.09441187
2251,2018-01-31,84129,0.017045014881711618,-0.08280171
2252,2018-01-31,84373,-0.03882456945419521,-0.09354295
2253,2018-01-31,84381,-0.1622960407559081,-0.09694017
2254,2018-01-31,84769,-0.09579707595152964,-0.09885821
2255,2018-01-31,84788,0.07942963652669666,-0.019463059
2256,2018-01-31,85035,-0.060889660373975474,-0.06834173
2257,2018-01-31,85058,-0.012232283214197559,-0.09607728
2258,2018-01-31,85072,-0.03465091425506128,-0.08422081
2259,2018-01-31,85257,-0.08355100887812295,-0.1104181
2260,2018-01-31,85265,-0.019498857543325587,-0.07297548
2261,2018-01-31,85269,0.1662867892359523,-0.05012583
2262,2018-01-31,85348,0.03444042759431176,-0.10075643
2263,2018-01-31,85459,0.011390956647968409,-0.10174099
2264,2018-01-31,85592,0.004496952070745852,-0.10312051
2265,2018-01-31,85593,-0.1728492656787468,-0.08688001
2266,2018-01-31,85621,-0.17079003272961324,-0.10253123
2267,2018-01-31,85631,0.08891672750589574,-0.025887966
2268,2018-01-31,85663,-0.1717727757200399,-0.058827892
2269,2018-01-31,85675,0.03278749131792247,0.059870053
2270,2018-01-31,85753,0.021755653012258236,-0.090646625
2271,2018-01-31,85792,-0.15562666886446452,-0.06345969
2272,2018-01-31,85913,-0.0701730990871966,-0.05658626
2273,2018-01-31,85914,0.054385420178690635,-0.023981381
2274,2018-01-31,85926,-0.07037596938168722,-0.086764716
2275,2018-01-31,86021,-0.07448754643092192,-0.104558796
2276,2018-01-31,86111,-0.0717401252128711,-0.05825089
2277,2018-01-31,86136,0.0531266438258049,0.048007872
2278,2018-01-31,86158,0.05180657950772982,-0.054768074
2279,2018-01-31,86228,-0.0549847043310242,-0.092754
2280,2018-01-31,86314,0.514951181538521,-0.073518254
2281,2018-01-31,86339,-0.09695644579491869,-0.055193875
2282,2018-01-31,86356,-0.06653595165693305,-0.045299463
2283,2018-01-31,86580,-0.08446000495837347,0.0578878
2284,2018-01-31,86783,0.139090980912983,-0.043441787
2285,2018-01-31,86868,-0.10780433513387211,-0.055884816
2286,2018-01-31,86964,0.12833674348150104,-0.08453356
2287,2018-01-31,86979,-0.05305961373780477,-0.09968199
2288,2018-01-31,87055,0.014393984985044517,-0.06176814
2289,2018-01-31,87137,-0.1202103859347804,0.045331217
2290,2018-01-31,87184,0.24113359735883688,-0.04030113
2291,2018-01-31,87267,-0.06686314588306752,-0.064030066
2292,2018-01-31,87299,0.0695644212506632,-0.07566993
2293,2018-01-31,87432,-0.10265002674667334,-0.10097008
2294,2018-01-31,87447,-0.10092519592848292,-0.05769227
2295,2018-01-31,87657,0.0061584904254869954,-0.08991843
2296,2018-01-31,87717,-0.016784052841935737,-0.07252916
2297,2018-01-31,87842,1.6357720708404244e-05,0.017791538
2298,2018-01-31,88031,-0.19390446618842883,-0.107797444
2299,2018-01-31,88352,0.021104258798837927,0.0125154555
2300,2018-01-31,88446,0.03563050434471404,0.01583284
2301,2018-01-31,88661,0.150493554500017,-0.09961752
2302,2018-01-31,88668,0.03401730932221447,-0.061646033
2303,2018-01-31,88837,-0.059950955004604345,-0.07592209
2304,2018-01-31,88845,-0.03879085238857549,-0.058533706
2305,2018-01-31,88853,-0.025246311506723296,-0.074812695
2306,2018-01-31,88873,0.011446096533813233,-0.100998335
2307,2018-01-31,89002,-0.20704389620599972,-0.082768455
2308,2018-01-31,89003,-0.06922795415906824,-0.09694104
2309,2018-01-31,89006,-0.1055393831542063,-0.059391268
2310,2018-01-31,89014,-0.04059292694248451,-0.10706131
2311,2018-01-31,89017,-0.0708604326297988,-0.09335819
2312,2018-01-31,89070,-0.09199688764875891,-0.050952252
2313,2018-01-31,89071,-0.05068036748287652,-0.06619382
2314,2018-01-31,89179,-0.0447326607809978,-0.062010363
2315,2018-01-31,89195,-0.11664928706956368,-0.07351752
2316,2018-01-31,89216,-0.22371656933974438,-0.038276445
2317,2018-01-31,89217,-0.021186353459332175,-0.13657385
2318,2018-01-31,89258,-0.09777809504724277,-0.050813798
2319,2018-01-31,89269,0.012497530617031849,-0.10629239
2320,2018-01-31,89393,0.15597205751983534,0.07650756
2321,2018-01-31,89508,-0.1242862326412072,-0.093766436
2322,2018-01-31,89509,-0.10277093537255244,-0.09755032
2323,2018-01-31,89525,-0.25774199961933975,-0.075525396
2324,2018-01-31,89533,0.12782455913595014,-0.0026647032
2325,2018-01-31,89617,-0.07023693056241986,-0.039667737
2326,2018-01-31,89626,0.03163529804134968,-0.05527707
2327,2018-01-31,89641,0.059757949985610015,-0.017594751
2328,2018-01-31,89866,-0.26195637665851224,-0.08810642
2329,2018-01-31,90038,0.021061090546836914,-0.077964775
2330,2018-01-31,90071,0.193001295973231,-0.10072743
2331,2018-01-31,90199,-0.008318041069059645,-0.10145265
2332,2018-01-31,90215,0.06215358908187363,-0.048925534
2333,2018-01-31,90305,0.08290590308852419,-0.08635849
2334,2018-01-31,90319,-0.13841971631045302,-0.033490974
2335,2018-01-31,90373,-0.04687420331224568,-0.03347011
2336,2018-01-31,90386,-0.011883414689645933,-0.092196904
2337,2018-01-31,90441,-0.0044453174624480285,-0.012140238
2338,2018-01-31,90442,-0.006682791141414124,-0.08998253
2339,2018-01-31,90601,0.09651823902818757,-0.09166599
2340,2018-01-31,90805,-0.056642246565824395,0.016887076
2341,2018-01-31,90808,-0.09811298800086277,-0.065135196
2342,2018-01-31,90829,-0.07906272221227484,-0.08700153
2343,2018-01-31,90880,-0.16454245387913624,0.059233505
2344,2018-01-31,90979,0.28138685017498655,0.02125844
2345,2018-01-31,90993,-0.015520548366871667,-0.09036584
2346,2018-01-31,91063,-0.09201849220668179,-0.08992905
2347,2018-01-31,91068,0.3035198336931315,-0.014293531
2348,2018-01-31,91103,-0.004131365699193479,0.034908902
2349,2018-01-31,91152,0.011544625442343026,-0.105328485
2350,2018-01-31,91233,0.056401949363687365,-0.056842964
2351,2018-01-31,91392,-0.07468297968572513,-0.09955715
2352,2018-01-31,91416,-0.1434077437268092,-0.06647103
2353,2018-01-31,91461,-0.04100812092822881,-0.06651308
2354,2018-01-31,91556,-0.015814179302967468,-0.043608982
2355,2018-01-31,91926,-0.07481402130205483,0.010519126
2356,2018-01-31,92121,-0.1031652392969985,-0.04946237
2357,2018-01-31,92157,-0.10159761313288673,-0.043820843
2358,2018-01-31,92239,-0.0014622947854412427,-0.09796917
2359,2018-01-31,92322,0.12971424412071064,-0.058917593
2360,2018-01-31,92602,-0.22691820870362467,-0.056144465
2361,2018-01-31,92611,0.02308253192376375,-0.075442575
2362,2018-01-31,92614,0.04647329806710365,-0.11388752
2363,2018-01-31,92618,0.010035515505500303,0.04359961
2364,2018-01-31,92655,0.0017273018165455678,-0.07554441
2365,2018-01-31,92778,-0.06873210171491717,-0.115137674
2366,2018-01-31,93002,-0.06845352654302495,0.021042544
2367,2018-01-31,93089,0.06397044794394602,-0.09665522
2368,2018-01-31,93096,-0.06107145896772215,-0.039544918
2369,2018-04-30,10104,0.04810542139586538,-0.014426454
2370,2018-04-30,10107,0.1392046933457809,0.036617048
2371,2018-04-30,10138,0.052136058950762454,-0.056776404
2372,2018-04-30,10145,0.1090620710686907,0.014959988
2373,2018-04-30,10516,0.07146725358454042,-0.04984459
2374,2018-04-30,10696,0.06520138696496436,0.0062408336
2375,2018-04-30,10909,0.06575468566614995,-0.084352836
2376,2018-04-30,11308,0.08880578190509025,-0.009110698
2377,2018-04-30,11404,-0.005567866637991248,-0.044637024
2378,2018-04-30,11552,0.03432723323037923,-0.009968168
2379,2018-04-30,11600,-0.04238300733601452,-0.08234056
2380,2018-04-30,11618,0.1468748215428639,-0.07571971
2381,2018-04-30,11674,0.039154840908184774,-0.06493808
2382,2018-04-30,11762,0.11850141198666764,0.018968543
2383,2018-04-30,11850,0.05893974110559652,-0.06627507
2384,2018-04-30,11955,0.11332190408972509,0.0143762175
2385,2018-04-30,12052,-0.0028099169116526657,0.02157702
2386,2018-04-30,12060,-0.022530842477449742,-0.037742708
2387,2018-04-30,12062,0.026884405411547574,-0.07935879
2388,2018-04-30,12073,0.006282865849853048,-0.041588936
2389,2018-04-30,12308,0.122709388212076,0.014216626
2390,2018-04-30,12345,0.056731318920940854,0.00013311885
2391,2018-04-30,12369,0.04075187536630809,-0.0068125417
2392,2018-04-30,12431,0.18010790596435444,-0.08752017
2393,2018-04-30,12490,0.010798388658767477,-0.017961983
2394,2018-04-30,12542,-0.24213681220652583,-0.06879534
2395,2018-04-30,12558,0.13655667950175987,-0.05166923
2396,2018-04-30,12622,0.30198281979116226,0.03757185
2397,2018-04-30,12650,0.09399801705214439,-0.04926753
2398,2018-04-30,12872,0.08545198282920619,-0.02610709
2399,2018-04-30,12981,0.06424456554015512,-0.079738215
2400,2018-04-30,13035,0.05328666089228529,-0.08194293
2401,2018-04-30,13103,0.16222136060814196,-0.06946536
2402,2018-04-30,13142,-0.0247041977882122,-0.07340272
2403,2018-04-30,13168,0.54970638561523,-0.06624312
2404,2018-04-30,13356,0.11544207933179629,-0.057036005
2405,2018-04-30,13407,0.003373119571261851,0.08056493
2406,2018-04-30,13586,0.004060122291454693,-0.07472367
2407,2018-04-30,13688,-0.0655092738358205,-0.109000094
2408,2018-04-30,13721,-0.035152542257509634,-0.024717297
2409,2018-04-30,13788,0.03746773868946418,0.001037366
2410,2018-04-30,13856,0.14983079970363633,-0.03309989
2411,2018-04-30,13901,0.05871619014956431,-0.014741497
2412,2018-04-30,13928,0.11085541674902988,-0.059378535
2413,2018-04-30,13936,-0.038280077388788025,-0.096764624
2414,2018-04-30,13963,-0.05694476871052945,-0.06980107
2415,2018-04-30,13964,-0.058461295303189664,-0.05067008
2416,2018-04-30,13983,-0.21998122380039176,-0.08106505
2417,2018-04-30,14008,0.13504400415886075,-0.04986579
2418,2018-04-30,14277,-0.007980237494567999,-0.05719575
2419,2018-04-30,14297,0.05920021831200439,-0.05716601
2420,2018-04-30,14541,0.018006313123406503,-0.054540914
2421,2018-04-30,14542,0.19653272900507246,0.120785855
2422,2018-04-30,14593,0.15591458142474934,0.07704428
2423,2018-04-30,14702,-0.017045425791188618,0.05085925
2424,2018-04-30,14776,-0.12351362875455396,0.006773846
2425,2018-04-30,14889,-0.029520864260681123,-0.056605645
2426,2018-04-30,15069,0.15998373036799207,-0.09157145
2427,2018-04-30,15202,0.004946005999357128,-0.0927827
2428,2018-04-30,15408,0.08013867828922372,-0.018850178
2429,2018-04-30,15456,0.14036948792055948,-0.098077364
2430,2018-04-30,15488,0.10092614596158733,-0.0028216713
2431,2018-04-30,15579,0.1101772218773911,0.003463186
2432,2018-04-30,15707,-0.08797481805963647,0.008923674
2433,2018-04-30,15720,0.026662951988711603,-0.100835845
2434,2018-04-30,15980,0.2208463809133956,-0.09761356
2435,2018-04-30,16087,0.1684732429364506,-0.06751181
2436,2018-04-30,16432,-0.030265545187325937,-0.11376794
2437,2018-04-30,16538,-0.008667308299016296,-0.09561028
2438,2018-04-30,16600,0.07583896242177413,-0.09712328
2439,2018-04-30,16678,0.1570753038559618,-0.09386939
2440,2018-04-30,17005,-0.0640922373268411,-0.061200336
2441,2018-04-30,17144,0.06468988548917887,-0.01209324
2442,2018-04-30,17478,0.06542796952244445,0.0033879182
2443,2018-04-30,17750,0.1104692140006942,-0.016143678
2444,2018-04-30,17830,0.13609982804044196,0.017234126
2445,2018-04-30,18163,0.12823694930362728,-0.039461214
2446,2018-04-30,18411,0.06856554528752068,-0.061588917
2447,2018-04-30,18542,0.0022636266455633436,0.009578019
2448,2018-04-30,18729,0.03387148551317276,0.020115929
2449,2018-04-30,19166,0.12940908862870626,-0.06275945
2450,2018-04-30,19350,0.07519881555822128,0.032742217
2451,2018-04-30,19393,0.13504740804666393,0.014655583
2452,2018-04-30,19502,0.023775097508590637,-0.053928584
2453,2018-04-30,19561,0.07348031537013933,0.055456854
2454,2018-04-30,19583,-0.058415166823551745,-0.09330792
2455,2018-04-30,20415,0.013275453156754935,-0.06704238
2456,2018-04-30,20482,0.13250370497579267,-0.013440173
2457,2018-04-30,21020,-0.07679654294279814,-0.06113556
2458,2018-04-30,21178,0.022855277647836125,-0.0092269275
2459,2018-04-30,21186,-0.012732640459993672,-0.08406315
2460,2018-04-30,21207,-0.06304768115745585,-0.056605645
2461,2018-04-30,21371,-0.21400918022714843,-0.08605759
2462,2018-04-30,21573,0.051153571265152076,-0.059715334
2463,2018-04-30,21776,0.08022783593397231,-0.03428299
2464,2018-04-30,21792,0.1366006564268225,-0.07109107
2465,2018-04-30,21936,0.10126571190191691,-0.07893073
2466,2018-04-30,22103,0.09572825339584567,0.029397743
2467,2018-04-30,22111,0.05543576917741233,0.012900794
2468,2018-04-30,22293,0.23636854246120298,-0.08681731
2469,2018-04-30,22509,0.049535096982561644,0.020011136
2470,2018-04-30,22517,0.0044853110124256634,-0.10527779
2471,2018-04-30,22592,0.09965214350471419,-0.009439197
2472,2018-04-30,22752,0.12762951239535347,-0.07156097
2473,2018-04-30,22779,0.10947436686970535,-0.098640084
2474,2018-04-30,23026,0.04081191736144474,-0.10621884
2475,2018-04-30,23085,0.09097267798693265,-0.11260325
2476,2018-04-30,23229,0.03224846036801221,-0.09543848
2477,2018-04-30,23393,0.21555462069722342,-0.062078286
2478,2018-04-30,23473,0.08348803104232116,-0.0329955
2479,2018-04-30,23536,0.04172972768480787,-0.08646958
2480,2018-04-30,23579,0.09897285529121391,-0.0971126
2481,2018-04-30,23660,0.2007046388677609,-0.07281761
2482,2018-04-30,23712,-0.00256175219309962,-0.056482576
2483,2018-04-30,23819,-0.1964636386541787,-0.039170865
2484,2018-04-30,23931,0.009298989811929559,-0.08649879
2485,2018-04-30,24010,0.007563553659642119,-0.09511543
2486,2018-04-30,24109,0.026088942472529686,-0.036139388
2487,2018-04-30,24205,0.02918147863392173,-0.0020933035
2488,2018-04-30,24328,-0.009584532842478288,-0.092789374
2489,2018-04-30,24643,0.2221669626182663,-0.07769952
2490,2018-04-30,24766,-0.06352105946710385,0.0036208348
2491,2018-04-30,24942,-0.02943727315437783,0.005955661
2492,2018-04-30,24985,0.06732306295074575,-0.09670117
2493,2018-04-30,25081,0.02861397322713133,-0.07520527
2494,2018-04-30,25232,0.16970832143541204,-0.06935959
2495,2018-04-30,25320,0.011426605226104058,-0.11165698
2496,2018-04-30,25419,-0.14791107992181696,-0.07410223
2497,2018-04-30,25582,0.05852538790631767,-0.06718642
2498,2018-04-30,25778,0.27962309001823327,-0.08902189
2499,2018-04-30,25785,-0.09407445977438011,-0.044066366
2500,2018-04-30,25953,0.14004031374982007,-0.07329747
2501,2018-04-30,26403,0.14093754157804272,-0.03355676
2502,2018-04-30,26710,-0.030761941427751238,-0.09297022
2503,2018-04-30,26825,0.21605571973285853,-0.087893546
2504,2018-04-30,27043,-0.0012123142628316375,-0.05690534
2505,2018-04-30,27828,0.08032375847343753,0.0027229222
2506,2018-04-30,27887,0.045239706296143156,-0.04920981
2507,2018-04-30,27959,0.030438928662876563,-0.06322939
2508,2018-04-30,27983,-0.16568867441232038,-0.06728928
2509,2018-04-30,27991,0.007761598236784906,-0.07455859
2510,2018-04-30,28222,0.01872814372813525,-0.020652544
2511,2018-04-30,28388,0.06674929543537322,-0.096791
2512,2018-04-30,28484,0.15639800488487499,-0.06497062
2513,2018-04-30,28804,-0.026995723001048244,-0.08617808
2514,2018-04-30,29946,-0.047636510231362617,-0.09193603
2515,2018-04-30,30681,-0.058036807184857375,-0.09975806
2516,2018-04-30,30940,0.0029178226299806376,-0.07482799
2517,2018-04-30,32707,-0.10947763496141483,-0.067030564
2518,2018-04-30,32870,-0.002775776407951347,-0.08573507
2519,2018-04-30,34032,0.0679264825410848,-0.0477507
2520,2018-04-30,34746,-0.1023434667804155,-0.08757926
2521,2018-04-30,34817,0.09275843880033197,-0.06760088
2522,2018-04-30,34833,0.09611579171758233,-0.029368563
2523,2018-04-30,35044,-0.00010906915394670591,-0.06566707
2524,2018-04-30,35554,-0.04451573056180713,0.0029925546
2525,2018-04-30,36468,0.20145449024078577,0.00907141
2526,2018-04-30,37284,0.08926627195183356,-0.029228143
2527,2018-04-30,37584,0.027592446480544153,-0.084645614
2528,2018-04-30,38093,0.025736980474514226,-0.10306123
2529,2018-04-30,38156,0.1711192675168045,-0.09309365
2530,2018-04-30,38703,0.1109203386418185,-0.057657678
2531,2018-04-30,38762,0.081532414808005,-0.07572104
2532,2018-04-30,39490,0.12965245419257698,-0.09937538
2533,2018-04-30,39538,0.07229474333413388,-0.10740814
2534,2018-04-30,39642,0.08330906711634145,-0.043868497
2535,2018-04-30,39917,-0.06289168820654412,-0.03704946
2536,2018-04-30,40125,-0.05460575335832274,-0.058379322
2537,2018-04-30,40272,-0.0549700682010027,-0.067446776
2538,2018-04-30,40539,0.15150796180315362,-0.03090136
2539,2018-04-30,41080,-0.10006464173822449,0.019325282
2540,2018-04-30,41355,0.031385982622672115,-0.051676992
2541,2018-04-30,42200,0.08029756752991446,-0.035556596
2542,2018-04-30,42585,-0.01929338242255585,-0.091469206
2543,2018-04-30,42877,0.02313629913542692,-0.07632634
2544,2018-04-30,42906,0.04297898853890514,-0.07805846
2545,2018-04-30,43350,0.060343431964834604,-0.062034372
2546,2018-04-30,43449,-0.053154864104970834,-0.04879244
2547,2018-04-30,43553,0.14476739402060423,-0.055740703
2548,2018-04-30,44206,0.016801230936069667,-0.0875474
2549,2018-04-30,44601,0.09948150259794919,-0.06019305
2550,2018-04-30,44644,0.14907348614985771,-0.029727971
2551,2018-04-30,45356,0.11594359565167323,-0.018751534
2552,2018-04-30,45751,0.02780812537670374,0.037822004
2553,2018-04-30,45911,0.09366217503902585,-0.08408819
2554,2018-04-30,46578,0.16151744935176016,-0.07683194
2555,2018-04-30,46674,0.11018777141120539,-0.09460464
2556,2018-04-30,46703,0.08081777629313835,-0.08637725
2557,2018-04-30,46886,0.16179649476762092,-0.06782183
2558,2018-04-30,47896,0.062424745679974025,0.088372655
2559,2018-04-30,48486,0.03577013326940004,0.058811445
2560,2018-04-30,48506,0.05768420010421349,0.0054492233
2561,2018-04-30,48653,0.06978753402462257,-0.05911345
2562,2018-04-30,48725,0.12728133226097094,-0.021260777
2563,2018-04-30,49015,-0.031087131501211895,-0.06652475
2564,2018-04-30,49154,0.12072755460481788,-0.057160933
2565,2018-04-30,49373,-0.0803658622616985,-0.06717446
2566,2018-04-30,49656,-0.013941123839479874,-0.036457792
2567,2018-04-30,49680,0.024186545926485392,-0.05013196
2568,2018-04-30,50876,0.22726982778207772,-0.05870942
2569,2018-04-30,52038,0.08024573516195344,-0.024481095
2570,2018-04-30,52090,0.11993180526832892,-0.061588623
2571,2018-04-30,52230,0.2525575644696114,-0.07630002
2572,2018-04-30,52329,0.16695564992364775,-0.045610074
2573,2018-04-30,52476,0.12384847524039855,-0.09859661
2574,2018-04-30,52695,0.2374324417535103,-0.06349384
2575,2018-04-30,52708,-0.010991761293973834,-0.055984784
2576,2018-04-30,52978,0.13792826943156378,-0.069814555
2577,2018-04-30,53065,-0.03519211245842602,-0.060402483
2578,2018-04-30,53613,0.148108930092969,0.10908856
2579,2018-04-30,54148,-0.05888618093006037,-0.07013127
2580,2018-04-30,55976,0.01505061643755301,-0.03331439
2581,2018-04-30,56274,-0.0039485818302730236,-0.09674299
2582,2018-04-30,56573,0.014903613575348862,0.043223884
2583,2018-04-30,57568,-0.025305770450757548,-0.06778744
2584,2018-04-30,57665,0.1276725128776568,-0.06669583
2585,2018-04-30,57817,0.04412444275646665,-0.063527845
2586,2018-04-30,57904,0.027106339818063763,-0.063565545
2587,2018-04-30,58246,0.027150462139277964,-0.07552126
2588,2018-04-30,58413,0.09205577456845049,-0.05931696
2589,2018-04-30,58683,0.10435312257443696,0.0109933335
2590,2018-04-30,58819,0.008387936273838603,-0.068319954
2591,2018-04-30,59010,0.0398734125911262,-0.047291268
2592,2018-04-30,59176,0.011375583347077889,-0.025555402
2593,2018-04-30,59248,-0.053260269621800416,-0.09387319
2594,2018-04-30,59300,0.0736759456257472,-0.07572104
2595,2018-04-30,59328,-0.06289449161140181,0.05902116
2596,2018-04-30,59408,0.036348886371438294,0.03607343
2597,2018-04-30,59459,-0.0052282890265576976,0.03283599
2598,2018-04-30,60097,0.13259904243697895,-0.033468727
2599,2018-04-30,60206,0.1739409176315514,-0.07503913
2600,2018-04-30,60442,0.0013517203131188094,0.006160674
2601,2018-04-30,60506,0.03677328658947987,-0.057895306
2602,2018-04-30,60599,0.04098016301709362,-0.10981641
2603,2018-04-30,60628,-0.0027016602010242474,-0.058922675
2604,2018-04-30,60871,0.10581053450618061,0.0063704965
2605,2018-04-30,60943,0.08370576238873118,-0.08048765
2606,2018-04-30,60986,-0.043317933973130995,-0.11670951
2607,2018-04-30,61241,0.6847441616740599,-0.032060668
2608,2018-04-30,61399,0.2109308990486305,0.014216061
2609,2018-04-30,61621,0.1591980844840728,-0.049176306
2610,2018-04-30,61735,0.010385316953013257,-0.055239573
2611,2018-04-30,61815,0.0703890484136993,-0.07995163
2612,2018-04-30,62092,0.11583260135802842,-0.060626585
2613,2018-04-30,62148,0.19408552224387132,-0.022346644
2614,2018-04-30,62308,0.01731061893120245,-0.06259153
2615,2018-04-30,64186,0.0442384509433158,-0.024257025
2616,2018-04-30,64282,-0.07676113409028418,-0.10467671
2617,2018-04-30,64311,0.18396782381645682,-0.012612786
2618,2018-04-30,64390,-0.004643157565284328,0.0016245991
2619,2018-04-30,64653,0.08953872958189302,-0.014953963
2620,2018-04-30,64936,0.09138609856703384,-0.002236431
2621,2018-04-30,64995,0.05396577075225806,-0.07832105
2622,2018-04-30,65541,0.1391316978713062,-0.040699173
2623,2018-04-30,65875,0.05856930562250562,-0.07782189
2624,2018-04-30,65947,0.18969745007514915,-0.086028896
2625,2018-04-30,66093,-0.007120461531112787,-0.049238708
2626,2018-04-30,66157,0.05709764468806,0.0011114476
2627,2018-04-30,66181,0.07471192022373052,-0.07353823
2628,2018-04-30,66384,-0.10387149624519043,-0.06176141
2629,2018-04-30,66800,-0.008336314758203178,-0.05677949
2630,2018-04-30,67598,0.12623614381968928,-0.08481924
2631,2018-04-30,68144,0.0852760344200636,0.0020018872
2632,2018-04-30,69032,-0.01476078343198084,-0.008117704
2633,2018-04-30,69550,-0.03741381348670936,-0.062647484
2634,2018-04-30,69649,0.02392828866773855,-0.0765397
2635,2018-04-30,69796,-0.09522331996510436,-0.05773834
2636,2018-04-30,70033,0.05197642698291216,-0.09784794
2637,2018-04-30,70332,0.09040992486447585,-0.03447602
2638,2018-04-30,70519,0.05798241460682929,-0.010084709
2639,2018-04-30,70578,-0.025362247784101122,-0.035128083
2640,2018-04-30,71175,-0.1732877880002106,-0.06264775
2641,2018-04-30,71563,-0.031133428181235878,-0.05521647
2642,2018-04-30,72726,-0.11096037470525666,0.0006831961
2643,2018-04-30,73139,-0.0337382462108643,-0.05551799
2644,2018-04-30,75034,-0.037620364372769055,-0.0966554
2645,2018-04-30,75100,0.343150001040357,-0.08668139
2646,2018-04-30,75154,-0.053257434082546795,0.033836283
2647,2018-04-30,75186,-0.08141977955012758,-0.032135427
2648,2018-04-30,75241,-0.060932721222595965,-0.053449176
2649,2018-04-30,75510,0.10415314672376463,-0.06740665
2650,2018-04-30,75607,-0.26983772537887385,-0.09522894
2651,2018-04-30,75819,0.11166956013764606,-0.092608064
2652,2018-04-30,75825,0.09276003019183698,-0.032804213
2653,2018-04-30,75828,0.09128457100314713,0.005955661
2654,2018-04-30,76076,-0.037753942824946374,-0.08437381
2655,2018-04-30,76082,-0.014607211821072275,-0.037984237
2656,2018-04-30,76095,0.1062095981588651,-0.07267497
2657,2018-04-30,76201,0.12753821645064178,-0.06661691
2658,2018-04-30,76226,0.07430591839415968,-0.09736046
2659,2018-04-30,76605,0.12971036161590188,-0.09389333
2660,2018-04-30,76614,0.21183706035931005,-0.015930876
2661,2018-04-30,76639,0.09058701605472819,-0.076382406
2662,2018-04-30,76709,0.25933948167513354,-0.08916354
2663,2018-04-30,76712,0.09150137392579172,-0.06982725
2664,2018-04-30,76744,0.14292676537365123,0.031055514
2665,2018-04-30,76841,0.22211268332039924,-0.004193145
2666,2018-04-30,77129,0.1699763174367157,-0.11416823
2667,2018-04-30,77178,0.26980261666792105,0.0080063185
2668,2018-04-30,77182,0.03313731786495966,-0.05478228
2669,2018-04-30,77274,0.08616105906459182,0.02137567
2670,2018-04-30,77338,0.1444441125099576,0.0031513753
2671,2018-04-30,77357,0.04584212947043209,-0.08537018
2672,2018-04-30,77462,0.29157971115861625,-0.05790541
2673,2018-04-30,77496,-0.10253284357610759,-0.10951211
2674,2018-04-30,77605,0.17026286460700213,-0.03031622
2675,2018-04-30,77606,0.19841241704993617,-0.04553421
2676,2018-04-30,77661,-0.007146680693805529,-0.06851871
2677,2018-04-30,77668,0.04967264234764812,-0.035859592
2678,2018-04-30,77702,-0.08519356398353162,-0.014910186
2679,2018-04-30,77730,-0.1739454488468153,-0.056605645
2680,2018-04-30,77768,0.10379640912060784,-0.051477205
2681,2018-04-30,78916,0.20349723223585592,-0.012191361
2682,2018-04-30,78975,0.10732703445853709,-0.06091686
2683,2018-04-30,78987,0.12115775273978158,-0.061795697
2684,2018-04-30,79057,0.035872704812668355,0.026346268
2685,2018-04-30,79103,0.1949896985450108,-0.05039969
2686,2018-04-30,79129,0.07778009354791715,-0.08688573
2687,2018-04-30,79145,0.0481230710893199,-0.06394088
2688,2018-04-30,79265,0.09750950354035681,-0.073444426
2689,2018-04-30,79323,-0.022861416419059033,-0.06017874
2690,2018-04-30,79545,-0.056383269758318755,-0.061542057
2691,2018-04-30,79547,0.06935058059556565,-0.08469024
2692,2018-04-30,79637,0.0701089255570777,-0.06801119
2693,2018-04-30,79678,0.10655581415755089,0.0015870514
2694,2018-04-30,79698,0.11657999235262273,-0.06830792
2695,2018-04-30,79782,0.0918637306085035,-0.06606968
2696,2018-04-30,79906,0.07426663493833874,-0.086245805
2697,2018-04-30,79915,-0.03623852976176012,-0.11410375
2698,2018-04-30,80080,0.02035767286819601,-0.07671272
2699,2018-04-30,80100,0.14133557487150283,-0.0452644
2700,2018-04-30,80183,0.11210128713213341,-0.07797876
2701,2018-04-30,80191,-0.024988601242874497,-0.07020815
2702,2018-04-30,80204,0.025893249077310054,-0.101481654
2703,2018-04-30,80286,0.1524975132808284,-0.06146255
2704,2018-04-30,80381,0.09427343527215948,-0.07881456
2705,2018-04-30,80399,0.03792760129159389,-0.067706555
2706,2018-04-30,80681,0.01109092392523614,-0.0694944
2707,2018-04-30,80711,0.060822375605303014,-0.04977994
2708,2018-04-30,81045,0.11761060036178095,-0.098954424
2709,2018-04-30,81055,0.04532467299439813,0.0055125756
2710,2018-04-30,81061,-0.19402776993378046,-0.04087153
2711,2018-04-30,81481,-0.04807377087460296,-0.06828258
2712,2018-04-30,81540,-0.09255265562762438,-0.07971732
2713,2018-04-30,81655,0.15944197304697316,-0.06595919
2714,2018-04-30,81696,-0.05931585336762879,-0.11651419
2715,2018-04-30,81774,0.08794840803216064,-0.061676525
2716,2018-04-30,82307,0.11928566254941164,-0.074655525
2717,2018-04-30,82581,0.04486605882037753,-0.09833788
2718,2018-04-30,82598,0.17030121263883524,-0.090986565
2719,2018-04-30,82642,-0.086509314424006,0.0023348439
2720,2018-04-30,82651,0.04702383964444934,-0.06974101
2721,2018-04-30,82686,0.06860619233460574,-0.08742723
2722,2018-04-30,82775,-0.016496613084690748,-0.07901864
2723,2018-04-30,83111,0.13032648029538985,0.015497361
2724,2018-04-30,83143,0.0523534408977655,-0.06139417
2725,2018-04-30,83443,0.02137130746255922,-0.0294879
2726,2018-04-30,83862,-0.014339513341565135,-0.06245309
2727,2018-04-30,83906,0.1899145224392249,-0.09780275
2728,2018-04-30,84032,0.2587930852602789,-0.08785441
2729,2018-04-30,84129,-0.051784889933771394,-0.074120335
2730,2018-04-30,84373,0.06924382275328056,-0.095919766
2731,2018-04-30,84381,0.14587096379515496,-0.06158948
2732,2018-04-30,84767,0.030568301019532562,-0.06294964
2733,2018-04-30,84769,0.1198863154413119,0.006748962
2734,2018-04-30,84788,0.13492518647798235,0.05916579
2735,2018-04-30,85035,0.21305161545611506,-0.047802195
2736,2018-04-30,85058,0.04055353557472374,-0.0868284
2737,2018-04-30,85072,0.23481707925708717,-0.06399908
2738,2018-04-30,85257,0.11670008180733982,-0.083992325
2739,2018-04-30,85265,0.06343883480666901,-0.062208757
2740,2018-04-30,85269,0.07431213940935333,-0.053239394
2741,2018-04-30,85348,-0.08573828054437971,-0.066618316
2742,2018-04-30,85459,0.007469476536591024,-0.074930064
2743,2018-04-30,85592,0.018488369434229934,-0.04978305
2744,2018-04-30,85593,-0.027640827157054737,-0.05980922
2745,2018-04-30,85621,0.05818158546944319,-0.067868486
2746,2018-04-30,85631,0.020175669274588248,-0.0041978443
2747,2018-04-30,85663,-0.00800146258733958,-0.06609484
2748,2018-04-30,85675,0.19074864729105956,-0.10334915
2749,2018-04-30,85753,0.23684058400377994,-0.051800124
2750,2018-04-30,85792,0.04830782595394156,-0.06181074
2751,2018-04-30,85913,-0.06190610405479857,0.00065648416
2752,2018-04-30,85914,-0.013578480533070425,-0.09269091
2753,2018-04-30,85926,0.008707952088865323,-0.06826007
2754,2018-04-30,86021,0.09926666411176943,-0.07149932
2755,2018-04-30,86111,0.09317792981858486,0.028871624
2756,2018-04-30,86136,0.04187255395945266,0.021399256
2757,2018-04-30,86158,-0.0012811625362626478,-0.057051644
2758,2018-04-30,86228,0.1262511492315883,-0.05315551
2759,2018-04-30,86314,0.015474054472733423,-0.046707965
2760,2018-04-30,86339,0.11013768542304048,0.0042066295
2761,2018-04-30,86356,-0.1169512534100795,0.005232573
2762,2018-04-30,86580,0.0894129733871194,0.056756567
2763,2018-04-30,86783,-0.068538063371133,-0.0448646
2764,2018-04-30,86868,-0.00029830762799565314,0.014563735
2765,2018-04-30,86964,0.05083544248301464,-0.054940157
2766,2018-04-30,86979,0.0784072227780237,-0.06758771
2767,2018-04-30,87055,0.11253563836203972,-0.03558905
2768,2018-04-30,87137,0.24129495434800718,-0.07621706
2769,2018-04-30,87184,-0.13387656853853036,-0.049476746
2770,2018-04-30,87267,-0.03090258056963091,0.004339777
2771,2018-04-30,87299,0.050383492682100295,-0.07510574
2772,2018-04-30,87432,0.0069997538122950065,-0.0670682
2773,2018-04-30,87447,0.06462607627377004,-0.048803713
2774,2018-04-30,87657,0.11847957124730524,0.0019163806
2775,2018-04-30,87717,0.19997258607932134,-0.045341164
2776,2018-04-30,87842,-0.031771491987893086,-0.0398786
2777,2018-04-30,88031,0.0912746349046043,0.009998705
2778,2018-04-30,88352,0.15293377088452775,-0.020544453
2779,2018-04-30,88446,0.3462857549825078,-0.02038428
2780,2018-04-30,88661,-0.11722046113166584,-0.06249966
2781,2018-04-30,88837,0.07364368303872548,-0.05636224
2782,2018-04-30,88845,0.05496809541059222,-0.07163049
2783,2018-04-30,88853,-0.12687097858954588,-0.06289102
2784,2018-04-30,88873,-0.004162529871865939,-0.092600204
2785,2018-04-30,89002,0.1105466125503134,-0.071926884
2786,2018-04-30,89003,0.08914684621320546,0.036374565
2787,2018-04-30,89006,0.10413534996323626,-0.0071530566
2788,2018-04-30,89014,0.051224435429211956,-0.069479465
2789,2018-04-30,89017,0.0777180070285921,-0.05595331
2790,2018-04-30,89070,0.09221902696910611,-0.08716681
2791,2018-04-30,89071,0.05376748604790582,-0.020875009
2792,2018-04-30,89179,0.07557643380152212,-0.059075154
2793,2018-04-30,89195,-0.010216955681438544,-0.10002585
2794,2018-04-30,89217,0.23452049609561798,-0.062554374
2795,2018-04-30,89258,-0.04247637838673224,-0.051585507
2796,2018-04-30,89269,0.20031317743384425,-0.08885619
2797,2018-04-30,89393,0.07997749297392232,0.07202683
2798,2018-04-30,89508,0.19488323649502748,-0.052204255
2799,2018-04-30,89509,-0.01816626996939341,-0.073658526
2800,2018-04-30,89525,0.14638130082458045,-0.043527175
2801,2018-04-30,89533,-0.10075855488733076,-0.039492812
2802,2018-04-30,89617,0.050153084534922954,0.022312496
2803,2018-04-30,89626,0.013242819279149831,0.0036641366
2804,2018-04-30,89641,-0.08115413673714489,-0.08107672
2805,2018-04-30,89866,0.08058989259118565,-0.060847208
2806,2018-04-30,90038,0.19521318887207095,-0.0657912
2807,2018-04-30,90071,0.02258181491773481,-0.069691606
2808,2018-04-30,90199,0.09909180697339659,-0.07979517
2809,2018-04-30,90215,0.13356623833253223,-0.06470551
2810,2018-04-30,90305,0.058138690314480934,-0.07554797
2811,2018-04-30,90319,0.2048342491698414,0.095067166
2812,2018-04-30,90373,0.15971794375794013,-0.08148632
2813,2018-04-30,90386,0.1182128150889501,-0.06820721
2814,2018-04-30,90441,0.23085696044677118,0.0025297152
2815,2018-04-30,90442,0.23149572653013184,-0.0006261935
2816,2018-04-30,90601,0.03967768364808366,-0.11103331
2817,2018-04-30,90805,0.12388732071127095,-0.114165254
2818,2018-04-30,90808,0.16544245227183896,-0.09092871
2819,2018-04-30,90829,0.15333155525097042,-0.07643751
2820,2018-04-30,90880,0.04589037575253596,-0.06457463
2821,2018-04-30,90979,0.12443378272656314,-0.10072863
2822,2018-04-30,90993,0.023282914822939427,0.00510188
2823,2018-04-30,91063,-0.030138524479198958,-0.10459452
2824,2018-04-30,91068,0.02440256312766742,-0.04396552
2825,2018-04-30,91103,0.19040697473306056,-0.04474899
2826,2018-04-30,91152,0.17147512967977319,-0.097039826
2827,2018-04-30,91233,0.11206966901088444,-0.07916349
2828,2018-04-30,91416,0.21600129336426277,-0.074017785
2829,2018-04-30,91461,0.03014679497740791,-0.066596426
2830,2018-04-30,91556,0.08422573242166664,-0.05960665
2831,2018-04-30,91926,0.055334316132863215,0.022228913
2832,2018-04-30,92121,0.0067925189163968724,0.014660606
2833,2018-04-30,92157,0.024596765878896365,0.0034338036
2834,2018-04-30,92239,-0.07226287147876254,-0.039586123
2835,2018-04-30,92322,-0.02598220321794109,-0.0931957
2836,2018-04-30,92602,0.06754331591867313,0.025019001
2837,2018-04-30,92611,0.07944868625295531,-0.08518891
2838,2018-04-30,92614,0.024827536024113694,-0.09670117
2839,2018-04-30,92655,0.07492116698146178,-0.09032461
2840,2018-04-30,92778,0.10486347348114,-0.11137673
2841,2018-04-30,93002,-0.026861203119909693,0.024424741
2842,2018-04-30,93089,0.03917390444566937,-0.102585234
2843,2018-04-30,93096,0.019778169262657963,-0.055695493
2844,2018-04-30,93429,-0.08785795141213948,-0.080969706
2845,2018-07-31,10104,0.028460905284894533,-0.080877244
2846,2018-07-31,10107,0.010808132023982342,0.14733304
2847,2018-07-31,10138,-0.1802853648250261,-0.085676536
2848,2018-07-31,10145,-0.05032658355765074,-0.04986156
2849,2018-07-31,10516,-0.014300761300549691,-0.06892682
2850,2018-07-31,10696,0.05060719553542192,0.05561937
2851,2018-07-31,10909,-0.07731992740661875,-0.092811584
2852,2018-07-31,11308,0.03555048343394107,-0.087670706
2853,2018-07-31,11404,-0.028352067680889048,-0.09447612
2854,2018-07-31,11552,-0.20523985032944736,-0.05214422
2855,2018-07-31,11600,-0.27853124933163564,-0.079366155
2856,2018-07-31,11618,-0.08979846348083464,-0.07077908
2857,2018-07-31,11674,0.04370049703837031,-0.090348065
2858,2018-07-31,11762,-0.13126683005411344,0.010087901
2859,2018-07-31,11850,-0.012358009845790607,-0.04208083
2860,2018-07-31,11891,-0.1456911699129506,-0.08858243
2861,2018-07-31,11955,-0.0008600262985939411,-0.04481611
2862,2018-07-31,12052,-0.13216254378850034,-0.065570354
2863,2018-07-31,12060,-0.25197667715813965,-0.063516386
2864,2018-07-31,12062,-0.084354737007719,-0.07033596
2865,2018-07-31,12073,-0.13137744025246267,-0.046744034
2866,2018-07-31,12308,0.05183996897965493,-0.054855525
2867,2018-07-31,12345,-0.1869842948618432,-0.049072087
2868,2018-07-31,12369,-0.024153180815270514,-0.045292377
2869,2018-07-31,12431,-0.020990055072004243,-0.09431307
2870,2018-07-31,12490,-0.19490757913396228,-0.07219203
2871,2018-07-31,12542,0.11754549932790814,-0.08201199
2872,2018-07-31,12558,-0.03132016820201311,-0.06317956
2873,2018-07-31,12622,0.07766510855073405,-0.032003738
2874,2018-07-31,12650,-0.12040185745011067,-0.053557377
2875,2018-07-31,12872,-0.12321773849282824,0.012774789
2876,2018-07-31,12981,-0.2241671796768432,-0.066804454
2877,2018-07-31,13035,-0.13832199229620734,-0.087020084
2878,2018-07-31,13103,-0.2151372358865028,-0.07547532
2879,2018-07-31,13142,-0.16963748067564544,-0.08339239
2880,2018-07-31,13168,-0.1008845498702855,-0.06546548
2881,2018-07-31,13356,-0.16062332666158885,-0.061963975
2882,2018-07-31,13407,-0.12046752764268576,0.18564697
2883,2018-07-31,13586,-0.09672494519733876,-0.07750067
2884,2018-07-31,13688,0.08657949081598004,-0.086488545
2885,2018-07-31,13721,-0.1469810509519366,-0.042677164
2886,2018-07-31,13788,0.04243244004290214,-0.05089984
2887,2018-07-31,13856,-0.014799357151409898,-0.060120914
2888,2018-07-31,13901,0.12281060784669884,-0.05869151
2889,2018-07-31,13928,-0.02744892467492932,-0.052542366
2890,2018-07-31,13936,-0.21300597683015499,-0.040370025
2891,2018-07-31,13963,-0.11776806771875703,-0.045050297
2892,2018-07-31,13964,-0.12139594370414619,-0.045050297
2893,2018-07-31,13983,-0.20555547984173805,-0.08967027
2894,2018-07-31,14008,-0.012541145626464356,-0.04798043
2895,2018-07-31,14277,-0.23393793037269017,-0.069604196
2896,2018-07-31,14297,0.053898746799489805,-0.05323523
2897,2018-07-31,14338,-0.09343626274235595,-0.07199791
2898,2018-07-31,14541,-0.10736528971523451,-0.06923796
2899,2018-07-31,14542,-0.11541656856130067,0.053863924
2900,2018-07-31,14593,0.1541871950602247,0.14520246
2901,2018-07-31,14702,-0.32072912570369405,-0.06830604
2902,2018-07-31,14704,-0.009432756899809824,-0.07180032
2903,2018-07-31,14776,0.004949603245926859,-0.055007063
2904,2018-07-31,14889,-0.05410731415163439,-0.067184046
2905,2018-07-31,15069,-0.0986539564546215,-0.07988577
2906,2018-07-31,15202,-0.09470093596260376,-0.096168466
2907,2018-07-31,15408,-0.07813214019525994,-0.05785085
2908,2018-07-31,15456,-0.0273848613494293,-0.057518855
2909,2018-07-31,15488,0.024955808140725955,-0.05148126
2910,2018-07-31,15579,-0.15919593210560146,-0.05257715
2911,2018-07-31,15707,-0.005550129602521547,-0.07661551
2912,2018-07-31,15720,0.050873741852280885,-0.09225987
2913,2018-07-31,15980,0.05816536626814295,-0.059531093
2914,2018-07-31,16087,-0.09463829461649054,-0.08350299
2915,2018-07-31,16432,-0.1235062018971339,-0.09356815
2916,2018-07-31,16538,-0.18830655139751973,-0.07958701
2917,2018-07-31,16600,0.09898999640262218,-0.09646423
2918,2018-07-31,16678,0.030918841673046593,-0.06761818
2919,2018-07-31,17005,0.12379796435273893,-0.06324336
2920,2018-07-31,17144,-0.03830165802436225,-0.08852038
2921,2018-07-31,17478,-0.08817463177311013,-0.05089984
2922,2018-07-31,17750,-0.07606921106012487,-0.056016408
2923,2018-07-31,17830,-0.08013592262595148,-0.049352225
2924,2018-07-31,18163,0.10624060534204882,-0.08255983
2925,2018-07-31,18411,-0.06161841812669111,-0.066562355
2926,2018-07-31,18542,-0.1508040621722303,-0.059040338
2927,2018-07-31,18729,-0.10537169580637507,-0.059909903
2928,2018-07-31,19166,-0.12965187293496883,-0.037595507
2929,2018-07-31,19350,-0.060312732644116185,-0.042363424
2930,2018-07-31,19393,-0.13422868053270953,-0.06740278
2931,2018-07-31,19502,0.18710221325320298,-0.052829612
2932,2018-07-31,19561,0.0009154488519556025,-0.08258159
2933,2018-07-31,19583,-0.18565609902318958,-0.08867578
2934,2018-07-31,20415,-0.10989980457169557,-0.07034356
2935,2018-07-31,20482,0.056121410142610184,-0.06013622
2936,2018-07-31,21020,-0.1104867865097745,-0.07539698
2937,2018-07-31,21178,-0.0932709534122137,-0.059327513
2938,2018-07-31,21186,-0.25314724087403795,-0.10486617
2939,2018-07-31,21207,-0.1531211525293077,-0.09075398
2940,2018-07-31,21371,0.021948157584380734,-0.10276657
2941,2018-07-31,21573,-0.14803945564836385,-0.09291583
2942,2018-07-31,21776,0.0390268741991906,-0.043615058
2943,2018-07-31,21792,-0.042198578090126726,-0.05609934
2944,2018-07-31,21936,0.08763561305227685,-0.072829425
2945,2018-07-31,22103,-0.05471588957557094,-0.046535596
2946,2018-07-31,22111,0.06341471342885141,-0.058690734
2947,2018-07-31,22293,-0.03188934129341181,-0.051833566
2948,2018-07-31,22509,-0.04616089215909347,-0.09108119
2949,2018-07-31,22517,0.07121887489688894,-0.092055246
2950,2018-07-31,22592,-0.09788796596433069,-0.06593857
2951,2018-07-31,22752,0.1251685754771752,-0.06654597
2952,2018-07-31,22779,0.014550747831158173,-0.07952111
2953,2018-07-31,23026,0.06266450461942807,-0.07277802
2954,2018-07-31,23085,0.004882684579319729,-0.090538725
2955,2018-07-31,23229,0.03206541923713213,-0.09144831
2956,2018-07-31,23393,0.06624100323161053,-0.09193519
2957,2018-07-31,23473,0.04687138490337972,-0.044680282
2958,2018-07-31,23536,0.039100597966245765,-0.0910307
2959,2018-07-31,23579,-0.2142174802166925,-0.08372448
2960,2018-07-31,23660,-0.1105691444839686,-0.08398129
2961,2018-07-31,23712,0.04505650956071583,-0.07338166
2962,2018-07-31,23819,-0.1787357765741141,0.0006136052
2963,2018-07-31,23931,0.05408266054220312,-0.09256455
2964,2018-07-31,24010,0.043976673031510094,-0.07572987
2965,2018-07-31,24109,0.0402113679989049,0.012197662
2966,2018-07-31,24205,0.03630457445677693,-0.046383787
2967,2018-07-31,24328,-0.31581519292091176,-0.08369621
2968,2018-07-31,24643,-0.06003327902943134,-0.08173972
2969,2018-07-31,24766,-0.12474686501512477,-0.040352643
2970,2018-07-31,24942,-0.1123428204492446,-0.046508417
2971,2018-07-31,24985,0.047888403083992115,-0.076302886
2972,2018-07-31,25081,-0.15322915117000413,-0.085669644
2973,2018-07-31,25232,-0.05732671045085713,-0.07738503
2974,2018-07-31,25320,-0.07670871709928118,-0.07217997
2975,2018-07-31,25419,-0.15516340068375167,-0.060571667
2976,2018-07-31,25582,-0.09463308553111371,-0.08873981
2977,2018-07-31,25778,0.00925630932892263,-0.033706628
2978,2018-07-31,25785,-0.03183691288865853,-0.07023915
2979,2018-07-31,25953,0.003920165952711496,-0.041578937
2980,2018-07-31,26403,0.0111807819272427,-0.060120914
2981,2018-07-31,26710,-0.08196283962709838,-0.10360261
2982,2018-07-31,26825,-0.07094919523409482,-0.082919315
2983,2018-07-31,27043,0.033948790909912985,-0.042055413
2984,2018-07-31,27828,0.051835218818382156,0.018563481
2985,2018-07-31,27887,-0.13498227320426592,-0.049072087
2986,2018-07-31,27959,0.02385654465037046,-0.05996165
2987,2018-07-31,27983,0.08315605840467888,-0.07024595
2988,2018-07-31,27991,0.03179822988722836,-0.06356139
2989,2018-07-31,28222,-0.05363003261268495,0.038368255
2990,2018-07-31,28388,-0.04511223518827279,-0.089922644
2991,2018-07-31,28484,-0.1220847133982742,-0.07501561
2992,2018-07-31,28804,-0.01776049298754334,-0.08325761
2993,2018-07-31,29946,-0.12668176729798641,-0.09604814
2994,2018-07-31,30681,0.08906587555065903,-0.09637857
2995,2018-07-31,30940,0.038944470720532864,-0.06615836
2996,2018-07-31,32707,0.027088357034813937,-0.07047563
2997,2018-07-31,32870,0.21868739814370097,-0.07770881
2998,2018-07-31,34032,-0.25339935249402734,-0.058141373
2999,2018-07-31,34746,-0.08199428949038678,-0.07220928
3000,2018-07-31,34817,-0.11136829281341909,-0.067755595
3001,2018-07-31,34833,-0.1927493286634343,-0.05257715
3002,2018-07-31,35044,-0.08160197613095499,-0.07233902
3003,2018-07-31,35554,-0.040417233981207557,-0.09500995
3004,2018-07-31,36468,-0.10549876146536208,-0.055925656
3005,2018-07-31,37584,-0.10472097911221889,-0.10005284
3006,2018-07-31,38093,0.04304361951600333,-0.07826796
3007,2018-07-31,38156,-0.17243024697194398,-0.0865992
3008,2018-07-31,38703,-0.06403226432643006,-0.062068656
3009,2018-07-31,38762,-0.024021910750605002,-0.057024673
3010,2018-07-31,39490,-0.17272361894836807,-0.09354353
3011,2018-07-31,39538,-0.14429717371573558,-0.07236487
3012,2018-07-31,39642,-0.07666168664481776,-0.051965434
3013,2018-07-31,39917,-0.21318305383248715,-0.08103179
3014,2018-07-31,40125,-0.1387479179587977,-0.06845256
3015,2018-07-31,40272,0.09530227311240758,-0.061864823
3016,2018-07-31,40539,0.13420506869831028,-0.05257715
3017,2018-07-31,41080,-0.0353435979396739,-0.0928334
3018,2018-07-31,41355,-0.09913958725877303,-0.08743538
3019,2018-07-31,42200,0.09306655480963122,-0.03473729
3020,2018-07-31,42585,-0.017808715532063535,-0.07365631
3021,2018-07-31,42877,-0.07567656533422495,-0.073492415
3022,2018-07-31,42906,-0.06359891846650345,-0.076003596
3023,2018-07-31,43350,-0.21679562286842646,-0.070010155
3024,2018-07-31,43449,0.12987584025304155,-0.071726024
3025,2018-07-31,43553,-0.09518419213676987,-0.0007436228
3026,2018-07-31,44206,0.05034709616244282,-0.09436563
3027,2018-07-31,44601,-0.20497354511570665,-0.047257837
3028,2018-07-31,44644,0.0723490233055264,-0.045292377
3029,2018-07-31,45356,-0.14169873601005745,0.017971462
3030,2018-07-31,45751,0.02188272415730297,-0.065346316
3031,2018-07-31,45911,-0.07901606767272817,-0.08943046
3032,2018-07-31,46578,0.10514024086061413,-0.09485386
3033,2018-07-31,46674,0.013421712691776388,-0.0724781
3034,2018-07-31,46703,-0.07877237165298778,-0.07649892
3035,2018-07-31,46886,-0.21533484783027934,-0.044660937
3036,2018-07-31,47896,-0.045006757022725274,0.062188808
3037,2018-07-31,48486,-0.2512936809308074,0.12271574
3038,2018-07-31,48506,-0.14765370103679498,0.0469043
3039,2018-07-31,48653,0.021354453771998516,-0.058458917
3040,2018-07-31,48725,-0.0192704713505768,-0.06333576
3041,2018-07-31,49015,-0.11199655884310267,-0.095843196
3042,2018-07-31,49154,0.04458699478271555,-0.06028667
3043,2018-07-31,49373,0.06519293992874875,-0.07109658
3044,2018-07-31,49656,-0.10941550484455853,-0.069255464
3045,2018-07-31,49680,-0.029565377857767472,-0.051965434
3046,2018-07-31,50876,0.10348365780849167,-0.063934356
3047,2018-07-31,52038,0.06660095190252768,0.03006553
3048,2018-07-31,52090,0.22980731152707023,-0.07835588
3049,2018-07-31,52230,-0.198134086539014,-0.07529217
3050,2018-07-31,52329,0.11496957010949238,-0.049131274
3051,2018-07-31,52476,-0.1893828522567964,-0.0952858
3052,2018-07-31,52695,-0.17742916088775573,-0.05232254
3053,2018-07-31,52708,-0.17695520719698588,-0.09756315
3054,2018-07-31,52978,-0.0729856152676791,-0.05377238
3055,2018-07-31,53065,0.03628994070123026,-0.04797666
3056,2018-07-31,53613,-0.28546680764669397,0.18743283
3057,2018-07-31,54148,-0.1346816398336761,-0.040575508
3058,2018-07-31,55976,0.13040353741337518,-0.06399596
3059,2018-07-31,56274,-0.024458615195734668,-0.095214166
3060,2018-07-31,56573,-0.10368535339491403,-0.05407349
3061,2018-07-31,57568,0.15234822953606564,-0.098733686
3062,2018-07-31,57665,-0.021940824358912092,-0.05257715
3063,2018-07-31,57817,0.2623006998489341,-0.047804922
3064,2018-07-31,57904,-0.06943107589798869,0.03508828
3065,2018-07-31,58246,-0.1341153367668545,-0.07914578
3066,2018-07-31,58413,-0.003670046342939992,-0.0554535
3067,2018-07-31,58683,-0.15356270993749987,0.04941648
3068,2018-07-31,58819,0.00793458347457987,-0.04169603
3069,2018-07-31,59010,-0.0871592447837426,-0.053456225
3070,2018-07-31,59176,0.03599206609999839,-0.045292377
3071,2018-07-31,59248,-0.038926539130556326,-0.0915564
3072,2018-07-31,59300,0.026598551241932444,-0.054862108
3073,2018-07-31,59328,-0.01943245694752027,-0.053317748
3074,2018-07-31,59408,-0.10512556810095519,0.053018045
3075,2018-07-31,59459,-0.032806714439895246,-0.0029396568
3076,2018-07-31,60097,0.000550481911489431,-0.067741945
3077,2018-07-31,60206,-0.08800328504694344,-0.0655701
3078,2018-07-31,60442,-0.10607285169870395,-0.073736385
3079,2018-07-31,60506,-0.12567528591575416,-0.08671667
3080,2018-07-31,60599,0.12701374491161443,-0.09183681
3081,2018-07-31,60628,-0.10146902496796617,-0.04798043
3082,2018-07-31,60871,-0.12504525791768073,0.042858593
3083,2018-07-31,60943,-0.15969033280703937,-0.058986038
3084,2018-07-31,60986,-0.3872823369138415,-0.100294136
3085,2018-07-31,61241,-0.00654693945289242,0.058289386
3086,2018-07-31,61399,-0.036782049072282996,-0.047912404
3087,2018-07-31,61621,-0.043028650188690176,-0.0741389
3088,2018-07-31,61735,0.09382246112576853,-7.4058946e-05
3089,2018-07-31,61815,-0.30913905812829057,-0.08070375
3090,2018-07-31,62092,-0.0030529342485909883,-0.050052512
3091,2018-07-31,62148,-0.02286027071372687,-0.057670247
3092,2018-07-31,62308,-0.036968139872022965,-0.05932292
3093,2018-07-31,64186,0.19167581777269538,-0.063496865
3094,2018-07-31,64282,0.045423681224039614,-0.05729381
3095,2018-07-31,64311,-0.0022942636327869526,-0.057571564
3096,2018-07-31,64390,0.16147187746534808,0.03737521
3097,2018-07-31,64653,-0.047687602610585356,-0.03870786
3098,2018-07-31,64936,0.007466476981305981,-0.057177417
3099,2018-07-31,64995,-0.12289600209041618,-0.067755595
3100,2018-07-31,65402,-0.2314960909934306,-0.049794856
3101,2018-07-31,65541,-0.008405727364531268,-0.09137923
3102,2018-07-31,65875,0.1176505800079557,-0.0712772
3103,2018-07-31,65947,0.06991936721317704,-0.09396365
3104,2018-07-31,66093,-0.026027903090166005,0.02442133
3105,2018-07-31,66157,-0.007065888635091944,-0.06069905
3106,2018-07-31,66181,-0.10501247498156718,-0.077716336
3107,2018-07-31,66384,-0.38076074188156706,-0.082742006
3108,2018-07-31,66800,-0.2476335655971773,-0.06979181
3109,2018-07-31,67598,0.07858049419697188,-0.056096178
3110,2018-07-31,68144,-0.12462938803981793,0.052379876
3111,2018-07-31,69032,-0.09082808795117325,-0.070879675
3112,2018-07-31,69550,-0.16242330904173163,-0.09563181
3113,2018-07-31,69649,-0.15995765980485543,-0.079065636
3114,2018-07-31,69796,-0.04905909964029054,0.0468695
3115,2018-07-31,70033,-0.1014507872565138,-0.06530022
3116,2018-07-31,70332,-0.26982078543047816,-0.011975602
3117,2018-07-31,70519,-0.0837866417923333,-0.06731036
3118,2018-07-31,70578,0.09134170585952117,-0.055054154
3119,2018-07-31,71175,-0.08046125553778283,-0.08945528
3120,2018-07-31,71563,-0.024816488873441123,-0.04451552
3121,2018-07-31,72726,-0.21712666318960305,0.015015293
3122,2018-07-31,73139,-0.0036421512962236946,-0.045292377
3123,2018-07-31,75034,-0.2240953964424679,-0.10039965
3124,2018-07-31,75100,-0.18732937837171781,-0.06890662
3125,2018-07-31,75154,-0.046261969767875,0.017899584
3126,2018-07-31,75186,-0.09207337853245512,-0.045898095
3127,2018-07-31,75241,-0.22118076364033867,0.049149994
3128,2018-07-31,75341,-0.04656661827733444,-0.037504666
3129,2018-07-31,75510,0.004414155173879664,-0.01493308
3130,2018-07-31,75607,-0.09891422780578807,-0.09512821
3131,2018-07-31,75819,0.04439857163039407,-0.08665906
3132,2018-07-31,75825,-0.1815581125304293,-0.052619264
3133,2018-07-31,75828,-0.2933587620533088,-0.029742109
3134,2018-07-31,76076,0.08919440579132942,-0.07039938
3135,2018-07-31,76082,0.03370370176412796,-0.07153838
3136,2018-07-31,76095,-0.09135242986637004,-0.055794645
3137,2018-07-31,76201,0.19034816360188955,-0.08939214
3138,2018-07-31,76226,0.09234721744663665,-0.08699677
3139,2018-07-31,76605,0.03960013927766659,-0.07982084
3140,2018-07-31,76614,-0.07817771559488085,-0.053483143
3141,2018-07-31,76639,-0.002925596046292722,-0.094515964
3142,2018-07-31,76709,-0.1339561838719211,-0.0816394
3143,2018-07-31,76712,0.11161539728558778,-0.045720253
3144,2018-07-31,76744,-0.03193107609518919,-0.0448311
3145,2018-07-31,76841,-0.09001723659437433,-0.029084437
3146,2018-07-31,77129,-0.019410027721720846,-0.06857265
3147,2018-07-31,77178,-0.010030035375618862,-0.030845558
3148,2018-07-31,77182,-0.12473783639273284,-0.061981928
3149,2018-07-31,77274,-0.11725309387475458,-0.05214422
3150,2018-07-31,77338,-0.06162756672547709,0.041970413
3151,2018-07-31,77357,0.0011162158657551657,-0.075926624
3152,2018-07-31,77462,-0.12780957149169758,-0.08185071
3153,2018-07-31,77496,-0.3378091184066584,-0.06476137
3154,2018-07-31,77605,0.07527893635001148,-0.046790656
3155,2018-07-31,77606,0.03293293159440602,-0.09228565
3156,2018-07-31,77661,-0.17479694990967698,-0.050440717
3157,2018-07-31,77668,0.22035941703760198,-0.050288122
3158,2018-07-31,77702,0.11999856528018893,-0.06588881
3159,2018-07-31,77730,0.04435888637759611,-0.09198747
3160,2018-07-31,77768,-0.012979193018852309,-0.058458917
3161,2018-07-31,78916,-0.1383127385115458,-0.056064665
3162,2018-07-31,78975,0.0352987195045269,-0.05257715
3163,2018-07-31,78987,-0.29283748255079045,-0.067184046
3164,2018-07-31,79057,-0.10133624386880324,-0.051990815
3165,2018-07-31,79103,0.04820650142607419,-0.08185323
3166,2018-07-31,79145,-0.06629187174326656,-0.08671667
3167,2018-07-31,79265,-0.2076584618963052,-0.0613378
3168,2018-07-31,79323,0.010936722110269859,0.012112611
3169,2018-07-31,79545,-0.14030590879484117,-0.07535568
3170,2018-07-31,79547,0.0007389778093822574,-0.09167799
3171,2018-07-31,79637,-0.0036556557706876047,-0.0674322
3172,2018-07-31,79678,-0.05952307642921162,-0.048281718
3173,2018-07-31,79698,0.08927493777465201,-0.057024673
3174,2018-07-31,79782,0.004475310145712008,-0.056249384
3175,2018-07-31,79906,-0.025851172069923822,-0.097571045
3176,2018-07-31,79915,-0.29666164919717863,-0.08317248
3177,2018-07-31,80080,-0.23950253301252256,-0.086975716
3178,2018-07-31,80100,0.05326695881460308,-0.046508417
3179,2018-07-31,80183,-0.021011529917971394,-0.0562179
3180,2018-07-31,80191,0.056800410902594134,-0.07009417
3181,2018-07-31,80204,-0.13903453264660381,-0.054043885
3182,2018-07-31,80286,0.18159685142445747,-0.058105733
3183,2018-07-31,80381,-0.00011058909277350537,-0.09085925
3184,2018-07-31,80399,-0.11466918962046291,-0.061982635
3185,2018-07-31,80681,0.05097920561579028,-0.10435503
3186,2018-07-31,80711,0.017957730416110484,-0.056903545
3187,2018-07-31,81045,0.09293034320754812,-0.09698869
3188,2018-07-31,81055,-0.049308080980327795,-0.045731567
3189,2018-07-31,81061,-0.0036738748261809784,-0.10033339
3190,2018-07-31,81481,-0.07646810450242647,-0.068847
3191,2018-07-31,81540,0.08006072436042033,-0.09998927
3192,2018-07-31,81655,0.003233113016800848,-0.07212716
3193,2018-07-31,81696,-0.0259802287264701,-0.09139009
3194,2018-07-31,81736,0.004777578260346971,-0.084574185
3195,2018-07-31,81774,-0.29116905954070404,-0.065571785
3196,2018-07-31,82303,0.003609963640407665,-0.07428471
3197,2018-07-31,82307,-0.041832907880269055,-0.03629388
3198,2018-07-31,82581,0.045213300495211994,-0.07381422
3199,2018-07-31,82598,0.01733873843108036,-0.07460037
3200,2018-07-31,82642,0.02129886117495894,0.0302769
3201,2018-07-31,82651,-0.038424585546005585,-0.078179196
3202,2018-07-31,82686,-0.06820132998272443,-0.08615117
3203,2018-07-31,82775,-0.13300831820511494,-0.09879912
3204,2018-07-31,83111,-0.15711425070632012,-0.08851739
3205,2018-07-31,83143,-0.11380460559154437,-0.06708659
3206,2018-07-31,83443,0.03744523416191248,-0.06383624
3207,2018-07-31,83621,-0.11446061203914104,-0.08792552
3208,2018-07-31,83862,-0.17128882642240495,-0.07810687
3209,2018-07-31,83906,-0.28471127759115533,-0.06392035
3210,2018-07-31,84032,-0.24225470097900315,-0.07393655
3211,2018-07-31,84129,-0.08476157162234044,-0.043774813
3212,2018-07-31,84373,-0.12212040229906573,-0.09862585
3213,2018-07-31,84381,-0.11705836230037592,-0.08396268
3214,2018-07-31,84767,-0.033618286730254465,-0.077382006
3215,2018-07-31,84769,-0.04061358064230669,-0.0750552
3216,2018-07-31,84788,-0.10094968883960709,0.1589928
3217,2018-07-31,85035,-0.10090281116799338,-0.048732437
3218,2018-07-31,85058,-0.03042854971840958,-0.09293445
3219,2018-07-31,85072,-0.035424162028605544,-0.09905202
3220,2018-07-31,85257,-0.1362970797722819,-0.07794694
3221,2018-07-31,85265,-0.10746767973548987,-0.0562179
3222,2018-07-31,85269,-0.22497273046752897,-0.021946663
3223,2018-07-31,85348,0.1451438451476872,-0.097582415
3224,2018-07-31,85459,-0.030131116412958736,-0.09026482
3225,2018-07-31,85592,-0.010505762355644599,0.04357361
3226,2018-07-31,85593,-0.28826185300652984,-0.077546045
3227,2018-07-31,85621,-0.07711116262162276,-0.09724203
3228,2018-07-31,85631,0.006307578154168603,-0.07008887
3229,2018-07-31,85663,-0.19307811213811588,-0.045079228
3230,2018-07-31,85675,0.03908688815235273,-0.07450978
3231,2018-07-31,85753,-0.01852470564131492,-0.08996584
3232,2018-07-31,85792,-0.08423967589458414,-0.062127434
3233,2018-07-31,85913,-0.08261998025195438,-0.049072087
3234,2018-07-31,85914,-0.05944750793100606,-0.072996296
3235,2018-07-31,85926,-0.2628137228961668,-0.06527724
3236,2018-07-31,86021,-0.11307077705413959,-0.0764503
3237,2018-07-31,86111,0.05685566307753254,-0.04740887
3238,2018-07-31,86136,-0.03986549768605252,0.02178387
3239,2018-07-31,86158,-0.15074500778278177,-0.0448311
3240,2018-07-31,86228,0.007937101930066248,-0.073085085
3241,2018-07-31,86339,-0.009704063948719255,-0.0448311
3242,2018-07-31,86356,-0.13213599315023672,0.018834574
3243,2018-07-31,86580,-0.13851075494532306,0.013429157
3244,2018-07-31,86783,-0.07597595723977946,-0.06992265
3245,2018-07-31,86868,-0.047645471509172865,-0.07254041
3246,2018-07-31,86964,0.022757064591172327,-0.06273561
3247,2018-07-31,86979,0.11826838026989872,-0.060825214
3248,2018-07-31,87055,0.04794182391870083,-0.053793196
3249,2018-07-31,87137,-0.2787502525454094,-0.062826894
3250,2018-07-31,87184,0.21531871035811223,-0.08608514
3251,2018-07-31,87267,-0.17625255052096422,-0.046996865
3252,2018-07-31,87299,-0.03999287525521855,-0.09406503
3253,2018-07-31,87432,-0.01687150685104466,-0.10091074
3254,2018-07-31,87447,-0.10471193068410012,-0.05097831
3255,2018-07-31,87541,-0.18115617306960086,-0.06715728
3256,2018-07-31,87657,0.03615498627532565,0.06848105
3257,2018-07-31,87717,-0.11802590870683927,-0.07565666
3258,2018-07-31,87842,-0.09113130110643763,-0.06948
3259,2018-07-31,88031,-0.11945833383222682,0.05392621
3260,2018-07-31,88352,0.025565647388827273,-0.05961438
3261,2018-07-31,88446,-0.04072559454935287,-0.028161965
3262,2018-07-31,88661,-0.09601483836605085,-0.09979654
3263,2018-07-31,88837,0.06759165258550426,-0.04085044
3264,2018-07-31,88845,0.055779000434944326,-0.048212904
3265,2018-07-31,88853,-0.14106475645971128,-0.039078783
3266,2018-07-31,88860,-0.37978240240895356,-0.068287335
3267,2018-07-31,88873,0.014826940314888182,-0.082438864
3268,2018-07-31,89002,-0.08085580967757222,-0.06128623
3269,2018-07-31,89003,0.01234118822795871,0.05562756
3270,2018-07-31,89006,-0.02643026227797618,-0.05874912
3271,2018-07-31,89014,-0.07671773109024038,-0.08389049
3272,2018-07-31,89017,-0.09816739811626674,-0.093308076
3273,2018-07-31,89070,-0.0933664503272763,-0.085767835
3274,2018-07-31,89071,-0.0016480439163267802,-0.050749395
3275,2018-07-31,89179,0.09221659595088316,-0.06013622
3276,2018-07-31,89195,-0.18189338935679633,-0.09478259
3277,2018-07-31,89217,0.13160736420293184,-0.043630756
3278,2018-07-31,89258,-0.062132677543095705,-0.07059278
3279,2018-07-31,89269,-7.716830819870513e-05,-0.07614789
3280,2018-07-31,89393,-0.10570187198010761,0.12987454
3281,2018-07-31,89508,-0.09065663407497071,-0.07339984
3282,2018-07-31,89509,-0.19251826079635637,-0.07607364
3283,2018-07-31,89525,0.0716330233810969,-0.059969723
3284,2018-07-31,89533,-0.39353673860117144,-0.07726532
3285,2018-07-31,89617,-0.13326975057433066,0.018057723
3286,2018-07-31,89626,0.15622187162178292,-0.05257715
3287,2018-07-31,89641,-0.22542254759091562,-0.10382367
3288,2018-07-31,89866,-0.1864563907394644,-0.06469532
3289,2018-07-31,90038,-0.11395901497594507,-0.064213276
3290,2018-07-31,90071,0.14366648220734612,-0.044000924
3291,2018-07-31,90199,-0.1909624182162697,-0.08112207
3292,2018-07-31,90215,0.0006545891795284309,-0.052850172
3293,2018-07-31,90305,-0.03245602174790829,-0.044883244
3294,2018-07-31,90319,-0.11133795474432973,0.15756299
3295,2018-07-31,90373,-0.14256515287848548,-0.08950901
3296,2018-07-31,90386,0.02840263671280341,-0.037335645
3297,2018-07-31,90441,0.015623005699322956,-0.002402013
3298,2018-07-31,90442,0.021241331834458643,0.01636144
3299,2018-07-31,90601,-0.046769649929885304,-0.08818651
3300,2018-07-31,90805,0.21858098261280978,-0.04287429
3301,2018-07-31,90808,-0.060512287905133966,-0.08572018
3302,2018-07-31,90829,0.0880229548154412,-0.0763098
3303,2018-07-31,90880,-0.12093812485503441,-0.08723077
3304,2018-07-31,90979,0.10715937464486625,-0.058868993
3305,2018-07-31,90993,0.045626581570187286,-0.043615058
3306,2018-07-31,91063,0.10823929345683325,-0.07524829
3307,2018-07-31,91068,0.06149807977320365,-0.042138815
3308,2018-07-31,91103,0.06355376783569211,-0.08563714
3309,2018-07-31,91152,-0.120601750880304,-0.09232387
3310,2018-07-31,91233,-0.0004978457297631911,-0.07519465
3311,2018-07-31,91416,-0.22275492259737317,-0.058511082
3312,2018-07-31,91461,-0.09608126944195572,-0.045147732
3313,2018-07-31,91556,0.13494654089711378,0.025947236
3314,2018-07-31,91926,0.0056948284709581465,-0.010704786
3315,2018-07-31,92121,-0.01941697354115346,-0.06941806
3316,2018-07-31,92157,-0.19007149416985425,0.052739102
3317,2018-07-31,92239,-0.04634973283882382,-0.093964905
3318,2018-07-31,92322,0.12328795247886992,-0.09516801
3319,2018-07-31,92602,0.035067736886814194,-0.061176088
3320,2018-07-31,92611,0.009620636763980839,-0.06776019
3321,2018-07-31,92614,0.008350268116400272,-0.08016252
3322,2018-07-31,92655,0.0355477080124591,-0.06918315
3323,2018-07-31,92778,0.19388991277671175,-0.03629388
3324,2018-07-31,93002,0.015106574912707504,0.11866155
3325,2018-07-31,93089,0.08334967366145363,-0.08181063
3326,2018-07-31,93096,0.1379624704253184,-0.075966656
3327,2018-07-31,93429,0.16542409257854107,-0.05557436
3328,2018-10-31,10104,0.032494675537278805,-0.06858113
3329,2018-10-31,10107,-0.017997442291227905,0.1426128
3330,2018-10-31,10138,-0.029165346116248436,-0.066709176
3331,2018-10-31,10145,-0.002715066742912997,-0.0654411
3332,2018-10-31,10516,-0.042753900233089226,-0.08761537
3333,2018-10-31,10696,0.045777021805868845,-0.08546236
3334,2018-10-31,10909,-0.041372766143427664,-0.08259455
3335,2018-10-31,11308,0.013224228781909764,0.012652989
3336,2018-10-31,11403,0.07762569684893861,-0.031148449
3337,2018-10-31,11404,0.030948375601312694,0.022495344
3338,2018-10-31,11552,0.23547303363315275,-0.07050317
3339,2018-10-31,11600,0.2142335602158434,-0.047204062
3340,2018-10-31,11618,0.18443832897781864,-0.091363765
3341,2018-10-31,11674,0.055973187471362706,0.033192012
3342,2018-10-31,11762,0.07342295928530951,-0.065457255
3343,2018-10-31,11850,-0.07099925301830046,-0.07144833
3344,2018-10-31,11891,0.10854555834700785,-0.08205547
3345,2018-10-31,11955,0.07466198313114591,0.017961822
3346,2018-10-31,12052,-0.002606423766658761,-0.06915597
3347,2018-10-31,12060,0.007249864085095981,-0.078314975
3348,2018-10-31,12062,-0.13204801338766547,-0.06958001
3349,2018-10-31,12073,0.057149400659625815,-0.06912257
3350,2018-10-31,12308,0.03333901288228991,-0.03982035
3351,2018-10-31,12345,-0.014214931332892755,-0.06574706
3352,2018-10-31,12369,0.07776031597463806,-0.05844791
3353,2018-10-31,12431,0.04819456511042497,-0.06376718
3354,2018-10-31,12490,0.17932990437569507,-0.07865146
3355,2018-10-31,12542,0.0023141291578268053,-0.051988825
3356,2018-10-31,12558,0.07521463943467466,-0.066160254
3357,2018-10-31,12622,0.046722767724453496,-0.07650536
3358,2018-10-31,12650,0.04107689622264599,-0.057346117
3359,2018-10-31,12872,-0.05248512698983421,-0.09764486
3360,2018-10-31,12981,0.015137827721481534,-0.0831511
3361,2018-10-31,13035,0.0866121035289702,-0.056493983
3362,2018-10-31,13103,0.033308552962238114,-0.07991786
3363,2018-10-31,13142,-0.23335517940463812,-0.08529732
3364,2018-10-31,13168,0.10049845862411488,-0.039749704
3365,2018-10-31,13356,-0.06438801912967651,-0.09619686
3366,2018-10-31,13407,0.09815867095633912,0.11273764
3367,2018-10-31,13586,0.030466358854793985,-0.05618672
3368,2018-10-31,13688,-0.8641320430065795,0.030533079
3369,2018-10-31,13721,0.0443598943170036,-0.064627424
3370,2018-10-31,13760,0.16700442888007494,-0.056063965
3371,2018-10-31,13788,-0.0410562402793625,-0.021125562
3372,2018-10-31,13856,0.010535643805995365,0.019424647
3373,2018-10-31,13901,-0.22847408485748344,0.025269939
3374,2018-10-31,13911,0.04946090586507523,-0.08066081
3375,2018-10-31,13928,-0.031616263805587574,-0.09656369
3376,2018-10-31,13936,-0.09638793789430855,-0.079311065
3377,2018-10-31,13963,-0.027294844549845876,0.079972744
3378,2018-10-31,13964,-0.030736058574232228,0.01893828
3379,2018-10-31,13983,-0.2536674258289987,-0.08202646
3380,2018-10-31,14008,-0.022801663787148096,-0.06516237
3381,2018-10-31,14277,-0.12861190607956452,-0.06671599
3382,2018-10-31,14297,0.003953805259524046,-0.025997313
3383,2018-10-31,14338,0.04868958182506189,-0.08292943
3384,2018-10-31,14541,0.03670650737379111,-0.072794355
3385,2018-10-31,14542,0.03677713651378567,0.12261503
3386,2018-10-31,14593,-0.23685113720937456,0.10787276
3387,2018-10-31,14702,0.19531820104782072,-0.074241064
3388,2018-10-31,14704,-0.011610985166902177,-0.08892164
3389,2018-10-31,14776,0.04843292818355183,-0.0820402
3390,2018-10-31,14889,-0.08342674369321834,-0.068551384
3391,2018-10-31,15069,-0.16590095347225275,-0.094018616
3392,2018-10-31,15202,0.007784085265641005,-0.054027565
3393,2018-10-31,15408,-0.11519549662705819,0.016050098
3394,2018-10-31,15456,0.19272206902938183,-0.09612549
3395,2018-10-31,15488,0.054282896787416046,-0.083217725
3396,2018-10-31,15579,0.09273983616056958,-0.08565304
3397,2018-10-31,15707,0.030095417329479845,-0.081365936
3398,2018-10-31,15720,-0.17019904072643033,0.033498753
3399,2018-10-31,15980,-0.04488288226028714,0.039871484
3400,2018-10-31,16087,0.010919712161891582,-0.065330684
3401,2018-10-31,16432,0.013769320057660739,-0.0043457155
3402,2018-10-31,16538,-0.12231951119511142,-0.05545866
3403,2018-10-31,16600,-0.003085767739761547,0.014020636
3404,2018-10-31,16678,-0.04365353530350635,-0.073086224
3405,2018-10-31,16816,-0.05778379396690192,0.027841317
3406,2018-10-31,16851,0.004586848802102139,-0.06453127
3407,2018-10-31,17005,-0.08752361815435217,-0.04792289
3408,2018-10-31,17144,0.026913494777651925,0.016591506
3409,2018-10-31,17478,0.05414294183316026,-0.089887865
3410,2018-10-31,17750,0.07734001269835011,-0.06600495
3411,2018-10-31,17830,-0.04404780987500523,-0.06876072
3412,2018-10-31,18163,0.09645456224358417,-0.02918247
3413,2018-10-31,18411,0.09309440969882088,0.023590205
3414,2018-10-31,18542,0.10450077232581201,-0.0860277
3415,2018-10-31,18729,0.09353506861123262,-0.07063449
3416,2018-10-31,19166,0.027569726199967226,-0.05762251
3417,2018-10-31,19350,0.2172011859064269,-0.06940588
3418,2018-10-31,19393,-0.014274798875650863,-0.08079224
3419,2018-10-31,19502,-0.08931203982034785,0.04165168
3420,2018-10-31,19561,0.0916960045656181,-0.09176211
3421,2018-10-31,19583,-0.1487003353414713,-0.08221787
3422,2018-10-31,20415,-0.025076188901863916,-0.03430349
3423,2018-10-31,20482,0.06356188302491628,-0.07609952
3424,2018-10-31,21020,0.02252498889107213,-0.06781053
3425,2018-10-31,21178,-0.006938425985512309,-0.06497292
3426,2018-10-31,21186,-0.04329324623914832,-0.07505218
3427,2018-10-31,21207,0.10790130472642923,-0.037626125
3428,2018-10-31,21371,-0.0019062012626910319,-0.0670544
3429,2018-10-31,21573,0.05710254700610751,-0.08014766
3430,2018-10-31,21776,0.09847903374231115,0.03304158
3431,2018-10-31,21792,0.15633087806648605,-0.06776404
3432,2018-10-31,21936,0.0019027106730671317,-0.07964896
3433,2018-10-31,22103,-0.028637217308158824,-0.08933352
3434,2018-10-31,22111,-0.04330951658184656,0.017785413
3435,2018-10-31,22293,0.04684492875895696,-0.08096032
3436,2018-10-31,22509,0.007761722241956148,-0.08234423
3437,2018-10-31,22517,0.04385132241489842,0.01576131
3438,2018-10-31,22592,0.0599779259790123,-0.06373335
3439,2018-10-31,22752,0.018412102052940194,-0.013566696
3440,2018-10-31,22779,-0.04188876523641982,-0.0858501
3441,2018-10-31,23026,0.06160516512461234,0.030016528
3442,2018-10-31,23229,0.06842973541494302,0.014102959
3443,2018-10-31,23393,0.09187487242459258,-0.027131107
3444,2018-10-31,23473,0.038674764388547445,-0.01756884
3445,2018-10-31,23536,0.07606218412518562,0.029249232
3446,2018-10-31,23579,-0.007063265571057742,-0.092562556
3447,2018-10-31,23660,0.042680206902413254,-0.08780369
3448,2018-10-31,23712,0.029275655037574344,0.03482103
3449,2018-10-31,23819,-0.09027068774983282,-0.066912554
3450,2018-10-31,23931,0.07653839976665,0.024107026
3451,2018-10-31,24010,0.07375154148395824,0.002640975
3452,2018-10-31,24109,0.08825726810217516,0.014869466
3453,2018-10-31,24205,0.044069198174483626,0.033894256
3454,2018-10-31,24328,0.06488554068176344,-0.047304463
3455,2018-10-31,24643,-0.07166391630519686,-0.08033432
3456,2018-10-31,24766,0.05677587678111329,-0.08164123
3457,2018-10-31,24942,-0.05340274663092659,-0.0684817
3458,2018-10-31,24985,0.08096359953761234,0.016473936
3459,2018-10-31,25081,-0.02625646725980524,-0.05315891
3460,2018-10-31,25232,0.005861725797332573,-0.08832501
3461,2018-10-31,25320,-0.043059835165075944,0.023020165
3462,2018-10-31,25419,0.2241302198955657,-0.08471944
3463,2018-10-31,25582,0.03492937900268056,-0.09530611
3464,2018-10-31,25785,-0.06266765979631661,-0.058205977
3465,2018-10-31,25953,0.06629233210376517,-0.052604567
3466,2018-10-31,26403,-0.021196368430987933,-0.064247176
3467,2018-10-31,26710,0.030133203830617905,-0.067608744
3468,2018-10-31,26825,-0.09088003509694953,-0.08050551
3469,2018-10-31,27043,0.1060566721000209,-0.04081388
3470,2018-10-31,27828,-0.08092520692192118,-0.093534134
3471,2018-10-31,27887,0.16286715787464723,-0.08164123
3472,2018-10-31,27959,0.07376446601378572,0.017613968
3473,2018-10-31,27983,0.025078662895990256,0.04135169
3474,2018-10-31,27991,0.08033549116283734,0.0281515
3475,2018-10-31,28222,0.07236397444450837,-0.06444145
3476,2018-10-31,28388,0.04689608242292542,-0.055709902
3477,2018-10-31,28484,-0.05461473562192343,-0.09743881
3478,2018-10-31,28804,0.0461431080634358,-0.08245871
3479,2018-10-31,29946,0.023252612242246506,-0.066934474
3480,2018-10-31,30681,0.056604523087854464,-0.029002542
3481,2018-10-31,30940,-0.03551752805052144,-0.06056889
3482,2018-10-31,32707,-0.09090440207801376,-0.08969609
3483,2018-10-31,32870,-0.025459272683756806,-0.0063287253
3484,2018-10-31,34032,0.08428404459015071,-0.07511591
3485,2018-10-31,34746,0.003056130125228984,-0.06910573
3486,2018-10-31,34817,0.043840314614006504,-0.07036584
3487,2018-10-31,34833,0.007347583787546297,-0.08308406
3488,2018-10-31,35044,-0.09788710179235627,-0.07016843
3489,2018-10-31,35554,0.000624866115183087,0.019741043
3490,2018-10-31,36468,0.07347707489829847,-0.081514664
3491,2018-10-31,37584,-0.02052746376972503,0.0068630134
3492,2018-10-31,38093,0.014971449422107375,0.017258808
3493,2018-10-31,38156,0.12263641008830395,-0.06574706
3494,2018-10-31,38703,-0.0652016359979043,0.0026554472
3495,2018-10-31,38762,0.0757078670292266,0.033970576
3496,2018-10-31,39490,-0.12567593074917116,-0.08298712
3497,2018-10-31,39538,-0.12813167389397517,0.00211012
3498,2018-10-31,39642,0.08581265521381076,-0.08848861
3499,2018-10-31,39917,-0.0021167904752776856,-0.08246322
3500,2018-10-31,40125,-0.11689787078086289,-0.053202644
3501,2018-10-31,40272,-0.014507753178961802,0.018223401
3502,2018-10-31,40539,-0.09147863992326721,-0.078390814
3503,2018-10-31,41080,0.08464236297743244,-0.06884732
3504,2018-10-31,41355,0.0917518471705483,-0.06754629
3505,2018-10-31,42200,0.04735081915887984,-0.06277272
3506,2018-10-31,42585,-0.02446965548009894,0.025652802
3507,2018-10-31,42877,-0.030147339444738352,-0.05558998
3508,2018-10-31,42906,-0.06519443860337626,-0.07028966
3509,2018-10-31,43350,0.09075289391849184,-0.07191794
3510,2018-10-31,43449,0.016843227105435732,0.031763263
3511,2018-10-31,43553,0.022378706472033993,-0.09426652
3512,2018-10-31,44206,0.10545857545391346,0.032631416
3513,2018-10-31,44601,0.15773409260832927,-0.055283394
3514,2018-10-31,44644,-0.023881798378242003,-0.08338628
3515,2018-10-31,45356,0.06489532977494927,-0.06639149
3516,2018-10-31,45751,0.04581442011393144,0.031183688
3517,2018-10-31,45911,-0.15362899563298238,-0.085898034
3518,2018-10-31,46578,0.0058742935114508565,0.03735512
3519,2018-10-31,46674,0.02666633177943356,0.010044258
3520,2018-10-31,46703,-0.040784187761569,-0.066934474
3521,2018-10-31,46886,0.17343351934151507,-0.08010688
3522,2018-10-31,47896,-0.04281148059482354,0.11920786
3523,2018-10-31,48486,0.20528673799089225,-0.06509994
3524,2018-10-31,48506,0.0928522105288887,-0.08050551
3525,2018-10-31,48653,-0.033936073960860735,-0.08525346
3526,2018-10-31,48725,0.09366214438437925,-0.0841769
3527,2018-10-31,49015,-0.02164706622933521,-0.0817382
3528,2018-10-31,49154,-0.11901830994041007,-0.08347128
3529,2018-10-31,49373,-0.1029252611156738,0.03164122
3530,2018-10-31,49656,0.11122277352242205,-0.06600495
3531,2018-10-31,49680,0.1176549335514796,-0.06325308
3532,2018-10-31,50876,0.11097495499521992,0.0022027541
3533,2018-10-31,52038,-0.09918027036354171,-0.083461694
3534,2018-10-31,52090,-0.13786635883044673,-0.018330615
3535,2018-10-31,52230,0.06950587118116713,-0.08923263
3536,2018-10-31,52329,-0.13703597032429815,-0.077792205
3537,2018-10-31,52476,0.05908156817633903,-0.07670456
3538,2018-10-31,52695,0.045044591790859734,-0.08699363
3539,2018-10-31,52708,0.10428592288968863,-0.0804572
3540,2018-10-31,52978,-0.005668489962081136,-0.05315891
3541,2018-10-31,53065,-0.008925125339489193,-0.045785513
3542,2018-10-31,53613,0.013256762252656928,-0.07765545
3543,2018-10-31,54148,0.13672478486778838,-0.051049102
3544,2018-10-31,55976,-0.03913083227210745,0.015225418
3545,2018-10-31,56274,-0.3860947899201126,0.007992573
3546,2018-10-31,56573,0.08497934721298384,-0.068650484
3547,2018-10-31,57568,0.16934102501691228,0.027156375
3548,2018-10-31,57665,0.09434761057942387,-0.087296344
3549,2018-10-31,57817,-0.2892935499327509,-0.027394071
3550,2018-10-31,57904,0.11400009347841156,-0.064321525
3551,2018-10-31,58246,-0.05368755825777438,-0.06772182
3552,2018-10-31,58413,0.07792079859090362,-0.032745328
3553,2018-10-31,58683,0.15951129433909017,-0.08164123
3554,2018-10-31,58819,0.04314113092847838,0.03439079
3555,2018-10-31,59010,-0.05917164242326789,-0.081001565
3556,2018-10-31,59176,0.0038798992562532053,-0.056307666
3557,2018-10-31,59248,0.04742114249063367,-0.06325035
3558,2018-10-31,59300,0.12556517280365287,-0.056419544
3559,2018-10-31,59328,0.011500089937419355,-0.0400211
3560,2018-10-31,59408,0.04118270813196401,0.09425395
3561,2018-10-31,59459,0.009527356507563978,-0.066160254
3562,2018-10-31,60097,-0.010433772780813921,-0.08498445
3563,2018-10-31,60206,0.08450635176958254,-0.07956896
3564,2018-10-31,60442,-0.03781149519061244,-0.07134414
3565,2018-10-31,60506,0.19090993631244157,-0.068522654
3566,2018-10-31,60599,-0.23533185888476194,-0.09234031
3567,2018-10-31,60628,-0.19151074072271856,-0.06600495
3568,2018-10-31,60871,0.18723112749359894,-0.06799047
3569,2018-10-31,60943,0.13976590115355747,0.0322526
3570,2018-10-31,60986,0.3485503377049082,-0.07656666
3571,2018-10-31,61241,0.3404789990617696,0.13545534
3572,2018-10-31,61399,0.015164644283673256,-0.084175676
3573,2018-10-31,61621,0.08962933464015888,-0.06376718
3574,2018-10-31,61735,0.002885571871521053,0.04708831
3575,2018-10-31,61815,-0.09725198393557266,-0.06818505
3576,2018-10-31,62092,0.052210335087162996,-0.08712066
3577,2018-10-31,62148,-0.042962476937036476,-0.08697162
3578,2018-10-31,62308,-0.008518894937123211,-0.032745328
3579,2018-10-31,64186,-0.06548163610439861,0.04328193
3580,2018-10-31,64282,-0.12372929771903096,-0.047944244
3581,2018-10-31,64311,0.00421208168111975,-0.08697162
3582,2018-10-31,64390,-0.03457469992762929,-0.074446365
3583,2018-10-31,64653,0.04413282860160295,0.026477275
3584,2018-10-31,64936,-0.005540701300129625,0.01789478
3585,2018-10-31,64995,-0.08464232073108102,-0.08292943
3586,2018-10-31,65402,0.056012276691734586,-0.08601935
3587,2018-10-31,65541,0.07929172979416466,-0.05503564
3588,2018-10-31,65875,-0.025371135141220913,0.022224786
3589,2018-10-31,65947,0.18772992337912142,0.034039095
3590,2018-10-31,66093,-0.003604110937411753,-0.08271667
3591,2018-10-31,66157,-0.013226563322276563,0.009763663
3592,2018-10-31,66181,0.04955634145854604,-0.09119179
3593,2018-10-31,66384,0.05873837841518004,-0.045807786
3594,2018-10-31,66800,0.056143701835660975,-0.06532636
3595,2018-10-31,67598,0.16017513272170647,0.050666507
3596,2018-10-31,68144,-0.04411958600564203,-0.065330684
3597,2018-10-31,69032,-0.06709285489548555,0.00889278
3598,2018-10-31,69550,-0.04160033439022992,-0.070511654
3599,2018-10-31,69649,0.05450033131135301,-0.08017039
3600,2018-10-31,69796,-0.12512396440690943,-0.068096146
3601,2018-10-31,70033,-0.025367961346224766,-0.056580205
3602,2018-10-31,70332,-0.10517212147268862,-0.08296879
3603,2018-10-31,70519,-0.00855701104069917,-0.06177134
3604,2018-10-31,70578,0.03595608339099021,-0.05105364
3605,2018-10-31,71175,-0.034114955135119085,-0.08527907
3606,2018-10-31,71563,0.0006981442959048678,0.026305301
3607,2018-10-31,72726,0.038959389392493105,-0.0820576
3608,2018-10-31,73139,0.09830067254584973,-0.06477634
3609,2018-10-31,75034,-0.11006948540261252,-0.056044918
3610,2018-10-31,75100,-0.19714763296949223,-0.09579548
3611,2018-10-31,75154,0.03603548822664737,-0.06545061
3612,2018-10-31,75186,0.014165708689647838,-0.08072458
3613,2018-10-31,75241,-0.03361008462165749,-0.08242226
3614,2018-10-31,75341,0.06861316540797047,-0.03425907
3615,2018-10-31,75510,0.00837662969618802,-0.07323075
3616,2018-10-31,75607,0.16189151457680073,-0.06803258
3617,2018-10-31,75819,0.12615951710828077,0.019502819
3618,2018-10-31,75825,-0.05618676291734048,-0.09665492
3619,2018-10-31,75828,0.013845756080026916,-0.06677508
3620,2018-10-31,76076,0.04196421573681053,-0.07477489
3621,2018-10-31,76082,0.03540611330654175,-0.051080354
3622,2018-10-31,76095,0.13875213230849504,-0.056299623
3623,2018-10-31,76201,0.31674589179815205,-0.017057385
3624,2018-10-31,76226,-0.1344587296204629,-0.02986388
3625,2018-10-31,76605,0.15524789516456505,-0.08810185
3626,2018-10-31,76614,0.2653884218628708,-0.0823155
3627,2018-10-31,76639,-0.015334354549455309,-0.087249346
3628,2018-10-31,76709,0.003111544405735689,-0.094855204
3629,2018-10-31,76712,0.13350521246603875,0.022015264
3630,2018-10-31,76744,0.12658111083974188,-0.09953012
3631,2018-10-31,76841,0.09698264787782263,-0.066496186
3632,2018-10-31,77129,0.07738233864668964,-0.060680263
3633,2018-10-31,77178,-0.20404697548616757,-0.08637761
3634,2018-10-31,77182,-0.3373040263838182,0.03147391
3635,2018-10-31,77274,0.035529273536624384,-0.08066568
3636,2018-10-31,77338,0.002987850127781133,-0.08121515
3637,2018-10-31,77357,0.04266726065570725,-0.07915057
3638,2018-10-31,77462,-0.223613006039463,-0.03355189
3639,2018-10-31,77496,0.032552143979276194,-0.03540503
3640,2018-10-31,77605,0.05561908812729932,-0.08084383
3641,2018-10-31,77606,-0.08416832749941305,-0.0003885067
3642,2018-10-31,77661,0.07372161037488922,-0.08470031
3643,2018-10-31,77702,0.17566865341311,0.037211485
3644,2018-10-31,77730,0.04008789759652087,0.010259979
3645,2018-10-31,78916,-0.08482464219895913,-0.08164123
3646,2018-10-31,78975,0.025213537039746825,-0.094348684
3647,2018-10-31,78987,0.22789967527217914,-0.07562779
3648,2018-10-31,79057,0.07142775553122926,-0.06600495
3649,2018-10-31,79103,0.07454663719792909,-0.08276164
3650,2018-10-31,79145,0.15415302173239986,-0.083730265
3651,2018-10-31,79265,0.05921670338448326,-0.021663204
3652,2018-10-31,79323,-0.07724129313865447,-0.065151095
3653,2018-10-31,79545,0.042263116908862086,-0.08228435
3654,2018-10-31,79547,0.12613355829601702,-0.065151095
3655,2018-10-31,79637,0.09103421953042745,-0.06824504
3656,2018-10-31,79678,-0.3158600398425666,-0.0971299
3657,2018-10-31,79698,-0.0788359652051096,-0.07376069
3658,2018-10-31,79782,0.034709857494467755,-0.05574528
3659,2018-10-31,79906,0.24328777403906465,-0.082889736
3660,2018-10-31,79915,-0.095050200203734,0.029525345
3661,2018-10-31,80080,0.03789702997303923,-0.08148729
3662,2018-10-31,80100,0.0032524149280350745,0.033227753
3663,2018-10-31,80183,0.04684303728453276,0.037746266
3664,2018-10-31,80191,-0.18325353195273686,0.029948141
3665,2018-10-31,80204,0.03412222796696662,-0.083133884
3666,2018-10-31,80286,-0.06740530738215755,-0.033231396
3667,2018-10-31,80381,0.10937568572823797,-0.065151095
3668,2018-10-31,80399,-0.09253612353341956,-0.03410377
3669,2018-10-31,80681,0.08962679332199275,0.015921358
3670,2018-10-31,80711,0.16035003653054902,-0.03425907
3671,2018-10-31,81045,0.151396238805227,0.027951332
3672,2018-10-31,81055,-0.09356434886424159,-0.06545061
3673,2018-10-31,81061,0.031195469165887113,-0.06907099
3674,2018-10-31,81481,0.148638732923831,-0.007324388
3675,2018-10-31,81540,-0.04834362680859439,-0.08475859
3676,2018-10-31,81655,-0.008159451891773806,-0.07302576
3677,2018-10-31,81696,-0.0022798609104011103,-0.082565054
3678,2018-10-31,81736,-0.0984049922306387,-0.08844752
3679,2018-10-31,81774,0.0034702392818724004,-0.0731605
3680,2018-10-31,82303,0.012022820638812659,-0.031532984
3681,2018-10-31,82307,-0.16646963707977458,-0.05856283
3682,2018-10-31,82581,-0.06385645863767897,-0.048330605
3683,2018-10-31,82598,-0.18188740674318093,-0.08748219
3684,2018-10-31,82642,-0.004402064090008984,-0.09953012
3685,2018-10-31,82651,0.21893655754940777,-0.07040958
3686,2018-10-31,82686,0.0038844938604316592,-0.0876026
3687,2018-10-31,82775,0.04003755457350966,-0.067608744
3688,2018-10-31,83111,0.09716730022271558,-0.0779371
3689,2018-10-31,83143,0.2364903939202101,-0.06338976
3690,2018-10-31,83443,0.0012672872672205848,-0.060762987
3691,2018-10-31,83621,0.09896315054257143,-0.095541924
3692,2018-10-31,83862,-0.053009647902594215,-0.049473085
3693,2018-10-31,84032,-0.197586939803566,-0.10197956
3694,2018-10-31,84129,0.01768050581044056,-0.056496587
3695,2018-10-31,84373,-0.0659374635707679,-0.05436822
3696,2018-10-31,84381,0.03487662368920619,-0.0690561
3697,2018-10-31,84767,0.0867330694600994,-0.056419544
3698,2018-10-31,84769,-0.014937892804473885,-0.064476825
3699,2018-10-31,84788,0.07554982844428904,0.10971865
3700,2018-10-31,85035,-0.11086861910090251,-0.0808263
3701,2018-10-31,85058,0.1012719613044133,-0.06656587
3702,2018-10-31,85072,-0.09844045966190829,-0.08498953
3703,2018-10-31,85257,0.08888707541323426,-0.06809997
3704,2018-10-31,85265,0.023704985785833355,-0.055414718
3705,2018-10-31,85269,-0.02634043465244784,-0.08982462
3706,2018-10-31,85348,0.043778669450636576,-0.012009987
3707,2018-10-31,85459,-0.0196287930517991,-0.068913564
3708,2018-10-31,85592,0.08111474941589125,-0.064476825
3709,2018-10-31,85593,-0.0742772716879444,-0.06294323
3710,2018-10-31,85621,0.16704091794161946,-0.067608744
3711,2018-10-31,85631,0.13888126178823668,-0.09620065
3712,2018-10-31,85663,0.0432271193670728,-0.054546606
3713,2018-10-31,85753,0.1875275829487657,-0.09744595
3714,2018-10-31,85792,0.13419694159229123,0.033269335
3715,2018-10-31,85913,-0.016711849596307338,-0.06996023
3716,2018-10-31,85914,-0.14916460298592327,-0.087568246
3717,2018-10-31,85926,0.22624113382055766,0.01301094
3718,2018-10-31,86021,0.04343858274730761,-0.06496162
3719,2018-10-31,86111,0.11521211537637654,0.02988696
3720,2018-10-31,86136,0.07115943747140063,-0.065151095
3721,2018-10-31,86158,0.012331695913078144,-0.06799047
3722,2018-10-31,86228,0.060937512307477126,0.030044481
3723,2018-10-31,86339,0.08703997726628132,-0.065485984
3724,2018-10-31,86356,0.15914340287548656,-0.08218893
3725,2018-10-31,86580,-0.3174752477603553,0.12862754
3726,2018-10-31,86783,-0.02228040114544938,-0.07133694
3727,2018-10-31,86868,-0.11779587380499168,0.0030535
3728,2018-10-31,86964,-0.08175477287197719,-0.09150367
3729,2018-10-31,86979,-0.10814646066239375,-0.052781686
3730,2018-10-31,86996,0.1255444995021704,0.024787324
3731,2018-10-31,87055,-0.05899434224189781,-0.08052529
3732,2018-10-31,87137,-0.175016555039325,-0.0736844
3733,2018-10-31,87184,0.03612399058292337,0.03927674
3734,2018-10-31,87267,0.01678750151137476,-0.08040778
3735,2018-10-31,87299,-0.09896068899394828,-0.036289126
3736,2018-10-31,87432,0.17670946393682874,-0.06644248
3737,2018-10-31,87447,-0.0025259728793676217,-0.06448169
3738,2018-10-31,87541,0.03602098620992389,-0.0773013
3739,2018-10-31,87657,0.15461206808972539,-0.086778
3740,2018-10-31,87717,0.037659913153316626,-0.0695571
3741,2018-10-31,87842,0.11920387130800214,-0.07063449
3742,2018-10-31,88031,0.08306237895684476,-0.064995795
3743,2018-10-31,88352,0.004722046491377085,-0.098086946
3744,2018-10-31,88446,-0.10078687079542337,-0.083972216
3745,2018-10-31,88661,-0.07687091847247962,-0.08979748
3746,2018-10-31,88837,0.05403418521515557,-0.0755781
3747,2018-10-31,88853,-0.16197654209159618,-0.078856125
3748,2018-10-31,88860,0.12544728887588574,-0.044218127
3749,2018-10-31,88873,-0.016976987720913272,-0.09980786
3750,2018-10-31,89002,-0.13627177574362825,-0.08096619
3751,2018-10-31,89003,0.007165649824039999,-0.066462345
3752,2018-10-31,89006,0.10913502145689269,-0.066160254
3753,2018-10-31,89017,0.14163990480845667,0.04322973
3754,2018-10-31,89070,-0.033201304195509485,-0.064321525
3755,2018-10-31,89071,-0.025821606278748188,-0.06461678
3756,2018-10-31,89179,0.1023518350248791,-0.004334355
3757,2018-10-31,89195,0.07538018113303391,-0.08160687
3758,2018-10-31,89217,-0.003108806697895594,-0.052928455
3759,2018-10-31,89258,-0.007625778102493097,-0.068650484
3760,2018-10-31,89269,0.0019172078473319587,-0.08789034
3761,2018-10-31,89393,0.12499221001644689,0.13391887
3762,2018-10-31,89508,-0.13444225288786438,-0.056264248
3763,2018-10-31,89509,-0.04999643433789458,-0.06486079
3764,2018-10-31,89525,-0.035815557168795364,-0.03314502
3765,2018-10-31,89533,0.23185218904151506,-0.07099633
3766,2018-10-31,89617,0.04647303320138807,-0.064995795
3767,2018-10-31,89626,0.007959684550142843,-0.025203934
3768,2018-10-31,89641,0.11924643581857097,-0.08718577
3769,2018-10-31,89866,-0.03850318017931831,-0.061511725
3770,2018-10-31,90038,-0.0023234963361185024,-0.04833274
3771,2018-10-31,90071,0.13125446448924682,-0.057579108
3772,2018-10-31,90199,0.13551668220060198,-0.063248634
3773,2018-10-31,90215,0.1073275745138853,-0.0901637
3774,2018-10-31,90305,0.10459913833471401,0.033899836
3775,2018-10-31,90319,0.032374926667060766,0.064440064
3776,2018-10-31,90373,0.05838561693909572,-0.08259455
3777,2018-10-31,90386,0.04406458331487051,-0.069964215
3778,2018-10-31,90441,0.08326331328618908,-0.034679994
3779,2018-10-31,90442,0.0858748023382514,-0.03513815
3780,2018-10-31,90601,0.020468768051930653,0.011350949
3781,2018-10-31,90805,-0.12380360178978955,-0.004108998
3782,2018-10-31,90808,-0.04677553595087924,-0.06757502
3783,2018-10-31,90829,-0.08514081400581941,-0.08296466
3784,2018-10-31,90880,0.0020535600752356054,-0.08376004
3785,2018-10-31,90979,-0.06196479949015088,0.026601704
3786,2018-10-31,90993,-0.0005524110304442331,0.036908165
3787,2018-10-31,91063,-0.07361033869777522,-0.077792205
3788,2018-10-31,91068,0.1505023999640973,0.00060666597
3789,2018-10-31,91103,0.020580425094341548,-0.09335523
3790,2018-10-31,91152,0.18395271388370382,-0.09800029
3791,2018-10-31,91233,0.0699318785407641,-0.09105247
3792,2018-10-31,91416,-0.11854566107049314,-0.09443075
3793,2018-10-31,91461,0.02221290706717083,-0.055414718
3794,2018-10-31,91556,-0.06693002585483432,-0.026277179
3795,2018-10-31,91926,-0.09113905513270093,-0.08096032
3796,2018-10-31,92121,-0.025612806071688587,-0.068396725
3797,2018-10-31,92157,0.07960562070459365,-0.065903395
3798,2018-10-31,92239,-0.13839903096076367,-0.08096032
3799,2018-10-31,92322,0.06338353767912741,-0.0774482
3800,2018-10-31,92602,-0.11509116413337106,0.015754111
3801,2018-10-31,92611,-0.01887757012196145,-0.09105247
3802,2018-10-31,92614,0.08618419603011818,0.010869425
3803,2018-10-31,92655,0.03717329601134867,-0.085798085
3804,2018-10-31,92778,-0.09075382473308025,-0.027223093
3805,2018-10-31,93002,0.21301924884424395,-0.08482742
3806,2018-10-31,93089,-0.02028108309730925,-0.027061833
3807,2018-10-31,93096,0.039023077567224895,-0.0034683167
3808,2018-10-31,93429,-0.1711085106001602,0.042112723
3809,2019-01-31,10104,0.10642653057440032,-0.07454189
3810,2019-01-31,10107,0.2559671789225584,0.07995183
3811,2019-01-31,10138,0.15890957243773962,-0.086207174
3812,2019-01-31,10145,0.21536391813094435,-0.07467882
3813,2019-01-31,10516,0.0016003568031519588,-0.10637034
3814,2019-01-31,10696,0.051975380127321946,-0.11451794
3815,2019-01-31,10909,0.21016509113860615,-0.07462995
3816,2019-01-31,11308,0.028246831684115126,-0.09912966
3817,2019-01-31,11403,0.4445145127305101,-0.024820436
3818,2019-01-31,11404,0.12004647886054709,-0.100819565
3819,2019-01-31,11552,0.07008997814557949,-0.06613301
3820,2019-01-31,11600,0.22099199267466973,-0.05215835
3821,2019-01-31,11618,0.1739411378265201,-0.11451794
3822,2019-01-31,11674,0.07574112837579672,-0.10384636
3823,2019-01-31,11762,0.09581252413858365,-0.08533088
3824,2019-01-31,11850,0.10766808549634699,-0.04009306
3825,2019-01-31,11891,-0.09100440370038365,-0.08457798
3826,2019-01-31,11955,0.1277497745483298,-0.10132718
3827,2019-01-31,12052,0.050320182235185085,-0.071232185
3828,2019-01-31,12060,0.03936286133689215,-0.03054011
3829,2019-01-31,12062,0.14761574611305317,-0.06405348
3830,2019-01-31,12073,0.06639084652872951,-0.04950532
3831,2019-01-31,12308,0.12124871141483862,-0.08601394
3832,2019-01-31,12345,0.02641802148061645,-0.08502067
3833,2019-01-31,12369,0.008177908172225967,-0.088288546
3834,2019-01-31,12431,0.2318341886516797,-0.11156026
3835,2019-01-31,12490,0.055816866643777496,-0.082476184
3836,2019-01-31,12542,0.007417548105305594,-0.07853699
3837,2019-01-31,12558,0.1116065136128781,-0.08278173
3838,2019-01-31,12622,-0.08486958707227854,-0.11241223
3839,2019-01-31,12623,0.08240382375358002,-0.048680384
3840,2019-01-31,12650,0.1682109749545262,-0.07934584
3841,2019-01-31,12872,-0.07385692849463676,-0.08759499
3842,2019-01-31,12981,0.1704612381919386,-0.070230156
3843,2019-01-31,13035,0.1742283265257043,-0.009324163
3844,2019-01-31,13103,0.0860564780201003,-0.085422
3845,2019-01-31,13142,0.03766500267416384,-0.0790215
3846,2019-01-31,13168,-0.07232843480094342,-0.11627392
3847,2019-01-31,13356,-0.003717257514312511,-0.081497245
3848,2019-01-31,13407,0.16024135357102987,0.056749716
3849,2019-01-31,13586,-0.04896794937661986,-0.026335284
3850,2019-01-31,13721,0.0018840194800078258,-0.0820498
3851,2019-01-31,13760,0.096442318042123,-0.08302265
3852,2019-01-31,13788,0.1839643417652186,-0.11243657
3853,2019-01-31,13856,0.14562534287118556,-0.08625409
3854,2019-01-31,13901,0.1166629501053098,-0.08033657
3855,2019-01-31,13911,0.07666323741595926,-0.11525794
3856,2019-01-31,13928,-0.06322239824937814,-0.11243657
3857,2019-01-31,13936,0.18258140317135352,-0.08171606
3858,2019-01-31,13963,-0.024435328241280252,0.059417676
3859,2019-01-31,13964,-0.02662932867836154,0.06558368
3860,2019-01-31,13983,0.41010188965244687,-0.058215223
3861,2019-01-31,14008,-0.03418661954099811,-0.1064868
3862,2019-01-31,14277,-0.023651355098506133,-0.08802446
3863,2019-01-31,14297,0.15923627774437965,0.057741757
3864,2019-01-31,14338,0.17007004217458732,-0.086207174
3865,2019-01-31,14541,0.05773525607697705,-0.07454189
3866,2019-01-31,14542,0.06459724145306067,-0.060257003
3867,2019-01-31,14593,0.2108200567323808,0.10258648
3868,2019-01-31,14702,0.13346840736557963,-0.043102603
3869,2019-01-31,14704,0.10285369120588372,-0.10637034
3870,2019-01-31,14776,0.16229520295584932,-0.085422
3871,2019-01-31,14889,0.07665180169851826,-0.08710203
3872,2019-01-31,15069,0.08233514008704645,-0.08470818
3873,2019-01-31,15202,0.24403529512218314,-0.08412374
3874,2019-01-31,15408,-0.29969136028398724,-0.0715542
3875,2019-01-31,15456,0.02981846383688036,-0.08557711
3876,2019-01-31,15488,0.27050618821299977,-0.10805368
3877,2019-01-31,15579,0.17034267080658738,-0.08554921
3878,2019-01-31,15707,0.021564045995907888,-0.08576449
3879,2019-01-31,15720,0.13038902543343966,-0.096927635
3880,2019-01-31,15980,0.09397821224959779,-0.07497042
3881,2019-01-31,16087,0.15235584450396455,-0.08533088
3882,2019-01-31,16538,0.07697207652831173,-0.08394924
3883,2019-01-31,16600,0.18435937100443578,-0.10527823
3884,2019-01-31,16678,-0.08561057585596599,-0.07616912
3885,2019-01-31,16816,-0.007233139071944339,-0.047202483
3886,2019-01-31,16851,0.08918662592100879,-0.08014907
3887,2019-01-31,17005,-0.16249047597948696,-0.08375682
3888,2019-01-31,17144,0.169307197043149,-0.0766328
3889,2019-01-31,17478,0.15461453460116292,-0.10044543
3890,2019-01-31,17750,0.1629396359913815,-0.11243657
3891,2019-01-31,17830,0.21499951292724662,-0.080400735
3892,2019-01-31,18163,0.11153902481876576,-0.08634616
3893,2019-01-31,18411,0.10859309983148924,-0.10132718
3894,2019-01-31,18542,0.053289521868951306,-0.08685568
3895,2019-01-31,18729,0.13243078996980318,-0.073954396
3896,2019-01-31,19166,0.14433981800630935,-0.016121112
3897,2019-01-31,19350,0.01479057376162407,-0.08533088
3898,2019-01-31,19393,-0.05128772186671959,-0.08474795
3899,2019-01-31,19502,-0.254129686109725,-0.07888143
3900,2019-01-31,19561,-0.015595746420470014,-0.08716613
3901,2019-01-31,19583,0.22540577890861146,-0.091768354
3902,2019-01-31,20415,-0.0054608465735378475,0.06022334
3903,2019-01-31,20482,0.09463356541093004,-0.10805368
3904,2019-01-31,21020,-0.041863074026602165,-0.080912024
3905,2019-01-31,21178,0.15882457611615464,-0.071232185
3906,2019-01-31,21186,-0.04606105037957653,-0.08167293
3907,2019-01-31,21207,-0.062443842794285276,-0.086207174
3908,2019-01-31,21371,-0.015570272911194838,-0.07047895
3909,2019-01-31,21573,-0.002735921305280442,-0.08457798
3910,2019-01-31,21776,0.07482642156959751,-0.104061015
3911,2019-01-31,21792,0.011894767042333054,-0.1041171
3912,2019-01-31,21936,-0.04334299967108979,-0.08884109
3913,2019-01-31,22103,0.09230640745386309,-0.081497245
3914,2019-01-31,22111,0.06803102773394132,-0.065154046
3915,2019-01-31,22293,-0.03687442649447881,-0.11047491
3916,2019-01-31,22509,0.11923465660658294,-0.086207174
3917,2019-01-31,22517,0.009299386094652418,-0.0813315
3918,2019-01-31,22592,-0.04722108681732673,-0.081277035
3919,2019-01-31,22752,0.0646439037367188,-0.10265002
3920,2019-01-31,22779,0.2445422967031401,-0.11613425
3921,2019-01-31,23026,0.08272929411405494,-0.104061015
3922,2019-01-31,23229,0.06540235482446399,-0.10174624
3923,2019-01-31,23393,0.16413997990642093,-0.10431384
3924,2019-01-31,23473,0.19349835048389274,0.05440852
3925,2019-01-31,23536,0.08248530895219308,-0.10384636
3926,2019-01-31,23579,-0.003938007236092167,-0.08461018
3927,2019-01-31,23660,0.15801776553385039,-0.10569575
3928,2019-01-31,23712,0.1022024897381344,-0.10149415
3929,2019-01-31,23819,-0.09125477209280053,-0.08802446
3930,2019-01-31,23931,0.08684813025883287,-0.100148685
3931,2019-01-31,24010,0.09750864986521801,-0.10384636
3932,2019-01-31,24109,0.09038793872701967,-0.100148685
3933,2019-01-31,24205,0.09364769999688849,-0.1099862
3934,2019-01-31,24643,0.14521266820196432,-0.06428564
3935,2019-01-31,24766,0.05648824036019917,-0.08710203
3936,2019-01-31,24942,0.08354546649963024,-0.08273145
3937,2019-01-31,24985,0.056355525077055546,-0.1051802
3938,2019-01-31,25081,0.006236584474454743,-0.083542615
3939,2019-01-31,25232,0.07124637844545911,-0.0972076
3940,2019-01-31,25320,0.101786810292263,-0.048933677
3941,2019-01-31,25419,0.05216294220039819,-0.08218363
3942,2019-01-31,25582,0.10468667580917357,-0.088288546
3943,2019-01-31,25785,0.20624901002462592,-0.08710203
3944,2019-01-31,25953,0.12215724263150318,-0.08363055
3945,2019-01-31,26403,0.2282128281959046,-0.10070458
3946,2019-01-31,26710,0.0721851341238291,0.04079282
3947,2019-01-31,26825,0.03234125868195559,-0.07529986
3948,2019-01-31,27043,0.03135820086994978,-0.083542615
3949,2019-01-31,27828,-0.08680502993144357,-0.086207174
3950,2019-01-31,27887,0.05523024147082389,-0.07719452
3951,2019-01-31,27959,0.04901243962642177,-0.100148685
3952,2019-01-31,27983,0.19179340669432587,-0.08535251
3953,2019-01-31,27991,0.08950761029373133,-0.07670275
3954,2019-01-31,28222,0.2594488985575556,-0.11069387
3955,2019-01-31,28388,-0.011014001516502336,0.0632755
3956,2019-01-31,28484,0.19250588977177108,-0.08462464
3957,2019-01-31,28804,-0.026947587863362266,-0.09241853
3958,2019-01-31,29946,0.13158332410280038,-0.08535209
3959,2019-01-31,30681,0.03663554295072613,-0.10384636
3960,2019-01-31,30940,0.11803323285760015,-0.039655074
3961,2019-01-31,32707,0.05849881865817319,-0.0872323
3962,2019-01-31,32870,-0.05142369247821854,-0.11274915
3963,2019-01-31,34032,0.2087706236477589,-0.08058495
3964,2019-01-31,34746,0.08388345550901666,-0.071232185
3965,2019-01-31,34817,-0.061619654165051885,-0.085217245
3966,2019-01-31,34833,-0.10733013611156617,-0.07529986
3967,2019-01-31,35044,0.03302556853034333,-0.06405348
3968,2019-01-31,35554,0.03960067956366453,-0.08710203
3969,2019-01-31,36468,0.08179469674572726,-0.098364055
3970,2019-01-31,37584,0.1774203196688693,-0.085659936
3971,2019-01-31,38093,0.1252599896177362,-0.10050733
3972,2019-01-31,38156,0.06682460864714956,-0.06854363
3973,2019-01-31,38703,-0.010221785822662643,-0.06921602
3974,2019-01-31,38762,0.03346640431815362,0.05957471
3975,2019-01-31,39490,0.009731192442826275,-0.08656122
3976,2019-01-31,39538,0.02956170488051324,0.025309773
3977,2019-01-31,39642,-0.03194363340336881,-0.09011873
3978,2019-01-31,39917,0.03529173407312736,-0.08457798
3979,2019-01-31,40125,0.028267716765613793,-0.08457798
3980,2019-01-31,40272,-0.022456222694384076,-0.07261811
3981,2019-01-31,40539,0.10787392243760774,-0.102672644
3982,2019-01-31,41080,0.13874569259585856,-0.08414437
3983,2019-01-31,41355,0.10386381930808786,-0.08414437
3984,2019-01-31,42200,0.0598012071967009,-0.0350323
3985,2019-01-31,42585,0.17902785944912525,-0.04848593
3986,2019-01-31,42877,-0.11523043505933339,-0.083542615
3987,2019-01-31,42906,0.06206312050639751,-0.06734847
3988,2019-01-31,43350,0.16511188041862312,-0.040863615
3989,2019-01-31,43449,0.11207851504099331,-0.103059635
3990,2019-01-31,43553,0.12839280800904596,-0.08576449
3991,2019-01-31,44206,0.040424847222037874,-0.10384636
3992,2019-01-31,44601,0.06441727382666174,-0.024241
3993,2019-01-31,44644,0.18172978442882814,-0.11243657
3994,2019-01-31,45356,0.11851464935290301,-0.0792614
3995,2019-01-31,45751,0.07395846225731373,-0.10973271
3996,2019-01-31,45911,0.21285968658172227,-0.08351825
3997,2019-01-31,46578,0.08322338892468273,-0.10368067
3998,2019-01-31,46674,0.034577870701919755,-0.08847269
3999,2019-01-31,46703,0.07657189049280744,-0.06136738
4000,2019-01-31,46886,0.20458529641860546,-0.08576449
4001,2019-01-31,47896,0.12975356473231114,-0.04833819
4002,2019-01-31,48486,0.23069887426862512,-0.046625465
4003,2019-01-31,48506,0.24401930096944002,-0.088288546
4004,2019-01-31,48653,-0.17167259612577834,-0.11243657
4005,2019-01-31,48725,0.11876332017599966,-0.10964635
4006,2019-01-31,49015,0.14752927554829287,-0.083542615
4007,2019-01-31,49154,0.06980571641360123,-0.08533088
4008,2019-01-31,49373,0.16529177303280718,-0.11486397
4009,2019-01-31,49656,-0.04535104276236612,-0.073954396
4010,2019-01-31,49680,0.1955821446022421,-0.11243657
4011,2019-01-31,50876,-0.018313218441332824,-0.10194796
4012,2019-01-31,52038,0.1085440450268369,-0.097802855
4013,2019-01-31,52090,0.24997941655352562,-0.10945754
4014,2019-01-31,52230,-0.03194228135581667,-0.02135819
4015,2019-01-31,52329,0.2057880208308176,0.09086056
4016,2019-01-31,52476,0.1810526542953239,-0.04459396
4017,2019-01-31,52695,-0.04100977486140178,-0.11243657
4018,2019-01-31,52708,0.0980520369915503,-0.08457798
4019,2019-01-31,52978,0.13229138619262626,-0.06393799
4020,2019-01-31,53065,0.021301621891751,-0.07829582
4021,2019-01-31,53613,0.10047110303182394,-0.040091068
4022,2019-01-31,54148,0.13583762516532039,-0.081698075
4023,2019-01-31,55976,0.0789406710174847,-0.06894223
4024,2019-01-31,56274,0.4323271014368464,-0.06406162
4025,2019-01-31,56573,0.1413554084275659,-0.08502067
4026,2019-01-31,57568,0.1486112418362977,-0.110409535
4027,2019-01-31,57665,0.07537532535731106,-0.100706145
4028,2019-01-31,57817,-0.10868210207648932,-0.105764575
4029,2019-01-31,57904,0.06200909097790919,-0.100148685
4030,2019-01-31,58246,0.12149002288090793,-0.07529986
4031,2019-01-31,58413,0.017352311665294717,0.05341619
4032,2019-01-31,58683,-0.041708484667909995,-0.08457798
4033,2019-01-31,58819,0.07021103930586015,-0.074904434
4034,2019-01-31,59010,0.03484570328139558,-0.08167293
4035,2019-01-31,59176,0.1455240130705988,-0.102672644
4036,2019-01-31,59248,-0.02989811574821155,-0.07708423
4037,2019-01-31,59300,0.03523246596291818,0.07233996
4038,2019-01-31,59328,0.09003085835144686,-0.10447477
4039,2019-01-31,59408,0.07965802600771466,0.07379608
4040,2019-01-31,59459,0.15178469223864766,-0.07529986
4041,2019-01-31,60097,0.010205339279434567,-0.10805368
4042,2019-01-31,60206,0.019766149158277235,-0.046927415
4043,2019-01-31,60442,0.12433623082586998,-0.07276835
4044,2019-01-31,60506,0.09922302235049907,-0.088288546
4045,2019-01-31,60599,-0.23946452432360243,-0.101421125
4046,2019-01-31,60628,0.07099620626785264,-0.08414437
4047,2019-01-31,60871,0.18174096652058913,-0.10820085
4048,2019-01-31,60943,-0.03058109805087239,0.038414355
4049,2019-01-31,60986,-0.31256336948315877,-0.0820957
4050,2019-01-31,61241,0.13191341002155288,0.02929854
4051,2019-01-31,61399,0.1815544725065923,-0.086207174
4052,2019-01-31,61621,0.19081922497130654,-0.10502487
4053,2019-01-31,61735,0.15585919452871755,-0.10637034
4054,2019-01-31,61815,0.2177375171733953,-0.08394924
4055,2019-01-31,62092,0.13017466999268512,-0.10910991
4056,2019-01-31,62148,0.21603033101669888,-0.10553111
4057,2019-01-31,62308,0.048694209730158144,0.06386223
4058,2019-01-31,64186,-0.20485027803015288,-0.07471823
4059,2019-01-31,64282,-0.06869756954356643,-0.0855786
4060,2019-01-31,64311,0.22245495285558436,-0.1138244
4061,2019-01-31,64390,0.2074254853003692,-0.102672644
4062,2019-01-31,64653,0.050285540053144784,-0.104517244
4063,2019-01-31,64936,0.12235245051820742,-0.10368067
4064,2019-01-31,64995,0.07607401550874138,-0.07449054
4065,2019-01-31,65402,0.10274327448678378,-0.08514025
4066,2019-01-31,65541,0.040031727050806154,-0.10034036
4067,2019-01-31,65875,0.049400950707190194,-0.10561657
4068,2019-01-31,65947,-0.02695610054837494,-0.10895107
4069,2019-01-31,66093,0.04648633523128254,-0.080467924
4070,2019-01-31,66157,0.050247065925268064,-0.07529986
4071,2019-01-31,66181,0.11823637514193797,-0.07454189
4072,2019-01-31,66384,0.1486718248505714,-0.047819506
4073,2019-01-31,66800,0.1084427042155407,-0.071232185
4074,2019-01-31,67598,-0.04447684795845408,-0.10427243
4075,2019-01-31,68144,0.11044052061949561,-0.08457798
4076,2019-01-31,69032,0.14772493814232512,-0.08502067
4077,2019-01-31,69550,-0.09882888366928888,-0.08502067
4078,2019-01-31,69649,0.14232724515474326,-0.06737315
4079,2019-01-31,69796,0.22410079669010718,-0.08393531
4080,2019-01-31,70033,0.020422121687518002,-0.08607456
4081,2019-01-31,70332,0.5497329318131046,-0.08502067
4082,2019-01-31,70519,0.10455491807757511,-0.08522764
4083,2019-01-31,70578,0.1668689155196348,-0.104517244
4084,2019-01-31,71175,0.06969096436302635,0.03641286
4085,2019-01-31,71563,0.05754112608965434,-0.07529986
4086,2019-01-31,72726,-0.03888411780870238,-0.08710203
4087,2019-01-31,73139,0.06668132931434934,-0.11320049
4088,2019-01-31,75034,0.026625101606287727,-0.082276516
4089,2019-01-31,75100,0.2220358920796277,-0.082276516
4090,2019-01-31,75154,-0.03906393180881507,-0.08710203
4091,2019-01-31,75186,-0.017545956451665345,-0.0877413
4092,2019-01-31,75241,0.17206461796361716,-0.08502067
4093,2019-01-31,75341,0.07200027649264817,-0.07597897
4094,2019-01-31,75510,0.16718368787724613,-0.10717737
4095,2019-01-31,75607,0.15549337994988854,-0.08324744
4096,2019-01-31,75819,-0.040644492771565344,-0.10502487
4097,2019-01-31,75825,-0.029666374961232145,-0.08710203
4098,2019-01-31,75828,0.02612495755992672,-0.08710203
4099,2019-01-31,76076,0.19063015955897722,-0.10408716
4100,2019-01-31,76082,0.03767285816201715,-0.08284907
4101,2019-01-31,76095,0.044591490403797174,-0.11043634
4102,2019-01-31,76201,0.07673479017540052,-0.10138354
4103,2019-01-31,76226,0.040401482666880595,-0.07072877
4104,2019-01-31,76605,0.21357232963168737,-0.10352757
4105,2019-01-31,76614,-0.20064463525853982,-0.11187578
4106,2019-01-31,76639,0.14253881277269143,-0.08810327
4107,2019-01-31,76709,0.0903256160270478,-0.11821563
4108,2019-01-31,76712,0.052866135606726594,-0.09037774
4109,2019-01-31,76744,-0.11487118474232616,-0.11451794
4110,2019-01-31,76841,-0.3131999484621526,-0.07799137
4111,2019-01-31,77129,0.0380864426278531,-0.0749195
4112,2019-01-31,77178,0.758979574085267,-0.08289527
4113,2019-01-31,77182,0.035670377091122196,-0.08072494
4114,2019-01-31,77274,-0.06195636177026265,-0.08395813
4115,2019-01-31,77338,0.271556655111596,-0.10981717
4116,2019-01-31,77357,0.29705291088660934,-0.08533088
4117,2019-01-31,77462,-0.09064206675256092,-0.09971743
4118,2019-01-31,77496,0.057922835926914606,-0.08369436
4119,2019-01-31,77605,-0.027000008877786863,-0.1110244
4120,2019-01-31,77606,0.045121306224815694,-0.108164445
4121,2019-01-31,77661,0.15698965081593674,-0.08414437
4122,2019-01-31,77702,0.1459653767260889,-0.1099862
4123,2019-01-31,77730,0.2187660505977882,-0.071232185
4124,2019-01-31,78916,0.026424611892558847,-0.08502067
4125,2019-01-31,78975,0.16539374491675396,-0.11156026
4126,2019-01-31,78987,0.24793788115740134,-0.08514522
4127,2019-01-31,79057,0.09717047571174287,-0.073954396
4128,2019-01-31,79103,0.09839058512155052,-0.10366903
4129,2019-01-31,79145,0.013434152702457736,-0.08457798
4130,2019-01-31,79265,0.08657901976238813,-0.032547615
4131,2019-01-31,79323,0.13334629189931557,-0.07529986
4132,2019-01-31,79545,0.025545769983060795,-0.03324176
4133,2019-01-31,79547,0.06123045453348386,-0.10502487
4134,2019-01-31,79637,-0.04201936543206308,-0.07638105
4135,2019-01-31,79678,0.028827029426822026,-0.07990919
4136,2019-01-31,79698,0.16984050315813115,0.04142097
4137,2019-01-31,79782,0.04256227985623262,0.05799716
4138,2019-01-31,79906,-0.047024271374360715,-0.0845478
4139,2019-01-31,80080,-0.013966034855514509,-0.07934584
4140,2019-01-31,80100,-0.03560785211997686,-0.102672644
4141,2019-01-31,80183,0.08968613303178175,0.0670052
4142,2019-01-31,80191,-0.06619689382311533,-0.08320441
4143,2019-01-31,80204,0.2590755144400556,-0.05230928
4144,2019-01-31,80286,0.21585724563135145,-0.11186213
4145,2019-01-31,80381,0.049400824948450106,-0.10502487
4146,2019-01-31,80399,-0.1154294514997819,0.05391408
4147,2019-01-31,80681,0.04866630981469067,-0.10502487
4148,2019-01-31,80711,0.012737558642957225,0.049457062
4149,2019-01-31,81045,0.02899507906525467,-0.10895107
4150,2019-01-31,81055,0.1577990638162612,-0.08502067
4151,2019-01-31,81061,-0.06732325368920322,-0.071232185
4152,2019-01-31,81481,0.14923033854442402,-0.085659936
4153,2019-01-31,81540,-0.09914034680888983,-0.08640849
4154,2019-01-31,81655,0.1279305882553765,-0.084006675
4155,2019-01-31,81696,0.1450877122796861,-0.08377848
4156,2019-01-31,81736,0.1023910941838102,-0.09638452
4157,2019-01-31,81774,0.06142006015560919,-0.05533426
4158,2019-01-31,82303,0.08184546429076955,0.05697017
4159,2019-01-31,82307,-0.015853308773678187,-0.08320441
4160,2019-01-31,82581,0.05309973991417305,-0.108931445
4161,2019-01-31,82598,0.1487778735841272,-0.11613425
4162,2019-01-31,82642,0.26286633273931637,-0.11243657
4163,2019-01-31,82651,-0.07646301207653539,-0.08312234
4164,2019-01-31,82686,-0.012056197706797889,-0.11035313
4165,2019-01-31,82775,0.1216421755666397,-0.07525604
4166,2019-01-31,83111,0.10711108945304182,-0.084500305
4167,2019-01-31,83143,-0.1115399751699736,0.023150181
4168,2019-01-31,83443,0.054344553307585475,-0.08332686
4169,2019-01-31,83621,0.19135999462206965,-0.018843561
4170,2019-01-31,83862,0.08572484047547713,-0.08167293
4171,2019-01-31,84032,-0.11165844917577639,-0.08647329
4172,2019-01-31,84129,0.04283752407573305,-0.045391712
4173,2019-01-31,84373,0.10981585689173023,-0.052215558
4174,2019-01-31,84381,0.07183522423264654,-0.0877413
4175,2019-01-31,84767,0.08841125109965486,-0.07522353
4176,2019-01-31,84769,0.13511949006078483,-0.086207174
4177,2019-01-31,84788,0.12089454684223577,0.05954335
4178,2019-01-31,85035,0.15682066277444084,-0.082119055
4179,2019-01-31,85058,0.05102366125283253,-0.080660634
4180,2019-01-31,85072,0.13841804124583046,-0.09052954
4181,2019-01-31,85257,0.21156538858850382,-0.081702664
4182,2019-01-31,85265,-0.03520649422304423,0.026615236
4183,2019-01-31,85269,0.043626497774435835,-0.088288546
4184,2019-01-31,85348,0.11576893062820215,-0.100819565
4185,2019-01-31,85459,-0.06133514110151239,-0.069712184
4186,2019-01-31,85592,0.11677830134274658,-0.07785471
4187,2019-01-31,85593,0.06006200303560849,-0.09576568
4188,2019-01-31,85621,0.1678259429609874,-0.088288546
4189,2019-01-31,85631,0.2106665433304029,-0.11451794
4190,2019-01-31,85663,0.12501831752672365,-0.08101856
4191,2019-01-31,85753,0.16647829432424466,-0.11821563
4192,2019-01-31,85792,0.15002048386561406,-0.05318624
4193,2019-01-31,85913,0.19502571067683183,-0.08502067
4194,2019-01-31,85914,0.2650645195172354,-0.08640849
4195,2019-01-31,85926,0.18449775065503826,0.052374758
4196,2019-01-31,86021,0.11467529466473714,-0.088288546
4197,2019-01-31,86111,0.13512135538860237,-0.10132718
4198,2019-01-31,86136,0.10218635348574612,-0.10132718
4199,2019-01-31,86158,0.04997270763652373,-0.08533088
4200,2019-01-31,86228,0.08468593302742788,-0.10384636
4201,2019-01-31,86339,0.08423759843595624,-0.10132718
4202,2019-01-31,86356,0.15590052776023589,-0.08457798
4203,2019-01-31,86580,0.2604376147065155,0.0898483
4204,2019-01-31,86783,0.012096601064464974,-0.08603791
4205,2019-01-31,86868,0.0441469336321334,-0.08685908
4206,2019-01-31,86964,-0.025165502044475985,-0.11186213
4207,2019-01-31,86979,0.07805821113663125,-0.111514635
4208,2019-01-31,86996,0.11614480090745505,-0.08003596
4209,2019-01-31,87055,0.1470900042149752,-0.10149415
4210,2019-01-31,87137,0.20927500429937806,-0.08577822
4211,2019-01-31,87184,0.026372695548897873,-0.103779145
4212,2019-01-31,87267,0.17794733677176144,-0.08273145
4213,2019-01-31,87299,0.22980136077744295,-0.08460361
4214,2019-01-31,87432,0.034296800268701855,-0.09377325
4215,2019-01-31,87447,0.01650663058627755,-0.085659936
4216,2019-01-31,87541,0.05972630398494294,-0.082733765
4217,2019-01-31,87657,0.03315340418477586,-0.11047491
4218,2019-01-31,87717,0.14603192756601024,-0.07663164
4219,2019-01-31,87842,0.01946712935978523,-0.073954396
4220,2019-01-31,88031,0.04122630613478129,-0.08710203
4221,2019-01-31,88352,-0.024848220534527954,-0.11047491
4222,2019-01-31,88446,0.11512067532232795,-0.10837218
4223,2019-01-31,88661,-0.15813210522408294,-0.08647329
4224,2019-01-31,88837,0.24698820598094895,0.057583306
4225,2019-01-31,88853,0.09250572648877897,-0.07024603
4226,2019-01-31,88860,0.3041995738910055,-0.042231183
4227,2019-01-31,88873,0.30104258169921216,-0.088979565
4228,2019-01-31,89002,-0.09521364020533252,-0.08394924
4229,2019-01-31,89003,0.11265865176780299,-0.10149415
4230,2019-01-31,89006,0.10501636954408533,-0.08427053
4231,2019-01-31,89017,0.1365844052646592,-0.10198239
4232,2019-01-31,89070,0.12626362592872709,-0.086207174
4233,2019-01-31,89071,0.19945595286194795,-0.07933683
4234,2019-01-31,89179,-0.12962364452281572,-0.11451794
4235,2019-01-31,89195,0.15359403900554502,-0.08710203
4236,2019-01-31,89217,0.04509742718570431,-0.11014461
4237,2019-01-31,89258,0.15948940909232934,-0.071232185
4238,2019-01-31,89269,-0.2102299961244336,-0.106709614
4239,2019-01-31,89393,0.09142853710175536,0.030746376
4240,2019-01-31,89508,0.3246059987044754,-0.085576884
4241,2019-01-31,89509,-0.08647625662469871,-0.08444518
4242,2019-01-31,89525,0.19656563791693094,-0.08259008
4243,2019-01-31,89533,0.1814315218556657,-0.08191932
4244,2019-01-31,89617,0.16072942412958757,-0.08704775
4245,2019-01-31,89626,-0.014271809445647543,-0.105014496
4246,2019-01-31,89641,0.10578323033115744,-0.083542615
4247,2019-01-31,89866,0.14797762772131473,-0.07853699
4248,2019-01-31,90038,-0.008404446038964286,0.026789822
4249,2019-01-31,90071,0.0070915970472313905,-0.113842286
4250,2019-01-31,90199,0.1381462888556051,-0.029961197
4251,2019-01-31,90215,0.08804038040746587,-0.10717737
4252,2019-01-31,90305,0.060552511994204083,0.07070733
4253,2019-01-31,90319,0.06489731900311524,0.08455296
4254,2019-01-31,90373,0.09666044552198372,-0.11613425
4255,2019-01-31,90386,-0.19044712400675434,-0.10660436
4256,2019-01-31,90601,0.05273586495123861,-0.10583796
4257,2019-01-31,90805,0.08879622123044939,-0.013343276
4258,2019-01-31,90808,0.09158266578064489,-0.086207174
4259,2019-01-31,90829,0.033126317205804945,-0.110776775
4260,2019-01-31,90880,0.16752323890126175,-0.08457798
4261,2019-01-31,90979,0.11330328154084768,-0.018863628
4262,2019-01-31,90993,0.06374073834039917,-0.10149415
4263,2019-01-31,91063,-0.010443027759817203,-0.08647329
4264,2019-01-31,91068,0.29914657857188165,-0.11451794
4265,2019-01-31,91103,0.018218061260157237,-0.11243657
4266,2019-01-31,91152,0.23406985903854927,-0.11821563
4267,2019-01-31,91233,0.20587469289899252,-0.106351286
4268,2019-01-31,91416,0.21510307742478108,-0.08470824
4269,2019-01-31,91461,0.07692113386846766,-0.052645534
4270,2019-01-31,91556,0.06314640483536027,-0.10827316
4271,2019-01-31,91926,0.1875678863503829,-0.086207174
4272,2019-01-31,92121,0.21418463423087886,-0.071232185
4273,2019-01-31,92157,0.18790067136642885,-0.08502067
4274,2019-01-31,92239,-0.03611982722435547,-0.08710203
4275,2019-01-31,92322,0.19546058180109016,-0.11451794
4276,2019-01-31,92602,0.14283034624321078,-0.08271914
4277,2019-01-31,92611,0.2200377915009657,-0.090415984
4278,2019-01-31,92614,0.13627427872959075,-0.10384636
4279,2019-01-31,92655,-0.13414112369432207,-0.09078179
4280,2019-01-31,92778,0.0791714265521406,-0.028056674
4281,2019-01-31,93002,0.197766066145179,-0.101689585
4282,2019-01-31,93089,0.20445733965150903,-0.10828736
4283,2019-01-31,93096,0.09520872345892784,-0.100819565
4284,2019-01-31,93429,0.09293880138881261,-0.015305711
4285,2019-04-30,10104,0.021700759065553576,-0.1017975
4286,2019-04-30,10107,0.047223184446845146,0.07002927
4287,2019-04-30,10138,0.062349358403017696,-0.10187939
4288,2019-04-30,10145,-0.001843323112812767,-0.109819055
4289,2019-04-30,10516,-0.07103467991663803,-0.10526135
4290,2019-04-30,10696,0.20850485515613237,-0.11923868
4291,2019-04-30,10909,0.08097023731228514,-0.10190905
4292,2019-04-30,11308,0.08115935514541706,-0.09105627
4293,2019-04-30,11403,0.06529065627643194,-0.117395766
4294,2019-04-30,11404,-0.0053384331767413196,-0.092459925
4295,2019-04-30,11552,-0.029574819075401937,-0.09021636
4296,2019-04-30,11600,0.06655241605935602,0.059228644
4297,2019-04-30,11618,-0.12084392780035369,-0.12086275
4298,2019-04-30,11674,0.018513222874658952,-0.10875421
4299,2019-04-30,11762,0.00104785950785935,-0.094586864
4300,2019-04-30,11786,-0.07845932897222108,-0.08734989
4301,2019-04-30,11850,-0.06321734927653033,-0.07796579
4302,2019-04-30,11891,0.13287303023452335,-0.083793394
4303,2019-04-30,11955,0.09491261781000238,-0.10955544
4304,2019-04-30,12052,0.046208091612160995,-0.10201836
4305,2019-04-30,12060,0.028505537569503137,-0.10349162
4306,2019-04-30,12062,0.0475238978347543,-0.102109425
4307,2019-04-30,12073,-0.04005210195494224,-0.066221654
4308,2019-04-30,12308,0.03822714895374202,-0.11267934
4309,2019-04-30,12345,-0.03888438346539902,-0.10349162
4310,2019-04-30,12369,0.04686877575483628,-0.102374256
4311,2019-04-30,12431,0.012841179977129302,-0.12136912
4312,2019-04-30,12490,0.06947186216910461,-0.0952161
4313,2019-04-30,12542,-0.07882666167536967,-0.06707938
4314,2019-04-30,12558,0.050279892769902856,-0.10966795
4315,2019-04-30,12622,0.05282440047507131,-0.06398446
4316,2019-04-30,12623,0.030019723029555134,0.060666353
4317,2019-04-30,12650,0.007950912573357227,-0.07811878
4318,2019-04-30,12872,-0.06400793896457457,-0.10349162
4319,2019-04-30,12981,0.04546616729901776,-0.06694671
4320,2019-04-30,13035,-0.034164722249068524,0.039977845
4321,2019-04-30,13103,0.0255879765764373,-0.10526135
4322,2019-04-30,13142,-0.19260506417624712,-0.083703876
4323,2019-04-30,13168,-0.1705817537039318,-0.09712538
4324,2019-04-30,13356,0.0994862638325471,-0.10201836
4325,2019-04-30,13407,0.004290084952926376,0.081118315
4326,2019-04-30,13586,0.00021228989119248531,0.014956842
4327,2019-04-30,13721,-0.14807670548220264,-0.09446389
4328,2019-04-30,13760,-0.12325393596587708,-0.075655
4329,2019-04-30,13788,0.12975019241559238,-0.10955544
4330,2019-04-30,13856,0.005352072193855584,-0.10125582
4331,2019-04-30,13901,-0.12009359855625501,-0.10427675
4332,2019-04-30,13911,0.14593291409697695,-0.1200797
4333,2019-04-30,13928,-0.05464009172199202,-0.10465779
4334,2019-04-30,13936,-0.3104052253929316,-0.063482314
4335,2019-04-30,13963,0.059583980647651025,-0.06784707
4336,2019-04-30,13964,0.07766550163940189,-0.06784707
4337,2019-04-30,13983,0.017959692233214808,-0.06162342
4338,2019-04-30,14008,0.04936181867695688,-0.09925436
4339,2019-04-30,14277,-0.05039081393846989,-0.10835226
4340,2019-04-30,14297,0.04610863694178513,-0.058953293
4341,2019-04-30,14338,0.11166490238342885,-0.09256719
4342,2019-04-30,14541,0.03549860806663996,-0.09077505
4343,2019-04-30,14542,0.02372943628429769,0.06308916
4344,2019-04-30,14593,0.0657896120007917,0.08730527
4345,2019-04-30,14702,0.12606924316297818,-0.10349162
4346,2019-04-30,14704,0.1250413317582879,-0.090657
4347,2019-04-30,14776,0.041226949555864145,-0.09149642
4348,2019-04-30,14889,0.03912456139724707,-0.10358269
4349,2019-04-30,15069,-0.17162786913865846,-0.078415655
4350,2019-04-30,15202,0.09977818079467293,-0.09527335
4351,2019-04-30,15408,-0.02294206451887315,-0.09787108
4352,2019-04-30,15456,-0.2758559913760523,-0.10609292
4353,2019-04-30,15488,-0.021015034340971628,-0.11241441
4354,2019-04-30,15579,0.07428866528824085,-0.09365311
4355,2019-04-30,15707,-0.08391571590408586,-0.10306133
4356,2019-04-30,15720,0.17954298625528153,-0.10526135
4357,2019-04-30,15980,-0.01833788705352779,-0.052872196
4358,2019-04-30,16087,-0.1183775265414535,-0.10955544
4359,2019-04-30,16538,0.12630397410873462,-0.07230962
4360,2019-04-30,16600,0.2221159047829786,-0.121230364
4361,2019-04-30,16678,-0.17465678174260124,-0.10526135
4362,2019-04-30,16851,-0.16372112644443493,-0.100746855
4363,2019-04-30,17005,0.036572872570809434,-0.10194479
4364,2019-04-30,17144,0.041346908654581016,-0.10821252
4365,2019-04-30,17478,0.11302734993215058,-0.096248314
4366,2019-04-30,17750,0.06477737741021428,-0.12086275
4367,2019-04-30,17830,-0.05808524146819982,-0.089954436
4368,2019-04-30,18163,0.11572906743316635,-0.0947277
4369,2019-04-30,18411,0.06816397828318199,-0.107715875
4370,2019-04-30,18542,-0.048448092852208746,-0.10526135
4371,2019-04-30,18729,-0.008682927287846698,-0.094116665
4372,2019-04-30,19166,0.0983554448523678,0.064720385
4373,2019-04-30,19350,0.004735050531721852,-0.12086275
4374,2019-04-30,19393,-0.03508340373067809,-0.093175165
4375,2019-04-30,19502,0.025733926495748127,-0.0049320124
4376,2019-04-30,19561,-0.09142620636528465,0.058308266
4377,2019-04-30,19583,-0.11352296493988312,-0.07446554
4378,2019-04-30,20415,0.04394436944207958,-0.07919888
4379,2019-04-30,20482,0.09893972201391343,-0.11063801
4380,2019-04-30,21020,-0.10473913826172543,-0.10358269
4381,2019-04-30,21178,0.09358161370210483,-0.10526135
4382,2019-04-30,21186,-0.04920934908194208,-0.07717027
4383,2019-04-30,21207,0.18055812934806648,-0.022305045
4384,2019-04-30,21371,-0.05159093404448678,-0.10358269
4385,2019-04-30,21573,-0.05098784125786604,-0.10249019
4386,2019-04-30,21776,-0.10905658636327231,-0.10936804
4387,2019-04-30,21792,-0.05504808187146071,-0.10945912
4388,2019-04-30,21936,-0.035110738740245395,-0.10619697
4389,2019-04-30,22103,-0.07924775105963733,-0.09266703
4390,2019-04-30,22111,-0.07145003957238083,-0.08055312
4391,2019-04-30,22293,-0.027920897430614544,-0.1200797
4392,2019-04-30,22509,0.0033140851027557705,-0.09339611
4393,2019-04-30,22517,-0.037997119981940886,-0.108920254
4394,2019-04-30,22592,-0.07004020916112108,-0.056998737
4395,2019-04-30,22752,0.06138271058049538,-0.10619697
4396,2019-04-30,22779,0.149341608198025,-0.10595622
4397,2019-04-30,23026,0.055644519383245106,-0.12086275
4398,2019-04-30,23229,0.0554108937786264,-0.10884528
4399,2019-04-30,23393,0.009696963622840338,-0.10700028
4400,2019-04-30,23473,0.12194447922015916,0.02483383
4401,2019-04-30,23536,0.09768298373474926,-0.10807201
4402,2019-04-30,23579,-0.06943735522676509,-0.08158348
4403,2019-04-30,23660,0.19940734069673693,-0.11410558
4404,2019-04-30,23712,-0.03444489495862779,-0.10606313
4405,2019-04-30,23819,-0.18148531915139454,-0.10672735
4406,2019-04-30,23931,0.06222861691177228,-0.10875421
4407,2019-04-30,24010,0.10051984374943568,-0.1087969
4408,2019-04-30,24109,0.034710668359696495,-0.10936804
4409,2019-04-30,24205,0.0721934060467393,-0.107102044
4410,2019-04-30,24643,0.1668022543690979,-0.06639009
4411,2019-04-30,24766,0.19717342766354373,-0.10295212
4412,2019-04-30,24942,0.03199119628951497,-0.10201836
4413,2019-04-30,24985,0.04671956579073533,-0.1082469
4414,2019-04-30,25081,-0.059592350544588446,-0.07547261
4415,2019-04-30,25232,0.03165137863922074,-0.10951594
4416,2019-04-30,25320,0.07764015169674088,-0.05582236
4417,2019-04-30,25419,0.05765342748798674,-0.06266437
4418,2019-04-30,25582,0.23662295171848768,-0.104086645
4419,2019-04-30,25785,-0.07438265841497016,-0.0956724
4420,2019-04-30,25953,-0.006889545996650259,-0.0862881
4421,2019-04-30,26403,0.050544893696566895,0.09418599
4422,2019-04-30,26710,0.04514045609577555,0.038701843
4423,2019-04-30,26825,-0.024208042827738696,-0.09438071
4424,2019-04-30,27043,-0.13806014071632555,-0.09398166
4425,2019-04-30,27828,0.06313885366279881,-0.10306133
4426,2019-04-30,27887,0.10367930018959437,-0.1200797
4427,2019-04-30,27959,-0.03805384414039914,-0.10936804
4428,2019-04-30,27983,-0.03095864543733129,-0.06552486
4429,2019-04-30,27991,-0.03476965111487618,-0.060543545
4430,2019-04-30,28222,0.11492270280625627,-0.11643342
4431,2019-04-30,28388,-0.06059212518866752,0.050761577
4432,2019-04-30,28484,0.015643575623464523,-0.1037056
4433,2019-04-30,28804,0.029368416576644796,-0.0642738
4434,2019-04-30,29946,0.031677860699294014,0.044429857
4435,2019-04-30,30681,0.010501358684764872,-0.10535242
4436,2019-04-30,30940,0.024188491485809704,-0.0747371
4437,2019-04-30,32707,-0.1405749665186261,-0.076677345
4438,2019-04-30,32870,0.03154709092468666,-0.025287407
4439,2019-04-30,34032,0.047065159383044675,-0.06725079
4440,2019-04-30,34746,0.039248174537549474,-0.10349162
4441,2019-04-30,34817,-0.04015187811612786,-0.10535242
4442,2019-04-30,34833,-0.11349446617807069,-0.021262065
4443,2019-04-30,35044,0.03598529955580809,-0.10358269
4444,2019-04-30,35554,-0.028174078792531643,-0.10201836
4445,2019-04-30,36468,0.13092431573392926,-0.11189011
4446,2019-04-30,37584,-0.0495962659522966,-0.10535242
4447,2019-04-30,38093,0.08676539911332282,-0.109928586
4448,2019-04-30,38156,-0.11825145893177602,-0.108155824
4449,2019-04-30,38703,0.009627295738305008,-0.08486368
4450,2019-04-30,38762,0.07598163549916537,-0.052837186
4451,2019-04-30,39490,-0.25025659235972,-0.07508773
4452,2019-04-30,39642,0.05351004093938627,-0.10427675
4453,2019-04-30,39917,-0.03791268837131179,-0.10292047
4454,2019-04-30,40125,-0.14797651787906207,-0.1018944
4455,2019-04-30,40272,0.050231800752752465,-0.09010505
4456,2019-04-30,40539,-0.0014621289519518577,-0.10936804
4457,2019-04-30,41080,-0.006711360575187619,-0.1026325
4458,2019-04-30,41355,-0.028184082892381723,-0.10427675
4459,2019-04-30,42200,-0.10076213445648363,-0.07471328
4460,2019-04-30,42585,-0.08715822436471643,-0.05887862
4461,2019-04-30,42877,0.08648971979509779,-0.0621065
4462,2019-04-30,42906,0.034437341375362474,-0.102109425
4463,2019-04-30,43350,0.011973613445475317,-0.104079396
4464,2019-04-30,43449,0.07280353713479326,-0.10550946
4465,2019-04-30,43553,-0.007719171308761985,-0.09482058
4466,2019-04-30,44206,0.06628748925652928,-0.107715875
4467,2019-04-30,44601,0.043730179370441435,0.050120473
4468,2019-04-30,44644,0.017820650733629373,-0.1086417
4469,2019-04-30,45356,0.13907439226322493,-0.09421059
4470,2019-04-30,45751,0.05251592002774985,-0.10936804
4471,2019-04-30,45911,-0.027481110642304962,-0.10535242
4472,2019-04-30,46578,0.024503119531056106,-0.10893887
4473,2019-04-30,46674,-0.04567895352064777,-0.12625135
4474,2019-04-30,46703,-0.08611383763110458,-0.06424686
4475,2019-04-30,46886,0.07666223438365094,-0.11452207
4476,2019-04-30,47896,0.00666038330813401,-0.07347707
4477,2019-04-30,48486,0.011513726997114393,-0.10526135
4478,2019-04-30,48506,0.09305761162401849,-0.101985596
4479,2019-04-30,48653,0.16427299826030928,-0.095717885
4480,2019-04-30,48725,0.021713620976330894,-0.111421056
4481,2019-04-30,49015,-0.015144536171820322,-0.08097751
4482,2019-04-30,49154,0.1260108291619193,-0.11949342
4483,2019-04-30,49373,0.027076756395236545,-0.053507827
4484,2019-04-30,49656,-0.049021763841161636,-0.10394284
4485,2019-04-30,49680,0.0621259253594133,-0.11030971
4486,2019-04-30,50876,-0.0639783593390093,-0.0860736
4487,2019-04-30,52038,-0.020283183024933815,-0.09329355
4488,2019-04-30,52090,0.033316956204702874,-0.10703724
4489,2019-04-30,52230,-0.02169033560527489,-0.06723537
4490,2019-04-30,52329,0.0630923766093936,-0.06924078
4491,2019-04-30,52476,0.10788859323709454,-0.08931781
4492,2019-04-30,52695,0.037574614417304586,-0.10436782
4493,2019-04-30,52708,-0.08496705489882939,-0.10315241
4494,2019-04-30,52978,0.19615017173715166,-0.076203026
4495,2019-04-30,53065,0.007559325213082335,-0.062019054
4496,2019-04-30,53613,0.06728506058258743,-0.10201836
4497,2019-04-30,54148,0.004975849876163618,-0.059929516
4498,2019-04-30,55976,0.07903495006861783,-0.084539436
4499,2019-04-30,56274,-0.05518638006952015,-0.10358269
4500,2019-04-30,56573,-0.0023496968203569057,-0.10465779
4501,2019-04-30,57568,0.19543892005733743,-0.1089843
4502,2019-04-30,57665,-0.017702352094902674,-0.10569412
4503,2019-04-30,57817,-0.18328789929836853,-0.07216494
4504,2019-04-30,57904,0.05028791020543144,-0.09628784
4505,2019-04-30,58246,0.001258507215721627,-0.10201836
4506,2019-04-30,58413,-0.00626265319177588,0.049409304
4507,2019-04-30,58683,-0.04629350206323757,-0.09930322
4508,2019-04-30,58819,0.05640823616765123,0.050317883
4509,2019-04-30,59010,-0.24221729984973317,-0.06441313
4510,2019-04-30,59176,0.06419414104664734,-0.09853597
4511,2019-04-30,59248,-0.1526330624768889,-0.08154033
4512,2019-04-30,59300,0.03221900197054084,0.059917808
4513,2019-04-30,59328,-0.0035094943100261178,-0.08717474
4514,2019-04-30,59408,0.008663985312263423,0.06347361
4515,2019-04-30,59459,0.025558850353260665,-0.09266976
4516,2019-04-30,60097,0.15415836903829438,-0.10502633
4517,2019-04-30,60206,-0.08759264603390604,-0.06801815
4518,2019-04-30,60442,0.05224008624857035,-0.10187939
4519,2019-04-30,60506,-0.01672163247344094,-0.09708634
4520,2019-04-30,60599,0.08399460747108578,-0.06550627
4521,2019-04-30,60628,-0.0963760576092203,-0.10349162
4522,2019-04-30,60871,0.016062101923933092,-0.12086275
4523,2019-04-30,60943,0.026257429927398324,-0.048998076
4524,2019-04-30,60986,0.0037103691703894714,-0.061074764
4525,2019-04-30,61241,0.10206432141047217,0.039693356
4526,2019-04-30,61399,-0.0989612059732835,-0.12086275
4527,2019-04-30,61621,-0.00028549524986598573,-0.11112112
4528,2019-04-30,61735,0.05301490905791639,-0.11036684
4529,2019-04-30,61815,-0.18010972933287395,-0.08355865
4530,2019-04-30,62092,0.0014921990960725662,-0.111421056
4531,2019-04-30,62148,-0.11308401449580963,-0.12086275
4532,2019-04-30,62308,0.04371294614680088,0.055334803
4533,2019-04-30,64186,0.06975570669121534,-0.0917623
4534,2019-04-30,64282,0.025352850380696124,-0.07027681
4535,2019-04-30,64311,-0.05922572690821226,-0.12086275
4536,2019-04-30,64390,0.03745414964260907,-0.12086275
4537,2019-04-30,64653,0.10668181794077136,-0.09690168
4538,2019-04-30,64936,-0.034509025616485944,-0.10882636
4539,2019-04-30,64995,0.057422817358739,-0.10358269
4540,2019-04-30,65402,-0.1312373498358822,0.02823813
4541,2019-04-30,65541,0.1638765675624536,-0.102795936
4542,2019-04-30,65875,-0.023251924376511912,-0.10424802
4543,2019-04-30,65947,0.1277455301639543,-0.1200797
4544,2019-04-30,66093,0.11652961324106559,-0.09077505
4545,2019-04-30,66157,0.07945522025660945,-0.09386616
4546,2019-04-30,66181,0.05629714284741261,-0.08509648
4547,2019-04-30,66384,0.06601767690559157,-0.10844333
4548,2019-04-30,66800,0.18408344486240957,-0.10349162
4549,2019-04-30,67598,0.08512023393468082,-0.10319185
4550,2019-04-30,68144,0.0255090924572261,-0.09669123
4551,2019-04-30,69032,-0.06924059775432811,-0.10349162
4552,2019-04-30,69550,-0.22564094193847517,-0.08357207
4553,2019-04-30,69649,-0.11549188264714982,-0.06297439
4554,2019-04-30,69796,-0.06670284672629623,-0.10349162
4555,2019-04-30,70033,-0.02811332468427441,-0.07461259
4556,2019-04-30,70332,0.015444975434488528,-0.063714355
4557,2019-04-30,70519,0.012912396254135095,-0.092896484
4558,2019-04-30,70578,0.09852953416206844,-0.1086417
4559,2019-04-30,71175,-0.12713427133984168,-0.06968374
4560,2019-04-30,71563,0.01493039051485634,-0.09669123
4561,2019-04-30,72726,-0.13424389585342467,-0.10835226
4562,2019-04-30,73139,0.11332229364892332,-0.1200797
4563,2019-04-30,75034,0.06520734877229795,0.021859247
4564,2019-04-30,75100,-0.1234740566240009,-0.059797097
4565,2019-04-30,75154,-0.13073926307552075,-0.10349162
4566,2019-04-30,75186,-0.05230277457091592,-0.10349162
4567,2019-04-30,75241,-0.17073334392414607,-0.05104691
4568,2019-04-30,75341,0.07854976215430498,0.045781553
4569,2019-04-30,75510,0.03322636146530966,-0.108964786
4570,2019-04-30,75607,-0.10596902739694758,-0.10358269
4571,2019-04-30,75819,0.11389514025601688,-0.1200797
4572,2019-04-30,75825,-0.10324282269729002,-0.0956724
4573,2019-04-30,75828,-0.022712222996507214,-0.10334374
4574,2019-04-30,76076,-0.003693322907662555,-0.10297243
4575,2019-04-30,76082,-0.2574137492788491,-0.064421095
4576,2019-04-30,76095,0.10500386913796045,-0.08798665
4577,2019-04-30,76201,-0.046285626885768316,-0.05204083
4578,2019-04-30,76226,0.008414376064845186,-0.10237572
4579,2019-04-30,76605,0.09212406934228246,-0.10489107
4580,2019-04-30,76614,-0.11184818691959963,-0.075411946
4581,2019-04-30,76639,0.32880020917359176,-0.10437933
4582,2019-04-30,76709,0.21573450621109624,-0.11969592
4583,2019-04-30,76712,-0.011303152788811777,-0.08045909
4584,2019-04-30,76744,-0.013965533507152905,-0.121034265
4585,2019-04-30,76841,0.03742402848292681,-0.10520531
4586,2019-04-30,77129,0.12188890083408666,0.00916768
4587,2019-04-30,77178,-0.14272504577583867,0.10227912
4588,2019-04-30,77182,0.13258282516776654,-0.09629896
4589,2019-04-30,77274,0.016853389777640615,-0.10306133
4590,2019-04-30,77338,0.012225926871408221,-0.10933353
4591,2019-04-30,77357,0.09646415876962444,-0.111496806
4592,2019-04-30,77462,-0.01766941466487215,-0.07235713
4593,2019-04-30,77496,-0.08484039387587083,-0.075545356
4594,2019-04-30,77605,0.14386041700299446,-0.1200797
4595,2019-04-30,77606,-0.23189095741899768,-0.076392666
4596,2019-04-30,77661,0.040134575807430295,-0.10535242
4597,2019-04-30,77702,0.22459913600182402,-0.10698953
4598,2019-04-30,77730,0.0650386200616464,-0.094497725
4599,2019-04-30,78916,0.09782779946106102,-0.10526135
4600,2019-04-30,78975,0.10647671797023972,-0.1200797
4601,2019-04-30,78987,-0.05041191337381412,-0.10526135
4602,2019-04-30,79057,0.05790154762531485,-0.09266703
4603,2019-04-30,79103,0.005783838203689662,-0.1200797
4604,2019-04-30,79145,-0.03246043787479058,-0.10427675
4605,2019-04-30,79265,-0.058712890014355534,-0.06910135
4606,2019-04-30,79323,0.08983726395777203,-0.09292527
4607,2019-04-30,79545,-0.09070905944455021,-0.06539109
4608,2019-04-30,79547,0.04007308989909664,-0.11028179
4609,2019-04-30,79637,0.19008828609946393,-0.08180015
4610,2019-04-30,79678,0.010995219307298854,-0.10835226
4611,2019-04-30,79698,-0.12354474374379631,0.060934473
4612,2019-04-30,79782,0.001864257243267442,0.037332937
4613,2019-04-30,79906,0.10572356994268461,-0.03998804
4614,2019-04-30,80080,-0.036537418749154615,-0.063482314
4615,2019-04-30,80100,-0.055289351365661155,-0.1200797
4616,2019-04-30,80183,0.08561125456283669,0.037542924
4617,2019-04-30,80191,-0.02306712185102555,-0.06344616
4618,2019-04-30,80204,0.1190386897791944,-0.077841796
4619,2019-04-30,80286,0.05494442456104065,-0.09297705
4620,2019-04-30,80381,0.04695654824248585,-0.11925993
4621,2019-04-30,80399,-0.16139033680556958,-0.074636586
4622,2019-04-30,80539,-0.11117999703441905,-0.07359572
4623,2019-04-30,80681,0.07704284976890818,-0.11782027
4624,2019-04-30,80711,0.011431795106666476,-0.0684665
4625,2019-04-30,81045,-0.001725810426060126,-0.1200797
4626,2019-04-30,81055,-9.315719785796261e-06,-0.10201836
4627,2019-04-30,81061,0.16892118802828104,-0.10349162
4628,2019-04-30,81481,-0.08563740044616042,-0.10270939
4629,2019-04-30,81540,0.17173080197675739,-0.102109425
4630,2019-04-30,81655,0.041090753983781925,-0.085610814
4631,2019-04-30,81696,-0.0358779132615078,0.01730369
4632,2019-04-30,81736,0.23554931380931476,-0.10459937
4633,2019-04-30,81774,-0.09746450554742991,-0.04715089
4634,2019-04-30,82303,0.05331057114166149,0.057730187
4635,2019-04-30,82307,0.08345329921946898,-0.06029669
4636,2019-04-30,82581,0.03871422520114187,-0.06454509
4637,2019-04-30,82598,-0.19095078125325238,-0.10436782
4638,2019-04-30,82642,0.0748410476203969,-0.095142014
4639,2019-04-30,82651,-0.013957346474781862,-0.008393248
4640,2019-04-30,82686,-0.06313422248016398,-0.062269498
4641,2019-04-30,82775,0.10797956882474558,-0.08997385
4642,2019-04-30,83111,-0.16777879234753545,-0.11244784
4643,2019-04-30,83143,-0.07708430732296134,-0.071195975
4644,2019-04-30,83443,-0.05205180091105244,-0.076983064
4645,2019-04-30,83621,0.03737852010174181,0.047257602
4646,2019-04-30,83862,-0.034194557395180625,-0.07978384
4647,2019-04-30,84032,-0.08655248407156124,-0.06305108
4648,2019-04-30,84129,-0.08028448951369926,-0.065337285
4649,2019-04-30,84373,0.06457948731730245,-0.08212631
4650,2019-04-30,84381,-0.10509967968960432,-0.10427675
4651,2019-04-30,84761,0.2653098645268974,-0.06633762
4652,2019-04-30,84767,0.03521882639911578,-0.11848249
4653,2019-04-30,84769,-0.060384063089417905,-0.11835673
4654,2019-04-30,84788,-0.031010923166629234,0.09196268
4655,2019-04-30,85035,-0.030680654461477497,-0.064641334
4656,2019-04-30,85058,-0.0267698888537814,-0.11690409
4657,2019-04-30,85072,-0.20304458809489057,-0.0741722
4658,2019-04-30,85257,0.017989645836981927,-0.10634597
4659,2019-04-30,85265,-0.07238275839515618,0.028422149
4660,2019-04-30,85269,-0.04947775463765802,-0.10349162
4661,2019-04-30,85348,0.08239366568653628,-0.10944103
4662,2019-04-30,85459,0.04020711467658811,-0.06633762
4663,2019-04-30,85592,0.05845807805891767,-0.10747608
4664,2019-04-30,85593,-0.22384731293544136,-0.0821769
4665,2019-04-30,85621,0.015420773602190518,-0.107296005
4666,2019-04-30,85631,-0.12367321029903122,-0.12136912
4667,2019-04-30,85663,-0.10197114155184861,-0.066155225
4668,2019-04-30,85753,0.06908529539029429,-0.117395766
4669,2019-04-30,85792,-0.07736026863795642,-0.058375884
4670,2019-04-30,85913,0.023298667882653223,-0.0904107
4671,2019-04-30,85914,0.03646783838334433,-0.10206135
4672,2019-04-30,85926,-0.10038986232534619,0.06712685
4673,2019-04-30,86111,0.08821184012061534,-0.10815856
4674,2019-04-30,86136,0.06589927795348638,-0.10955271
4675,2019-04-30,86158,-0.10425390875455143,-0.09648937
4676,2019-04-30,86228,0.07502656939368046,-0.11028179
4677,2019-04-30,86339,0.06846313711889307,-0.10888491
4678,2019-04-30,86356,0.06705825009815647,-0.10526135
4679,2019-04-30,86580,-0.06677632452474458,0.14319003
4680,2019-04-30,86783,0.017043434645615863,-0.09660818
4681,2019-04-30,86868,0.07383516950852576,-0.10349162
4682,2019-04-30,86964,-0.06488281426896647,-0.062060174
4683,2019-04-30,86979,-0.019497313003807193,-0.064421095
4684,2019-04-30,86996,0.20458351910517236,-0.10955271
4685,2019-04-30,87055,0.12558960611659686,-0.10882636
4686,2019-04-30,87137,-0.15703007956456505,-0.07372915
4687,2019-04-30,87184,0.0409288351500241,-0.09463567
4688,2019-04-30,87267,-0.02892736770923454,-0.10349162
4689,2019-04-30,87299,0.10080089674261328,-0.06489613
4690,2019-04-30,87432,-0.11388436865568652,-0.1200797
4691,2019-04-30,87447,0.13560391030271735,-0.10526135
4692,2019-04-30,87541,0.02660871385596031,-0.065337285
4693,2019-04-30,87657,0.20889406261228927,-0.12140509
4694,2019-04-30,87717,-0.03174967342849,-0.07292811
4695,2019-04-30,87842,0.08122498923817734,-0.10306133
4696,2019-04-30,88031,0.08170889048103258,-0.10526135
4697,2019-04-30,88352,0.017390255056692006,-0.07823213
4698,2019-04-30,88446,-0.040450216196614264,-0.12086275
4699,2019-04-30,88661,-0.03060139138296858,-0.07679565
4700,2019-04-30,88837,-0.07684343552189454,-0.10677291
4701,2019-04-30,88860,-0.3560421647996652,-0.112963416
4702,2019-04-30,88873,0.14965717678216217,-0.10672287
4703,2019-04-30,89002,-0.015525746821427822,-0.057581563
4704,2019-04-30,89003,0.15272615559341252,-0.115204304
4705,2019-04-30,89006,0.05697124241996443,-0.107715875
4706,2019-04-30,89017,0.06266604189966407,-0.11036684
4707,2019-04-30,89070,0.09946863592219901,-0.10619659
4708,2019-04-30,89071,0.05425144435231566,-0.10474681
4709,2019-04-30,89179,0.12328516428821978,-0.065604396
4710,2019-04-30,89195,0.026029300329791782,-0.091953844
4711,2019-04-30,89217,-0.09392092175006361,-0.09200761
4712,2019-04-30,89258,-0.03181778104178434,-0.10201836
4713,2019-04-30,89269,0.01027900626308309,-0.052553773
4714,2019-04-30,89393,-0.12832731396551922,0.048425306
4715,2019-04-30,89508,0.12715384767408722,-0.08387934
4716,2019-04-30,89509,-0.2598260533914126,-0.084586896
4717,2019-04-30,89525,-0.003412514711935044,-0.106461875
4718,2019-04-30,89533,-0.09210425384664889,-0.09665932
4719,2019-04-30,89617,0.10984721817446563,-0.091846086
4720,2019-04-30,89626,0.0907872921031736,-0.09288156
4721,2019-04-30,89641,-0.028336429961493548,-0.08212631
4722,2019-04-30,89866,-0.10531317122476924,-0.063465364
4723,2019-04-30,90038,0.2003622124093627,-0.051751357
4724,2019-04-30,90071,-0.17002551952664047,-0.07712729
4725,2019-04-30,90199,0.018057941370741792,0.03321103
4726,2019-04-30,90215,-0.06561688120277576,-0.111421056
4727,2019-04-30,90305,0.09293345188597568,-0.076096475
4728,2019-04-30,90319,0.016048709342668,0.05530904
4729,2019-04-30,90373,-0.0196372886540801,-0.1200797
4730,2019-04-30,90386,-0.03306948030762291,-0.01815263
4731,2019-04-30,90601,0.05037461780756258,0.03945982
4732,2019-04-30,90805,-0.01909238325423135,-0.08653992
4733,2019-04-30,90808,0.025138492755746755,-0.092972636
4734,2019-04-30,90829,0.1148047462140811,-0.06371718
4735,2019-04-30,90880,-0.002082124708825517,-0.10249019
4736,2019-04-30,90979,-0.0008709761360155,-0.09017195
4737,2019-04-30,90993,0.08354117596436428,-0.091229394
4738,2019-04-30,91063,0.05695272795948858,-0.06633762
4739,2019-04-30,91068,0.15623058971961012,-0.10853549
4740,2019-04-30,91103,0.034324876986525865,-0.12086275
4741,2019-04-30,91152,0.006049604542639253,-0.12086275
4742,2019-04-30,91233,0.0722248411194113,-0.10394764
4743,2019-04-30,91416,-0.10128524845748688,-0.07515499
4744,2019-04-30,91461,0.09101520741330371,-0.045408677
4745,2019-04-30,91556,0.08853107199107302,-0.11028179
4746,2019-04-30,91668,-0.2502153463594434,-0.07227781
4747,2019-04-30,91926,0.06030109016940011,-0.10526135
4748,2019-04-30,92121,0.10699179260271219,-0.10526135
4749,2019-04-30,92157,-0.028857127014961348,-0.10201836
4750,2019-04-30,92239,-0.15245261642081087,-0.09463524
4751,2019-04-30,92322,0.0007689661070358067,-0.12086275
4752,2019-04-30,92402,0.01084123594893649,-0.120318525
4753,2019-04-30,92602,-0.01981295863226029,-0.10154823
4754,2019-04-30,92611,0.0841708429582626,-0.0937804
4755,2019-04-30,92614,0.06581049817283868,-0.10807055
4756,2019-04-30,92655,0.07309536566635177,0.07287939
4757,2019-04-30,92778,-0.018079076960636042,0.019815305
4758,2019-04-30,93002,-0.08041882580769188,-0.10645113
4759,2019-04-30,93089,0.07680944800453826,-0.10526494
4760,2019-04-30,93096,0.06534583952513051,-0.11109319
4761,2019-04-30,93429,0.07890587752709233,0.056137823
4762,2019-07-31,10104,-0.02788963428157043,-0.0829748
4763,2019-07-31,10107,0.055717209454762884,0.07878649
4764,2019-07-31,10138,0.02782468028133911,-0.10072841
4765,2019-07-31,10145,0.00663016019617424,-0.11236378
4766,2019-07-31,10516,0.032873245890834735,-0.10307473
4767,2019-07-31,10696,0.006735448210933637,-0.11545389
4768,2019-07-31,10909,-0.060757048973797634,-0.10488247
4769,2019-07-31,11308,0.04182360771579341,-0.080614395
4770,2019-07-31,11403,-0.11581777352608558,-0.1000786
4771,2019-07-31,11404,0.0947141403045697,-0.104911
4772,2019-07-31,11552,0.1760268997921408,-0.104140356
4773,2019-07-31,11600,0.007943692798504376,0.03084401
4774,2019-07-31,11618,0.173787587287471,-0.11535577
4775,2019-07-31,11674,0.009021701900101542,-0.104911
4776,2019-07-31,11762,0.0779865998400584,-0.11132501
4777,2019-07-31,11786,-0.04522378716664632,-0.114846796
4778,2019-07-31,11850,-0.07995780156392351,-0.11093547
4779,2019-07-31,11891,-0.04628756272600121,-0.114276774
4780,2019-07-31,11955,-0.03681522253090197,-0.107257314
4781,2019-07-31,12052,-0.043668129994968496,-0.10307473
4782,2019-07-31,12060,-0.04395645062679743,-0.11070592
4783,2019-07-31,12062,-0.0164159051514573,-0.112749
4784,2019-07-31,12073,-0.004690619847042776,0.040315714
4785,2019-07-31,12308,0.2140208144446032,-0.10488247
4786,2019-07-31,12345,0.08685380710118151,-0.11070592
4787,2019-07-31,12369,-0.06979296509834931,-0.10307473
4788,2019-07-31,12431,0.03060250994178837,-0.11236378
4789,2019-07-31,12449,0.03536976095149402,-0.107257314
4790,2019-07-31,12490,-0.08745056191270173,-0.09981995
4791,2019-07-31,12542,-0.11480699809446238,0.055843238
4792,2019-07-31,12558,-0.01892529090604078,-0.107257314
4793,2019-07-31,12622,0.0035546016370002764,-0.11030827
4794,2019-07-31,12623,-0.00746328657141937,0.062913716
4795,2019-07-31,12650,0.14088346279197195,-0.10826242
4796,2019-07-31,12872,0.14693098883686928,-0.1114043
4797,2019-07-31,12981,0.09773857821098719,-0.052810684
4798,2019-07-31,13035,-0.03904580529143753,0.020755991
4799,2019-07-31,13103,0.02437857134685517,-0.10763352
4800,2019-07-31,13142,-0.12700097309537095,-0.03925944
4801,2019-07-31,13168,-0.08493691953557381,-0.012740684
4802,2019-07-31,13356,0.14941799427968472,-0.102921486
4803,2019-07-31,13407,-0.013281755868617462,0.056237165
4804,2019-07-31,13586,0.0735401498656525,-0.056850053
4805,2019-07-31,13721,0.21143699509435576,-0.10394803
4806,2019-07-31,13760,0.026700066929923327,-0.10905321
4807,2019-07-31,13788,0.11485628152773741,-0.10800787
4808,2019-07-31,13856,0.08077311374351859,-0.093328215
4809,2019-07-31,13901,-0.029413748032168008,-0.11070592
4810,2019-07-31,13911,-0.09266640980942464,-0.10862875
4811,2019-07-31,13928,-0.05848563754731573,-0.11070592
4812,2019-07-31,13936,-0.01930982411619675,-0.115706176
4813,2019-07-31,13963,0.04897672065571457,0.048219286
4814,2019-07-31,13964,0.05610584669416241,0.05451684
4815,2019-07-31,13983,0.08485618939533213,-0.015722908
4816,2019-07-31,14008,0.15127364645924124,-0.11132501
4817,2019-07-31,14277,-0.16924641321002987,-0.120838985
4818,2019-07-31,14295,-0.29165744249434844,-0.110598944
4819,2019-07-31,14297,0.12368404254899423,0.021498566
4820,2019-07-31,14338,0.0058213001811218135,-0.1114937
4821,2019-07-31,14541,-0.04691912938508358,-0.0828524
4822,2019-07-31,14542,0.03569695656493588,0.10212871
4823,2019-07-31,14593,0.1721391864562707,0.08559441
4824,2019-07-31,14702,0.1039768290258154,-0.112366244
4825,2019-07-31,14704,0.08693017613356857,-0.105661556
4826,2019-07-31,14776,-0.00802815681958402,-0.10632289
4827,2019-07-31,14889,-0.04685595988303237,-0.11352622
4828,2019-07-31,15069,-0.1772769725340989,-0.12130359
4829,2019-07-31,15202,0.03492725090637361,-0.11236378
4830,2019-07-31,15408,0.02607044325028407,-0.1182184
4831,2019-07-31,15488,-0.05706130281105759,-0.11236378
4832,2019-07-31,15579,-0.04893939517627799,-0.113043696
4833,2019-07-31,15707,0.15047396853837047,-0.10897869
4834,2019-07-31,15720,-0.14934498352345627,-0.11298712
4835,2019-07-31,15980,-0.09046038253663524,0.024630688
4836,2019-07-31,16087,-0.09179961409481352,-0.111338586
4837,2019-07-31,16538,-0.27975304044070326,-0.021532748
4838,2019-07-31,16600,-0.027369850497167114,-0.115342855
4839,2019-07-31,16678,0.17288707237836176,-0.1099804
4840,2019-07-31,16851,-0.08661709208709834,-0.1114043
4841,2019-07-31,17005,0.19734801088485465,-0.11070592
4842,2019-07-31,17144,-0.033700454544527414,-0.10488247
4843,2019-07-31,17478,0.055569117342149754,-0.10499029
4844,2019-07-31,17750,-0.013186736286660672,-0.10488247
4845,2019-07-31,17830,0.0810920204039185,-0.10307473
4846,2019-07-31,18163,0.061558716554274806,-0.118197925
4847,2019-07-31,18411,0.12696840941148002,-0.10488247
4848,2019-07-31,18542,0.05480610011052023,-0.11132501
4849,2019-07-31,18729,-0.03763564741748593,-0.11132501
4850,2019-07-31,19166,0.06370056855395023,-0.03523849
4851,2019-07-31,19350,0.056057624972006614,-0.11236378
4852,2019-07-31,19393,0.3025170864285647,-0.11070592
4853,2019-07-31,19502,0.01431064323841369,-0.104140356
4854,2019-07-31,19561,0.0023688216047383914,0.11771727
4855,2019-07-31,19583,-0.10576545056118125,-0.10843411
4856,2019-07-31,20482,-0.03621253074874842,-0.10584576
4857,2019-07-31,21020,-0.011273740905973773,-0.11078043
4858,2019-07-31,21178,0.046020479858418506,-0.10488247
4859,2019-07-31,21186,0.050161108179575864,-0.062325016
4860,2019-07-31,21207,0.09182808105244589,-0.113487236
4861,2019-07-31,21371,0.09237114359328724,-0.096175775
4862,2019-07-31,21573,0.007633179834324544,-0.11290712
4863,2019-07-31,21776,0.01776873366740017,-0.10359316
4864,2019-07-31,21792,0.012546420757372223,-0.10175884
4865,2019-07-31,21936,-0.0028101775832878317,-0.07473689
4866,2019-07-31,22103,0.09061890853162113,-0.11132501
4867,2019-07-31,22111,0.02151689958450942,-0.10742243
4868,2019-07-31,22293,-0.02947471468608276,-0.1121158
4869,2019-07-31,22509,0.07056632049244427,-0.10482039
4870,2019-07-31,22517,0.1461586384610345,-0.10437225
4871,2019-07-31,22592,-0.047015642133156677,-0.11070592
4872,2019-07-31,22752,0.05117724716557648,-0.080614395
4873,2019-07-31,22779,0.005604769543442467,-0.10390759
4874,2019-07-31,23026,0.10854800434548895,-0.107257314
4875,2019-07-31,23229,0.1116363010367134,-0.10875694
4876,2019-07-31,23393,-0.07018963713411452,-0.103184454
4877,2019-07-31,23473,0.05996376694277683,-0.07125544
4878,2019-07-31,23536,0.11187709290123315,-0.107257314
4879,2019-07-31,23579,-0.06474397001645871,-0.10470026
4880,2019-07-31,23660,0.03159874276402208,-0.11402589
4881,2019-07-31,23712,0.11640256662969706,-0.10671856
4882,2019-07-31,23819,-0.15501371273383768,-0.069531575
4883,2019-07-31,23931,0.07226935577625526,-0.107257314
4884,2019-07-31,24010,0.16004641362237515,-0.107257314
4885,2019-07-31,24053,0.06428943384536745,0.011854506
4886,2019-07-31,24109,0.0829797088452442,-0.107257314
4887,2019-07-31,24205,0.15695793981388761,-0.10488247
4888,2019-07-31,24643,0.09794806436499637,0.032514818
4889,2019-07-31,24766,0.023652526374946525,-0.11269645
4890,2019-07-31,24942,0.1698410667573509,-0.11070592
4891,2019-07-31,24985,0.033127707972246734,-0.05847307
4892,2019-07-31,25081,-0.09703600730210316,-0.10989545
4893,2019-07-31,25232,0.009539085346046416,-0.10897869
4894,2019-07-31,25320,0.1285931692157063,0.07238154
4895,2019-07-31,25419,0.05476727757601885,-0.109301195
4896,2019-07-31,25582,-0.002673251067072946,-0.11402589
4897,2019-07-31,25785,-0.08366634619884328,-0.1121158
4898,2019-07-31,25953,0.07838672525761892,-0.109301195
4899,2019-07-31,26403,-0.09153092173648303,-0.09608272
4900,2019-07-31,26710,-0.0835904210707401,-0.015543808
4901,2019-07-31,26825,0.10111146034960972,-0.111789174
4902,2019-07-31,27043,0.029312963679528403,-0.04993727
4903,2019-07-31,27828,-0.16746590786209115,-0.10307473
4904,2019-07-31,27887,-0.08428068027750613,-0.107257314
4905,2019-07-31,27959,0.09844946752107364,-0.10585916
4906,2019-07-31,27983,0.06572074665215921,-0.07589058
4907,2019-07-31,27991,0.031793527943047906,0.034166533
4908,2019-07-31,28222,-0.060871803722595375,-0.10800648
4909,2019-07-31,28388,0.031084046338754057,0.07539108
4910,2019-07-31,28484,0.01804221160721009,-0.11132501
4911,2019-07-31,28804,0.10213056867479753,-0.049232803
4912,2019-07-31,29946,0.19866772670936528,-0.014598244
4913,2019-07-31,30681,-0.02980154738720331,-0.10708366
4914,2019-07-31,30940,-0.01989452238800482,-0.022731433
4915,2019-07-31,32707,-0.2326201311288224,-0.01706166
4916,2019-07-31,32803,0.11190767624533549,0.05028547
4917,2019-07-31,32870,0.0026918749663749075,-0.051336393
4918,2019-07-31,34032,0.13807175037527997,-0.10826242
4919,2019-07-31,34746,-0.011989593782799068,-0.11132501
4920,2019-07-31,34817,-0.001720764050797019,-0.1105608
4921,2019-07-31,34833,-0.19759476507919504,-0.120838985
4922,2019-07-31,35044,0.021246809268725464,-0.11290712
4923,2019-07-31,35554,-0.04048343814603994,-0.10897869
4924,2019-07-31,36468,0.11797033243456201,-0.112366244
4925,2019-07-31,37584,-0.14801824413224818,-0.11361542
4926,2019-07-31,38093,0.013568427200080668,-0.10807547
4927,2019-07-31,38156,-0.08039958389027912,-0.11084472
4928,2019-07-31,38703,0.07823853018077287,-0.069952995
4929,2019-07-31,38762,-0.048708155905655914,0.056613244
4930,2019-07-31,39490,-0.10328534203487283,-0.10099195
4931,2019-07-31,39642,0.015630532255831664,-0.104140356
4932,2019-07-31,39917,0.16424566059048828,-0.06454555
4933,2019-07-31,40125,-0.5005522628455443,-0.11176995
4934,2019-07-31,40272,-0.14735892461373112,-0.10327352
4935,2019-07-31,40539,0.061357090042231555,-0.10373363
4936,2019-07-31,41080,0.06113488203304662,-0.11236378
4937,2019-07-31,41355,0.05388012277744059,-0.11132501
4938,2019-07-31,42200,-0.0010144918302109618,-0.05005601
4939,2019-07-31,42585,-0.04218664463451027,-0.07067679
4940,2019-07-31,42877,0.15133588125747033,-0.11018613
4941,2019-07-31,42906,0.0017541667676614914,-0.10913903
4942,2019-07-31,43350,0.03066027286295947,-0.11132501
4943,2019-07-31,43449,-0.06156414917713782,-0.107257314
4944,2019-07-31,43553,-0.05383879872546038,-0.104140356
4945,2019-07-31,44206,0.1109663539613226,-0.104911
4946,2019-07-31,44601,0.11881967073125899,-0.04371111
4947,2019-07-31,44644,-0.020961072918062595,-0.10488247
4948,2019-07-31,45356,0.027001787874401995,-0.10563303
4949,2019-07-31,45751,0.05374406355406802,-0.10488247
4950,2019-07-31,45911,0.07415120682921028,-0.1112498
4951,2019-07-31,46578,-0.08525401117746201,-0.10499029
4952,2019-07-31,46674,0.06482585534989793,-0.038177997
4953,2019-07-31,46703,-0.046486229121841305,0.047009565
4954,2019-07-31,46886,0.24711848555069493,-0.11161569
4955,2019-07-31,47896,0.08553708318666553,-0.11414604
4956,2019-07-31,48486,0.30573373657896674,-0.11161569
4957,2019-07-31,48506,0.03199346490491317,-0.11120376
4958,2019-07-31,48653,-0.006475228881496986,-0.11236803
4959,2019-07-31,48725,-0.07500630850505985,-0.11236378
4960,2019-07-31,49015,-0.12971486899588414,0.053226333
4961,2019-07-31,49154,0.24693173680784697,-0.104484186
4962,2019-07-31,49373,-0.08776363451222158,0.024616623
4963,2019-07-31,49656,0.0030377715206615363,-0.11070592
4964,2019-07-31,49680,-0.017907908101428505,-0.10488247
4965,2019-07-31,50876,0.05201225808094656,-0.11236378
4966,2019-07-31,52038,0.17061669233564603,-0.10482039
4967,2019-07-31,52090,0.016978768516951348,-0.10253616
4968,2019-07-31,52230,-0.0465901209704741,-0.112291634
4969,2019-07-31,52329,0.1363526673652138,0.056645516
4970,2019-07-31,52476,-0.014444305105851374,-0.11117988
4971,2019-07-31,52695,0.06688832035336989,-0.11297362
4972,2019-07-31,52708,0.2537146850915575,-0.11060874
4973,2019-07-31,52978,-0.191237104212438,-0.11182525
4974,2019-07-31,53065,-0.039831734172460886,0.0005343008
4975,2019-07-31,53613,0.059259003231722396,0.061233286
4976,2019-07-31,54148,0.24918874183391626,-0.11164752
4977,2019-07-31,55976,0.06752015644498499,-0.1144874
4978,2019-07-31,56274,-0.05567993314866804,-0.11513747
4979,2019-07-31,56573,0.10059416626953199,-0.11132501
4980,2019-07-31,57568,-0.019304259458552075,-0.10314897
4981,2019-07-31,57665,0.04362212770144014,-0.10373363
4982,2019-07-31,57817,0.0980406223503234,-0.098066755
4983,2019-07-31,57904,0.01514072343833206,-0.10488247
4984,2019-07-31,58246,0.024441345685310534,-0.10865027
4985,2019-07-31,58413,0.03836032644908438,0.060744103
4986,2019-07-31,58683,0.09318596767087839,-0.11070592
4987,2019-07-31,58819,0.0839205268384684,0.077646054
4988,2019-07-31,59010,-0.15353258204470654,-0.11713019
4989,2019-07-31,59176,-0.05340420054075623,-0.10488247
4990,2019-07-31,59248,-0.012618748041235861,-0.10390947
4991,2019-07-31,59300,0.09867111519069738,0.061932866
4992,2019-07-31,59328,0.1257970931729433,-0.085105024
4993,2019-07-31,59408,0.025749936333761658,0.111113556
4994,2019-07-31,59459,-0.10121330229452374,-0.107257314
4995,2019-07-31,60097,0.0736465207060335,-0.10619183
4996,2019-07-31,60206,0.07271603569412166,-0.04623019
4997,2019-07-31,60442,0.034933578371476814,-0.10307473
4998,2019-07-31,60506,0.08963345181189175,-0.110017456
4999,2019-07-31,60599,0.09396032786519282,-0.11762355
5000,2019-07-31,60628,-0.10119431408953772,-0.120838985
5001,2019-07-31,60871,-0.08770723492473376,-0.11236378
5002,2019-07-31,60943,0.2956291234613946,-0.021077028
5003,2019-07-31,60986,0.3555505957150562,-0.0833119
5004,2019-07-31,61241,0.11429001512440418,0.10672422
5005,2019-07-31,61399,0.1060755122667405,-0.11045493
5006,2019-07-31,61621,0.014569645020727773,-0.10488247
5007,2019-07-31,61735,0.02298559384134813,-0.107257314
5008,2019-07-31,61815,-0.12293603867779812,-0.118679136
5009,2019-07-31,62092,0.08821554874324167,-0.11315457
5010,2019-07-31,62148,0.001755271173746964,-0.118625335
5011,2019-07-31,62308,0.06779717327130941,0.060094684
5012,2019-07-31,64186,0.05025542667633087,-0.10968918
5013,2019-07-31,64282,-0.33315996769970424,-0.10998903
5014,2019-07-31,64311,-0.0378556055439766,-0.111347035
5015,2019-07-31,64390,-0.13817282413216647,-0.11236378
5016,2019-07-31,64653,-0.07462052094891003,-0.10488247
5017,2019-07-31,64936,0.12434864126614009,-0.10585916
5018,2019-07-31,64995,-0.01043697371530028,-0.11070592
5019,2019-07-31,65402,0.09827629231289414,-0.11341297
5020,2019-07-31,65541,-0.13752318455184798,-0.059826005
5021,2019-07-31,65875,0.10544373651322814,-0.082049154
5022,2019-07-31,65947,0.10203757663360791,-0.10611016
5023,2019-07-31,66093,0.14596021679941584,-0.08983716
5024,2019-07-31,66157,0.005284966228190857,-0.1010615
5025,2019-07-31,66181,0.10441822231028919,-0.0808113
5026,2019-07-31,66384,-0.033275073223289486,-0.08483892
5027,2019-07-31,66800,-0.04874192432353275,-0.10444616
5028,2019-07-31,67598,0.191453630898055,-0.0918481
5029,2019-07-31,68144,0.03550642823073846,-0.10307473
5030,2019-07-31,69032,0.041255414365338305,-0.103551865
5031,2019-07-31,69550,-0.08373035218261349,-0.100496486
5032,2019-07-31,69649,0.039224489738642676,-0.03442096
5033,2019-07-31,69796,-0.02921995684258616,-0.10461749
5034,2019-07-31,70033,0.09876149571318726,-0.046040975
5035,2019-07-31,70519,0.01745191548081193,-0.10307473
5036,2019-07-31,70578,-0.045605388679813785,-0.105631635
5037,2019-07-31,71175,-0.12940872984121976,-0.045181066
5038,2019-07-31,71563,0.03941225505264678,-0.10307473
5039,2019-07-31,72726,0.1473672102022181,-0.11866747
5040,2019-07-31,73139,0.03344274964975269,-0.10488247
5041,2019-07-31,75034,-0.15067044716513567,-0.114846796
5042,2019-07-31,75100,0.33411260879612903,-0.06569866
5043,2019-07-31,75107,-0.2548089276502148,-0.114846796
5044,2019-07-31,75154,-0.08182128342459372,-0.0941439
5045,2019-07-31,75186,-0.05380248453286263,-0.11070592
5046,2019-07-31,75241,-0.10570623909989907,-0.11022563
5047,2019-07-31,75341,0.061260218456008264,0.06959096
5048,2019-07-31,75510,-0.07003272437385555,-0.10488247
5049,2019-07-31,75607,0.06465082822059864,-0.105852254
5050,2019-07-31,75819,-0.022048244206017253,-0.1030133
5051,2019-07-31,75825,-0.18926180496444878,-0.11219509
5052,2019-07-31,75828,0.04216495179336799,-0.11981556
5053,2019-07-31,76076,-0.13604155933002204,-0.0829748
5054,2019-07-31,76082,-0.022124943277747944,-0.089641444
5055,2019-07-31,76095,-0.05736665420873932,-0.061348733
5056,2019-07-31,76201,-0.2027167101077506,-0.08541398
5057,2019-07-31,76226,-0.2974711531978944,-0.10120555
5058,2019-07-31,76605,0.019002303283367716,-0.09529661
5059,2019-07-31,76614,0.004985676999869071,-0.11070592
5060,2019-07-31,76709,0.010494411387141467,-0.10544226
5061,2019-07-31,76712,0.023613071264654728,0.01985125
5062,2019-07-31,76744,0.17320544511625968,-0.11964207
5063,2019-07-31,76841,0.2560409458685273,-0.1114043
5064,2019-07-31,77129,0.1376668986749745,-0.017485986
5065,2019-07-31,77178,0.10804063394633578,-0.11236378
5066,2019-07-31,77182,-0.013937317242330827,-0.093185976
5067,2019-07-31,77274,-0.018393377513133635,-0.11070592
5068,2019-07-31,77338,-0.07213431436112117,-0.10488247
5069,2019-07-31,77357,0.022523352547284547,-0.1042486
5070,2019-07-31,77462,-0.3182277359577469,-0.12673289
5071,2019-07-31,77496,0.1498931520678679,-0.095641635
5072,2019-07-31,77605,-0.01789534331099274,-0.10625391
5073,2019-07-31,77606,-0.03579322268260321,-0.11600629
5074,2019-07-31,77661,0.14383859966930634,-0.11352622
5075,2019-07-31,77702,-0.10360258585537285,-0.08259596
5076,2019-07-31,77730,0.04563997062010827,-0.11168924
5077,2019-07-31,78916,0.10238272065577925,-0.104140356
5078,2019-07-31,78975,-0.06957479124034127,-0.107365124
5079,2019-07-31,78987,0.0027387173479707094,-0.11161569
5080,2019-07-31,79057,0.0019708969884262295,-0.10373363
5081,2019-07-31,79103,0.14379161698354403,-0.11236378
5082,2019-07-31,79145,-0.05806501714489154,-0.11132501
5083,2019-07-31,79265,0.04194875257162112,-0.0040648244
5084,2019-07-31,79323,-0.00427942998944375,-0.11132501
5085,2019-07-31,79545,0.10838736810245675,-0.041557662
5086,2019-07-31,79547,0.1312415347906617,-0.10751902
5087,2019-07-31,79637,-0.08756179408768638,-0.11401077
5088,2019-07-31,79678,0.1495701903654496,-0.120838985
5089,2019-07-31,79698,0.10586496498589959,-0.030349994
5090,2019-07-31,79782,0.0171718934920706,0.056132372
5091,2019-07-31,79906,-0.011773180012007334,-0.07733738
5092,2019-07-31,80080,0.01745107540400137,-0.038212396
5093,2019-07-31,80100,-0.057832858756898586,-0.10307473
5094,2019-07-31,80183,0.18806944821322458,0.06957363
5095,2019-07-31,80191,-0.16307229266750367,-0.0316506
5096,2019-07-31,80204,0.05944875837877017,-0.1142988
5097,2019-07-31,80286,-0.12357843781478905,-0.08618732
5098,2019-07-31,80320,0.06591097566724669,-0.059412766
5099,2019-07-31,80381,0.049874753813409445,-0.10253616
5100,2019-07-31,80399,-0.14662607180746112,-0.04095283
5101,2019-07-31,80539,-0.39107421265675435,0.019562759
5102,2019-07-31,80681,0.08889556383410246,-0.058114342
5103,2019-07-31,80711,0.11641797442621793,0.04436929
5104,2019-07-31,81045,0.19220079684528413,-0.10253616
5105,2019-07-31,81055,0.01347204385093459,-0.11132501
5106,2019-07-31,81061,-0.039982388718648676,-0.11269645
5107,2019-07-31,81481,0.08501061924646192,-0.11315457
5108,2019-07-31,81540,-0.015818124236474218,-0.109959915
5109,2019-07-31,81655,-0.06919219680343192,-0.11194352
5110,2019-07-31,81696,0.01535575321198257,-0.0978189
5111,2019-07-31,81736,0.15276250897280996,-0.047686633
5112,2019-07-31,81774,-0.10746790871617451,-0.11360551
5113,2019-07-31,82303,0.048411140605314484,0.06035877
5114,2019-07-31,82307,-0.020882996378976726,-0.10998966
5115,2019-07-31,82581,-0.059438131311716824,0.009830339
5116,2019-07-31,82598,-0.035704240139630805,-0.09555669
5117,2019-07-31,82642,0.013429360632310594,-0.10488247
5118,2019-07-31,82651,0.005033445939527814,-0.06876201
5119,2019-07-31,82686,0.15942228953165438,-0.11060874
5120,2019-07-31,82775,-0.0044466164733093505,-0.10208387
5121,2019-07-31,83111,-0.0696447773771609,-0.11084472
5122,2019-07-31,83143,0.13619960371275908,-0.10531934
5123,2019-07-31,83443,0.03480226733772995,-0.11161551
5124,2019-07-31,83621,0.0838388908131491,-0.044059187
5125,2019-07-31,83862,-0.14055491362191985,-0.1102366
5126,2019-07-31,84032,-0.04832073942175119,-0.104328886
5127,2019-07-31,84129,0.08466153364821882,-0.1095158
5128,2019-07-31,84373,-0.003050221838917344,-0.1078722
5129,2019-07-31,84381,0.07648547670642092,-0.11070592
5130,2019-07-31,84761,-0.017712260163874505,-0.07496948
5131,2019-07-31,84767,0.09173795786634309,-0.10617776
5132,2019-07-31,84769,0.07794929423460317,-0.11132501
5133,2019-07-31,84788,-0.04827556955543155,0.053168014
5134,2019-07-31,85035,0.10328896465060855,-0.037484206
5135,2019-07-31,85058,0.039507381304336064,-0.029697245
5136,2019-07-31,85072,-0.07158169023770777,-0.07092181
5137,2019-07-31,85257,0.024340404181473208,-0.10253616
5138,2019-07-31,85265,0.04179838846621031,0.053653654
5139,2019-07-31,85269,0.1511055850216989,-0.1114043
5140,2019-07-31,85348,-0.0927880449090892,-0.10722926
5141,2019-07-31,85459,-0.09124061985419119,-0.10826242
5142,2019-07-31,85592,0.0954875925209171,-0.11236378
5143,2019-07-31,85593,-0.06512189978233152,0.038463235
5144,2019-07-31,85621,-0.06846829979729796,-0.12068084
5145,2019-07-31,85631,-0.056411372033748575,-0.11236378
5146,2019-07-31,85663,0.05547045037529008,-0.11078043
5147,2019-07-31,85753,-0.09981005858109782,-0.10800648
5148,2019-07-31,85792,0.12491639082212758,0.04118521
5149,2019-07-31,85913,-0.08655798205608323,-0.104210764
5150,2019-07-31,85914,-0.05442588988536001,-0.11161569
5151,2019-07-31,85926,0.0035907172409788135,-0.020997794
5152,2019-07-31,86111,0.034918710361820704,-0.10659492
5153,2019-07-31,86136,0.0743782011913321,-0.107257314
5154,2019-07-31,86158,-0.06145444740448702,-0.1038673
5155,2019-07-31,86228,-0.008242156795750799,-0.053454824
5156,2019-07-31,86339,0.04993552025407744,-0.11236378
5157,2019-07-31,86356,-0.14123620576304674,-0.10584576
5158,2019-07-31,86580,0.19262024687244295,0.03312583
5159,2019-07-31,86783,0.08595891556095014,-0.103551865
5160,2019-07-31,86868,-0.02470792775612296,-0.09981995
5161,2019-07-31,86964,-0.017996289762036488,-0.10764332
5162,2019-07-31,86979,-0.0737129832399257,-0.013864089
5163,2019-07-31,86996,-0.01802520204422997,-0.11386662
5164,2019-07-31,87055,0.08265510615562932,-0.10897115
5165,2019-07-31,87137,-0.24613549276468472,-0.1177747
5166,2019-07-31,87267,-0.004950930507650608,-0.104140356
5167,2019-07-31,87299,-0.01849628596790276,-0.10532773
5168,2019-07-31,87432,0.09367819156922708,-0.11228449
5169,2019-07-31,87447,-0.027966603427101777,-0.109453246
5170,2019-07-31,87541,0.09208978665013867,-0.09591454
5171,2019-07-31,87657,0.11994519489308297,-0.11300915
5172,2019-07-31,87717,-0.044661209242024213,-0.025873724
5173,2019-07-31,87842,-0.04407695354907304,-0.10585916
5174,2019-07-31,88031,-0.1293620339795889,-0.104210764
5175,2019-07-31,88352,0.06436914081443845,-0.11132501
5176,2019-07-31,88446,-0.012891454344558961,-0.081961915
5177,2019-07-31,88661,-0.151606056680198,-0.11762355
5178,2019-07-31,88837,0.20086507191959946,-0.10620371
5179,2019-07-31,88860,0.20666451637663008,-0.082144074
5180,2019-07-31,88873,0.007558900079648323,-0.113735214
5181,2019-07-31,89002,-0.35944079736907875,-0.13121817
5182,2019-07-31,89003,-0.008592228447130257,-0.108080395
5183,2019-07-31,89006,-0.014398004928265706,-0.107257314
5184,2019-07-31,89017,-0.0393930139715738,-0.106555745
5185,2019-07-31,89070,0.024774715858381535,-0.11161569
5186,2019-07-31,89071,-0.033052965625040454,-0.10822059
5187,2019-07-31,89179,-0.08373726725739994,-0.113114335
5188,2019-07-31,89195,-0.07066569848023263,-0.0705502
5189,2019-07-31,89217,0.07902470150245744,-0.11060874
5190,2019-07-31,89258,-0.08944482060388026,-0.104140356
5191,2019-07-31,89269,0.019005765556223908,-0.11070592
5192,2019-07-31,89393,-0.1101589594952953,0.057667013
5193,2019-07-31,89508,0.061645755775777245,-0.114144765
5194,2019-07-31,89509,-0.16242249947285048,-0.02914731
5195,2019-07-31,89525,0.043118187219780335,-0.081299834
5196,2019-07-31,89533,-0.05801744502017514,-0.10989545
5197,2019-07-31,89617,0.1338976062305759,-0.10709353
5198,2019-07-31,89626,0.061956250894982245,-0.10488247
5199,2019-07-31,89641,0.26829936982584424,-0.1078722
5200,2019-07-31,89866,0.2621566700401192,-0.03180797
5201,2019-07-31,90038,0.11770432352854088,0.037464127
5202,2019-07-31,90071,0.17603557430135397,-0.10826242
5203,2019-07-31,90199,0.01018675868604113,-0.03164034
5204,2019-07-31,90215,0.012878454563080677,-0.11045493
5205,2019-07-31,90305,0.006678009800679785,-0.002549171
5206,2019-07-31,90319,0.03332972487409469,0.099019684
5207,2019-07-31,90373,0.12035984576632286,-0.10897869
5208,2019-07-31,90386,-0.20862682266982935,-0.10725312
5209,2019-07-31,90601,0.04019261548704467,-0.10033179
5210,2019-07-31,90805,-0.11069208093390503,-0.08806853
5211,2019-07-31,90808,0.03220726709762167,-0.104140356
5212,2019-07-31,90829,-0.07912951086903985,-0.10990716
5213,2019-07-31,90880,0.044403399167873836,-0.10897869
5214,2019-07-31,90979,-0.10489848643801958,-0.07739069
5215,2019-07-31,90993,0.07677920065811583,-0.107257314
5216,2019-07-31,91063,-0.2841625249271391,-0.068178736
5217,2019-07-31,91068,-0.021831286972751163,-0.10562669
5218,2019-07-31,91103,-0.011642652135398723,-0.11045493
5219,2019-07-31,91152,0.1471317488526156,-0.10253616
5220,2019-07-31,91233,0.01793087013698602,-0.11483098
5221,2019-07-31,91416,-0.044940855481063635,-0.044532225
5222,2019-07-31,91461,0.2035485466890179,0.0523366
5223,2019-07-31,91556,0.03676499920341736,-0.107365124
5224,2019-07-31,91668,0.02496417309639498,-0.030805934
5225,2019-07-31,91849,-0.010667081323165295,0.016392265
5226,2019-07-31,91926,-0.09089249910648656,-0.11132501
5227,2019-07-31,91937,0.03675124389265516,-0.098807424
5228,2019-07-31,92121,-0.10070608244367796,-0.11161569
5229,2019-07-31,92157,-0.026475436377012884,-0.11132501
5230,2019-07-31,92239,-0.30758791789090456,-0.11219509
5231,2019-07-31,92322,-0.33242315181446824,-0.11236378
5232,2019-07-31,92402,0.03537247916389008,-0.11080824
5233,2019-07-31,92602,-0.010030559003140649,-0.11132501
5234,2019-07-31,92611,0.006253255243254818,-0.1148555
5235,2019-07-31,92614,0.07846506895809946,-0.104911
5236,2019-07-31,92655,0.019509068389560014,-0.07752872
5237,2019-07-31,92778,-0.10623342982863404,0.027536683
5238,2019-07-31,93002,0.019275475993082658,-0.11236378
5239,2019-07-31,93089,-0.044754281843548904,-0.10587428
5240,2019-07-31,93096,0.19878009048454715,-0.10535961
5241,2019-07-31,93429,0.0566153733442194,0.078912616
5242,2019-10-31,10104,-0.03316830778879665,-0.06037225
5243,2019-10-31,10107,0.19139060069258762,0.054517023
5244,2019-10-31,10138,0.16021899879324608,-0.08381873
5245,2019-10-31,10145,0.007860201026112179,-0.07259415
5246,2019-10-31,10516,0.07347069682308871,-0.11244862
5247,2019-10-31,10696,0.11748918703352196,-0.07680869
5248,2019-10-31,10909,0.07281076769831185,-0.061686195
5249,2019-10-31,11308,0.08097444999611403,-0.055216707
5250,2019-10-31,11403,0.10344347511532948,-0.12677117
5251,2019-10-31,11404,0.028034635585666656,0.06641859
5252,2019-10-31,11600,0.024082013432130456,-0.10697604
5253,2019-10-31,11618,-0.02277860365840567,-0.027703684
5254,2019-10-31,11674,0.04999188972195023,-0.06327334
5255,2019-10-31,11762,0.08449263270483476,0.02714448
5256,2019-10-31,11786,0.08511273672895148,-0.12114995
5257,2019-10-31,11850,-0.06935250043211683,-0.068038404
5258,2019-10-31,11891,0.09426882130887582,-0.08124314
5259,2019-10-31,11955,0.08956025308459825,-0.06020546
5260,2019-10-31,12052,-0.0021418359186792246,-0.068668716
5261,2019-10-31,12060,0.2486244031376903,-0.03998013
5262,2019-10-31,12062,0.0645154427310386,-0.101909794
5263,2019-10-31,12073,-0.03559673972367583,-0.1307246
5264,2019-10-31,12308,0.10601687255726411,-0.07842531
5265,2019-10-31,12345,-0.12214610445986296,0.041110404
5266,2019-10-31,12369,-0.09177975788433435,-0.0673067
5267,2019-10-31,12431,0.0542814380421941,0.029307567
5268,2019-10-31,12449,0.0714057412986302,-0.088806674
5269,2019-10-31,12490,0.08741931940096292,-0.069053814
5270,2019-10-31,12542,0.014930728564179763,-0.1410829
5271,2019-10-31,12558,0.05705844941549154,-0.053798012
5272,2019-10-31,12622,0.04238437686361207,-0.09562873
5273,2019-10-31,12623,0.16132814608400525,-0.08883928
5274,2019-10-31,12650,0.2013833644389973,-0.1109773
5275,2019-10-31,12872,-0.14047045396534175,0.0065593235
5276,2019-10-31,12981,0.14812309714578342,-0.10165175
5277,2019-10-31,13035,0.06480756104338448,-0.116183884
5278,2019-10-31,13103,-0.05096916122833128,-0.11076759
5279,2019-10-31,13142,-0.03572324520262704,-0.14580499
5280,2019-10-31,13356,-0.21191386734082363,-0.080307014
5281,2019-10-31,13407,0.05353881469097588,0.046379227
5282,2019-10-31,13586,0.03941364863597108,-0.14175066
5283,2019-10-31,13721,0.032104210121240095,-0.08943156
5284,2019-10-31,13760,0.06087308150593196,-0.107864186
5285,2019-10-31,13788,0.05068462122673223,-0.07729471
5286,2019-10-31,13856,0.042607307443351505,-0.053440616
5287,2019-10-31,13901,0.07890543713334175,-0.089075305
5288,2019-10-31,13911,0.07499240207906532,-0.076653704
5289,2019-10-31,13928,0.07663071368928098,-0.0911571
5290,2019-10-31,13936,0.0004874163783914476,-0.15539238
5291,2019-10-31,13963,-0.006563044524712458,-0.11462618
5292,2019-10-31,13964,-0.010622118264151825,-0.107082196
5293,2019-10-31,13983,-0.1131153013354591,-0.1158951
5294,2019-10-31,14008,0.019853369161476175,-0.08040132
5295,2019-10-31,14277,0.03973453430461227,-0.077620156
5296,2019-10-31,14295,0.08375004699946831,0.05075436
5297,2019-10-31,14297,0.11692111093489244,-0.13770507
5298,2019-10-31,14338,0.11348693103468022,-0.08994124
5299,2019-10-31,14541,-0.06839236934742898,-0.05698006
5300,2019-10-31,14542,0.1381775090923436,0.048426483
5301,2019-10-31,14593,0.24790348215346958,0.072266884
5302,2019-10-31,14702,0.0725108298295356,-0.074719
5303,2019-10-31,14704,0.12624769485481746,-0.09704453
5304,2019-10-31,14714,-0.0868072545126507,-0.08589673
5305,2019-10-31,14776,-0.07804536844704812,-0.08510199
5306,2019-10-31,14889,0.07117180750913987,-0.10722782
5307,2019-10-31,15069,-0.0095684766284021,-0.13678867
5308,2019-10-31,15202,-0.006486844925348234,-0.06726899
5309,2019-10-31,15408,-0.08514408881543312,-0.00031216722
5310,2019-10-31,15488,0.09404530620428697,-0.06349934
5311,2019-10-31,15579,0.02993488660753796,-0.06920519
5312,2019-10-31,15707,-0.14469734064726036,-0.09428018
5313,2019-10-31,15720,0.22739993498424105,-0.094575636
5314,2019-10-31,15980,-0.029188561422329173,-0.1221948
5315,2019-10-31,16087,0.08699131974695695,-0.10535035
5316,2019-10-31,16538,-0.15762701828041836,-0.12260952
5317,2019-10-31,16600,0.06208583797795475,-0.07161121
5318,2019-10-31,16678,0.0965807006428363,-0.10156146
5319,2019-10-31,16851,-0.21993439890044042,-0.08748176
5320,2019-10-31,17005,0.028440367580500725,-0.08850001
5321,2019-10-31,17144,0.03634617256291395,0.056417093
5322,2019-10-31,17478,0.14097660467546214,-0.081551604
5323,2019-10-31,17750,0.08609578605558954,-0.07295271
5324,2019-10-31,17830,0.051298775364427396,-0.0711158
5325,2019-10-31,18143,0.028564374325544595,-0.073758595
5326,2019-10-31,18163,0.006857835657682276,-0.06184251
5327,2019-10-31,18411,0.13472507022188585,-0.066338494
5328,2019-10-31,18542,-0.04016053573468947,-0.07012253
5329,2019-10-31,18729,0.08206584851853749,-0.056719936
5330,2019-10-31,19166,0.049336517215764486,-0.12655106
5331,2019-10-31,19350,-0.08538114414127984,-0.077917226
5332,2019-10-31,19393,0.10505578702660823,-0.07861375
5333,2019-10-31,19502,-0.06490896568521853,-0.09711141
5334,2019-10-31,19561,-0.05827825272622089,0.065599844
5335,2019-10-31,19583,0.04642859692036949,-0.14665516
5336,2019-10-31,20482,0.046594626469968814,-0.07069018
5337,2019-10-31,21020,-0.10425705926321327,-0.12902851
5338,2019-10-31,21178,0.1435379269939736,-0.06320209
5339,2019-10-31,21186,0.055741501076014055,-0.1332233
5340,2019-10-31,21207,0.13821193447957225,0.03969379
5341,2019-10-31,21371,0.04543927515019486,-0.111650735
5342,2019-10-31,21573,-0.05726313311965192,-0.11273327
5343,2019-10-31,21776,0.05466307672618864,0.043428313
5344,2019-10-31,21792,-0.07838471016183524,-0.07557845
5345,2019-10-31,21936,-0.009936576023366173,-0.07931833
5346,2019-10-31,22103,0.02811686966792304,-0.013450943
5347,2019-10-31,22111,0.13526968289412333,0.051985428
5348,2019-10-31,22293,-0.09299957792664137,-0.104649566
5349,2019-10-31,22509,-0.03840624029182527,-0.08117595
5350,2019-10-31,22517,0.09384882060815447,-0.0778075
5351,2019-10-31,22592,-0.029979474986511878,-0.07390416
5352,2019-10-31,22752,-0.007333588579944816,-0.06551423
5353,2019-10-31,22779,0.06841563067358858,-0.08564883
5354,2019-10-31,23026,0.059598262142135816,-0.06112178
5355,2019-10-31,23229,0.07180733620125901,-0.06528305
5356,2019-10-31,23393,0.06474118403773654,-0.08867097
5357,2019-10-31,23473,-0.06796090478871541,-0.08821029
5358,2019-10-31,23536,0.06527071716702393,-0.06111711
5359,2019-10-31,23579,-0.0030207535216627557,-0.13076986
5360,2019-10-31,23660,0.04844612177208929,-0.06803584
5361,2019-10-31,23712,-0.05732534574843107,0.054856524
5362,2019-10-31,23819,0.14248290626738935,-0.12952307
5363,2019-10-31,23931,0.09645147163122303,0.06159444
5364,2019-10-31,24010,0.09130172557796468,-0.08180826
5365,2019-10-31,24053,0.13806387313139656,-0.058347248
5366,2019-10-31,24109,0.11279461842832994,-0.058012985
5367,2019-10-31,24205,0.131319397909877,-0.08069166
5368,2019-10-31,24643,0.09103259847850875,-0.11750965
5369,2019-10-31,24766,0.06665970576527136,-0.0713503
5370,2019-10-31,24942,0.04547019719161938,-0.073416114
5371,2019-10-31,24985,0.06298953144513675,-0.059790518
5372,2019-10-31,25081,-0.0564356100639396,-0.1423192
5373,2019-10-31,25232,0.09970960815608998,-0.061875444
5374,2019-10-31,25320,0.05250188935333466,-0.08120323
5375,2019-10-31,25419,-0.031423822227448106,-0.08751658
5376,2019-10-31,25582,0.07684233699601051,-0.075314514
5377,2019-10-31,25785,0.04415719858793454,0.055557624
5378,2019-10-31,25953,0.1006623773841604,-0.11976343
5379,2019-10-31,26403,0.07097815062858048,-0.048022345
5380,2019-10-31,26710,0.051294656367065095,-0.071008906
5381,2019-10-31,26825,0.08306552846257254,-0.08285207
5382,2019-10-31,27043,0.16356121353334885,-0.1254539
5383,2019-10-31,27828,0.23810816268831236,-0.11015985
5384,2019-10-31,27887,0.16633817690549302,0.02393199
5385,2019-10-31,27959,0.046844300787223236,-0.05376474
5386,2019-10-31,27983,0.05543788382304937,-0.12704346
5387,2019-10-31,27991,0.05499879711075484,-0.06137412
5388,2019-10-31,28222,0.12486557731459214,-0.07635147
5389,2019-10-31,28388,0.05249281637688097,-0.089747146
5390,2019-10-31,28484,-0.13616800313985145,-0.08470729
5391,2019-10-31,28804,-0.06506373818476474,-0.11406724
5392,2019-10-31,29946,0.03501111307736893,-0.107183345
5393,2019-10-31,30681,-0.016388835730330564,-0.0630102
5394,2019-10-31,30940,-0.04058156200013374,-0.13039117
5395,2019-10-31,32707,0.10015549949849123,-0.14115195
5396,2019-10-31,32803,-0.1769483496827975,-0.13829464
5397,2019-10-31,32870,0.16176553097427182,-0.11015334
5398,2019-10-31,34032,0.030383756653514338,-0.09401376
5399,2019-10-31,34746,-0.013976158775275693,-0.08740264
5400,2019-10-31,34817,-0.11177439180221027,-0.1159603
5401,2019-10-31,34833,0.0014898330968773354,-0.030972898
5402,2019-10-31,35044,-0.02393605459674253,-0.099758156
5403,2019-10-31,35554,0.08379256010559755,-0.12548172
5404,2019-10-31,36003,-0.0002259000765123531,-0.12375349
5405,2019-10-31,36468,-0.0249324402264246,-0.078784466
5406,2019-10-31,37584,-0.07206829381460089,-0.13428594
5407,2019-10-31,38093,0.12963242271118625,-0.07719212
5408,2019-10-31,38156,-0.05705373300660166,-0.06725106
5409,2019-10-31,38703,-0.082253608623307,-0.080389656
5410,2019-10-31,38762,0.04529054475301364,-0.077895135
5411,2019-10-31,39490,0.27683297978137644,-0.12762336
5412,2019-10-31,39642,0.07821377876963465,-0.07108382
5413,2019-10-31,39917,0.002615902932983749,-0.10517592
5414,2019-10-31,40125,0.1587109909038793,-0.1456173
5415,2019-10-31,40272,0.08096589946900146,-0.10988252
5416,2019-10-31,40539,0.028140805591409856,-0.07703054
5417,2019-10-31,41080,-0.06580005408554623,-0.08891139
5418,2019-10-31,41355,0.07119666148166193,-0.094572045
5419,2019-10-31,42200,0.07659251886345997,-0.12607378
5420,2019-10-31,42585,-0.011328635902978168,-0.075599164
5421,2019-10-31,42877,-0.07993507773784791,-0.11517294
5422,2019-10-31,42906,-0.030236294362683602,-0.09800605
5423,2019-10-31,43350,0.05744254816313599,-0.100017026
5424,2019-10-31,43449,0.09478757282848282,-0.069584094
5425,2019-10-31,43553,0.013592057372040278,0.031350896
5426,2019-10-31,44206,0.1109434137611649,-0.062124092
5427,2019-10-31,44601,0.031051881521599656,-0.12413639
5428,2019-10-31,44644,0.06221229428331143,-0.062148385
5429,2019-10-31,45356,-0.0836876405368211,0.044495884
5430,2019-10-31,45751,0.08378927581977869,-0.07942504
5431,2019-10-31,45911,0.2481486304493321,-0.118030235
5432,2019-10-31,46578,0.0723750756036059,-0.06668276
5433,2019-10-31,46674,-0.08108264637644669,-0.09275142
5434,2019-10-31,46703,0.010328460427884156,-0.11130255
5435,2019-10-31,46886,-0.014835690972876958,-0.101399384
5436,2019-10-31,47896,0.06645331252644193,0.06907011
5437,2019-10-31,48486,0.10494482912336633,0.05409093
5438,2019-10-31,48506,0.16617753091074516,0.000878869
5439,2019-10-31,48653,0.14460751572922792,-0.020278275
5440,2019-10-31,48725,0.09030753092307231,-0.070582494
5441,2019-10-31,49015,-0.028936145580554795,-0.12783423
5442,2019-10-31,49154,0.04199267470492285,-0.06538852
5443,2019-10-31,49373,-0.06135610535011338,-0.097886026
5444,2019-10-31,49656,-0.03567512953886942,-0.008784482
5445,2019-10-31,49680,0.16854771370258792,-0.0713503
5446,2019-10-31,50876,0.23254790076553844,-0.07630284
5447,2019-10-31,52038,0.033885472810026185,0.033535738
5448,2019-10-31,52090,0.020379536409846022,-0.081711054
5449,2019-10-31,52230,0.021158712923985634,-0.1323295
5450,2019-10-31,52329,-0.009233776882863642,-0.07841862
5451,2019-10-31,52476,0.09958171368648294,-0.09155415
5452,2019-10-31,52695,-0.015577228830070844,-0.08810814
5453,2019-10-31,52708,0.11548910666836076,-0.089111075
5454,2019-10-31,52978,0.053778750015738064,-0.05559365
5455,2019-10-31,53065,0.05462741158007267,-0.12866053
5456,2019-10-31,53613,0.11650862160815478,-0.062738426
5457,2019-10-31,54148,0.14132032085787083,-0.110664256
5458,2019-10-31,55976,-0.01926053603172917,-0.06149702
5459,2019-10-31,56274,0.22478155589128046,-0.10904811
5460,2019-10-31,56573,0.044135629901406626,-0.08023475
5461,2019-10-31,57568,0.03392828224116062,-0.086092085
5462,2019-10-31,57665,0.07819864979620261,-0.06320265
5463,2019-10-31,57817,0.03665356998748348,-0.15809713
5464,2019-10-31,57904,-0.025060231452979975,0.041149978
5465,2019-10-31,58246,-0.012506375308090178,-0.12381236
5466,2019-10-31,58413,-0.0733040390675963,-0.05579372
5467,2019-10-31,58683,-0.017278921412866022,0.0331888
5468,2019-10-31,58819,0.11997615528833094,-0.061176945
5469,2019-10-31,59010,0.08512727356019201,-0.13434684
5470,2019-10-31,59176,0.1111341696325534,-0.06750427
5471,2019-10-31,59248,0.06615581322683961,-0.12203821
5472,2019-10-31,59300,-0.039416210798365325,-0.102787025
5473,2019-10-31,59328,0.1370893052140103,-0.05679188
5474,2019-10-31,59408,0.05560051335742777,0.066229254
5475,2019-10-31,59459,0.010354466033627219,0.0269883
5476,2019-10-31,60097,0.06514173926213118,-0.06112524
5477,2019-10-31,60206,-0.012120148082113258,-0.080572814
5478,2019-10-31,60442,0.020237528384137837,-0.063344635
5479,2019-10-31,60506,0.007851360346649017,-0.09007494
5480,2019-10-31,60599,0.07385583782949978,-0.13453923
5481,2019-10-31,60628,-0.04860241827397904,0.0050606816
5482,2019-10-31,60871,0.034159782092507696,0.031058706
5483,2019-10-31,60943,-0.06516289787475293,-0.14170502
5484,2019-10-31,60986,0.04209104940099362,-0.115549766
5485,2019-10-31,61241,0.3852051600266089,0.03996972
5486,2019-10-31,61399,0.04621607213374923,-0.06637116
5487,2019-10-31,61621,0.032874396194426,0.053580336
5488,2019-10-31,61735,0.14252419502840352,-0.06986359
5489,2019-10-31,61815,0.03263303581091881,-0.10748627
5490,2019-10-31,62092,0.03773572426518479,-0.077092126
5491,2019-10-31,62148,0.09000308140301905,-0.0920761
5492,2019-10-31,62308,0.07295066665600891,-0.058584694
5493,2019-10-31,64186,0.07800392310091198,-0.09652918
5494,2019-10-31,64282,0.382904245849671,-0.14643176
5495,2019-10-31,64311,0.14401025475480478,-0.07246102
5496,2019-10-31,64390,0.19506471573343998,0.025906978
5497,2019-10-31,64653,0.013871396999505237,0.026192348
5498,2019-10-31,64936,0.05050179215139883,-0.063002795
5499,2019-10-31,64995,0.051287319593842806,-0.087461695
5500,2019-10-31,65402,-0.1359514614735874,-0.12534083
5501,2019-10-31,65541,0.19215663785087944,-0.08505589
5502,2019-10-31,65875,-0.006759892539414114,-0.057491638
5503,2019-10-31,65947,-0.05383709036177198,0.048866306
5504,2019-10-31,66093,-0.009505931954440827,-0.077635415
5505,2019-10-31,66157,-0.0600139250245717,-0.06605307
5506,2019-10-31,66181,-0.021451012347750154,-0.07983852
5507,2019-10-31,66384,0.2778143577656247,-0.014407447
5508,2019-10-31,66800,-0.04495905312543358,-0.06943958
5509,2019-10-31,67598,-0.03368784691984816,-0.11536205
5510,2019-10-31,69032,0.1422329253948107,-0.08223468
5511,2019-10-31,69550,0.11853626714289955,-0.15891024
5512,2019-10-31,69649,0.09963188817176438,-0.105351284
5513,2019-10-31,69796,-0.006766936809793345,0.030169016
5514,2019-10-31,70033,-0.13299269277931036,-0.13691328
5515,2019-10-31,70519,0.04978482808643592,-0.07377251
5516,2019-10-31,70578,0.023614268714995834,-0.0584329
5517,2019-10-31,71175,-0.020806430665633258,-0.13570145
5518,2019-10-31,71563,-0.01990590503283718,0.048110753
5519,2019-10-31,72726,0.15221703866811853,-0.11163429
5520,2019-10-31,73139,-0.023069697560670788,-0.07132568
5521,2019-10-31,75034,0.02888208354768218,-0.12656178
5522,2019-10-31,75100,0.08105598807097891,-0.04132585
5523,2019-10-31,75107,-0.10256154113876581,-0.095695496
5524,2019-10-31,75154,0.02671960243141669,-0.10504318
5525,2019-10-31,75186,0.12326452595659765,-0.052438125
5526,2019-10-31,75241,0.1005790843462766,-0.108711325
5527,2019-10-31,75341,0.040266231798583796,-0.09739016
5528,2019-10-31,75510,0.2634057539871044,-0.07085071
5529,2019-10-31,75607,0.24846660709257762,-0.07789551
5530,2019-10-31,75819,-0.09901585507187638,-0.098046385
5531,2019-10-31,75825,0.05541697721863348,-0.02496432
5532,2019-10-31,75828,0.11950907640949127,-0.063986376
5533,2019-10-31,76076,-0.025420191951514015,-0.06319502
5534,2019-10-31,76082,-0.2349315869793287,-0.13377166
5535,2019-10-31,76095,0.10784613894618422,-0.08985561
5536,2019-10-31,76201,-0.06538168020796509,-0.086344436
5537,2019-10-31,76226,-0.047552720024582995,-0.13402589
5538,2019-10-31,76605,-0.07551180664470991,-0.08044784
5539,2019-10-31,76614,0.10337005930200771,0.018088449
5540,2019-10-31,76709,-0.049120773341470136,-0.110667005
5541,2019-10-31,76712,0.17308322324333192,-0.081910975
5542,2019-10-31,76744,0.1615016254834012,-0.0990696
5543,2019-10-31,76841,-0.09996229277455937,-0.048363067
5544,2019-10-31,77129,-0.10447148565532849,-0.10177912
5545,2019-10-31,77178,0.068550716337195,-0.07920037
5546,2019-10-31,77182,0.08025851196751277,-0.10435527
5547,2019-10-31,77274,0.0012338035502483802,-0.08465946
5548,2019-10-31,77338,0.13425000820374566,0.034304973
5549,2019-10-31,77357,0.08662963150954384,-0.0944329
5550,2019-10-31,77462,0.07739196347544897,-0.14041549
5551,2019-10-31,77496,-0.08160163067151482,-0.12340222
5552,2019-10-31,77605,0.00407515482743781,-0.0679702
5553,2019-10-31,77606,-0.15438367234811268,-0.1310646
5554,2019-10-31,77661,0.13398830246388727,-0.076114416
5555,2019-10-31,77702,0.00812756268086856,-0.062976174
5556,2019-10-31,77730,0.0027184117526719564,-0.08906406
5557,2019-10-31,78916,0.06410456520168295,-0.069037944
5558,2019-10-31,78975,0.09095229236151425,-0.069212385
5559,2019-10-31,78987,0.037988324976550025,-0.08849715
5560,2019-10-31,79057,0.002021054236015285,-0.07216578
5561,2019-10-31,79103,-0.06753078258615619,0.03036764
5562,2019-10-31,79145,0.08241754500434317,-0.07987619
5563,2019-10-31,79265,0.0027952256980319223,-0.11228418
5564,2019-10-31,79323,0.1188568105429415,0.056529038
5565,2019-10-31,79545,-0.1739764079313746,-0.13795641
5566,2019-10-31,79547,-0.05636268988809523,0.01930833
5567,2019-10-31,79637,-0.0011317385859608287,-0.08226604
5568,2019-10-31,79678,0.043725851912050695,0.0072484654
5569,2019-10-31,79698,0.04348395434209551,-0.10550374
5570,2019-10-31,79782,-0.06898940190818115,-0.05572082
5571,2019-10-31,79906,-0.12928831723731482,-0.087826885
5572,2019-10-31,80080,-0.054853323390085085,-0.12581873
5573,2019-10-31,80100,-0.10425548174328547,-0.085535206
5574,2019-10-31,80183,-0.005313219210178022,-0.101092316
5575,2019-10-31,80191,0.3288431494269817,-0.15501267
5576,2019-10-31,80204,0.009280591582280673,-0.068534575
5577,2019-10-31,80286,-0.018260969657285298,-0.09896234
5578,2019-10-31,80320,0.22773001526966663,-0.0798125
5579,2019-10-31,80381,0.0028310578130130715,0.07134649
5580,2019-10-31,80681,-0.046960848081866624,-0.07915572
5581,2019-10-31,80711,-0.032578666643766074,-0.08677385
5582,2019-10-31,81045,-0.03265333453076458,-0.08578396
5583,2019-10-31,81055,0.07464447256788165,0.019290533
5584,2019-10-31,81061,0.07529673123881708,-0.0838972
5585,2019-10-31,81481,-0.2113214734270944,-0.062504254
5586,2019-10-31,81540,0.0067029841903674114,-0.13144147
5587,2019-10-31,81655,0.04503030696394106,-0.0630102
5588,2019-10-31,81696,0.07253961738795534,-0.06152353
5589,2019-10-31,81736,0.07762992522545953,-0.1256446
5590,2019-10-31,81774,0.13462250416851895,-0.11440872
5591,2019-10-31,82303,0.08204353936084985,-0.06595283
5592,2019-10-31,82307,0.36297245978035053,-0.11041334
5593,2019-10-31,82581,0.10154218892370981,-0.09075402
5594,2019-10-31,82598,-0.03706978438969111,-0.15180187
5595,2019-10-31,82642,0.05029618572400407,0.03656965
5596,2019-10-31,82651,0.05751167573158189,-0.08696286
5597,2019-10-31,82686,0.11706285598810307,-0.102032155
5598,2019-10-31,82775,0.04357907204211475,-0.084312364
5599,2019-10-31,83111,-0.05701938307182042,-0.10384518
5600,2019-10-31,83143,-0.017405019521735454,-0.076021746
5601,2019-10-31,83443,0.05574401807789564,-0.09191164
5602,2019-10-31,83621,0.24610725061911598,-0.11420904
5603,2019-10-31,83862,0.023145089127122986,-0.052754376
5604,2019-10-31,84032,-0.08683984750506957,-0.11643545
5605,2019-10-31,84129,-0.05505450613833507,-0.13238305
5606,2019-10-31,84373,0.09847163430371175,-0.079665266
5607,2019-10-31,84381,0.12075903109977681,-0.09809464
5608,2019-10-31,84761,0.03565012591114147,-0.109352924
5609,2019-10-31,84767,0.03466779917586704,-0.09156255
5610,2019-10-31,84769,-0.0062760067211065085,-0.080873854
5611,2019-10-31,84788,0.13061670638352085,0.07510461
5612,2019-10-31,85035,0.3091740029278587,-0.13157012
5613,2019-10-31,85058,0.05231491465163973,-0.094170034
5614,2019-10-31,85072,0.18841762181467403,-0.15152979
5615,2019-10-31,85257,0.06153396664650823,-0.08455387
5616,2019-10-31,85265,0.11156167635134207,-0.10193588
5617,2019-10-31,85269,-0.12263273068238167,-0.019467974
5618,2019-10-31,85348,0.04436976194954889,0.025975013
5619,2019-10-31,85459,-0.038849505054655564,-0.104646675
5620,2019-10-31,85592,0.06474541154606595,-0.08123698
5621,2019-10-31,85621,0.07410315126306188,-0.088209495
5622,2019-10-31,85631,0.3358427118454863,0.040514562
5623,2019-10-31,85663,0.015873198296316504,-0.098403946
5624,2019-10-31,85753,0.09536088735436943,-0.08790003
5625,2019-10-31,85792,-0.06782005729636154,-0.10836713
5626,2019-10-31,85913,0.11075608426055417,0.041065674
5627,2019-10-31,85914,0.1859052628677551,-0.104198374
5628,2019-10-31,85926,-0.14653006164794158,-0.07876514
5629,2019-10-31,86111,0.06734658691638673,-0.071298264
5630,2019-10-31,86136,0.11874947177133599,0.044249974
5631,2019-10-31,86158,0.010388387768256013,0.009141285
5632,2019-10-31,86228,0.09106721544675977,-0.07597932
5633,2019-10-31,86339,0.08943609169298017,-0.063949876
5634,2019-10-31,86356,-0.044191749413674986,-0.0934409
5635,2019-10-31,86580,0.17701383712445873,0.043209597
5636,2019-10-31,86783,-0.10651211090906587,-0.07550797
5637,2019-10-31,86868,0.12050303265709505,-0.07727609
5638,2019-10-31,86964,-0.15241225268021608,-0.14764465
5639,2019-10-31,86979,-0.06873296831460518,-0.13528904
5640,2019-10-31,86996,0.038620508722748914,-0.083958864
5641,2019-10-31,87055,0.02830676132981491,-0.079196215
5642,2019-10-31,87137,0.07502368302333196,-0.14635164
5643,2019-10-31,87267,0.1498781830878646,-0.07269611
5644,2019-10-31,87299,0.079189951437588,-0.06450932
5645,2019-10-31,87432,0.09221315228320504,-0.07781688
5646,2019-10-31,87447,-0.0941807119969047,-0.066477075
5647,2019-10-31,87541,-0.11906193134691445,-0.07837671
5648,2019-10-31,87657,-0.07769198262392629,-0.0827656
5649,2019-10-31,87717,0.00806867468764838,-0.07059695
5650,2019-10-31,87842,0.07222577014330067,0.032070342
5651,2019-10-31,88031,0.1865362371589303,0.05533303
5652,2019-10-31,88352,0.012353279500923131,-0.07428062
5653,2019-10-31,88446,-0.01844067298141161,0.029910296
5654,2019-10-31,88661,0.009736258492443861,-0.14630438
5655,2019-10-31,88837,0.04018658693407584,-0.13638447
5656,2019-10-31,88860,0.01906901730937527,-0.10926723
5657,2019-10-31,88873,0.15656018484916756,-0.081551604
5658,2019-10-31,89002,0.033941829967049975,-0.15084739
5659,2019-10-31,89003,0.09310635890480956,-0.06344045
5660,2019-10-31,89006,0.09966180251831958,-0.06525881
5661,2019-10-31,89017,0.13414212904032152,-0.08250265
5662,2019-10-31,89070,0.07166622906029407,-0.07762105
5663,2019-10-31,89071,0.11100439300358134,-0.061019115
5664,2019-10-31,89179,-0.011376508980923572,-0.08034261
5665,2019-10-31,89195,0.002078943626520946,-0.11134138
5666,2019-10-31,89217,-0.18881972535368852,-0.073679015
5667,2019-10-31,89258,0.0097892253620957,-0.004196941
5668,2019-10-31,89269,0.1833100456944441,-0.123246334
5669,2019-10-31,89393,0.20068993059834517,0.05676218
5670,2019-10-31,89508,0.04153862272780384,-0.12031563
5671,2019-10-31,89509,0.04415942239158821,-0.14118327
5672,2019-10-31,89525,-0.03186182359643874,-0.056343764
5673,2019-10-31,89533,0.04846728955587598,-0.09261747
5674,2019-10-31,89617,0.04502250453600598,-0.058263145
5675,2019-10-31,89626,0.07222670470145642,-0.067589484
5676,2019-10-31,89641,-0.007188799109770994,-0.094108805
5677,2019-10-31,89866,-0.038389598292619787,-0.12344749
5678,2019-10-31,90038,0.04056279011953201,-0.07679875
5679,2019-10-31,90071,-0.07303301271845475,-0.077817805
5680,2019-10-31,90199,0.14005733937633624,-0.08170361
5681,2019-10-31,90215,0.16499562460156314,-0.07377251
5682,2019-10-31,90272,0.1636608489318876,-0.10431183
5683,2019-10-31,90305,-0.005485296846819754,-0.08176475
5684,2019-10-31,90319,0.13821060073092806,0.07659217
5685,2019-10-31,90373,-0.022764061101947064,-0.064347014
5686,2019-10-31,90386,0.000702495063496178,-0.15666834
5687,2019-10-31,90601,0.1725529860563142,-0.0754831
5688,2019-10-31,90805,0.08551124611171912,-0.11610107
5689,2019-10-31,90808,-0.2035881138290362,-0.06441275
5690,2019-10-31,90829,-0.1060493881603275,-0.11659546
5691,2019-10-31,90880,0.10318932340330478,-0.09005061
5692,2019-10-31,90979,-0.022759275863147188,-0.12969892
5693,2019-10-31,90993,0.06062457414558997,-0.06611541
5694,2019-10-31,91068,0.11386065511597154,-0.046539206
5695,2019-10-31,91103,-0.17657594221724593,-0.081540234
5696,2019-10-31,91152,0.29275523839138695,-0.08252781
5697,2019-10-31,91233,0.14285388111469155,-0.07413278
5698,2019-10-31,91416,-0.08677542015987205,-0.12840669
5699,2019-10-31,91461,0.0813362402592086,-0.08249701
5700,2019-10-31,91547,0.1694514055435652,-0.13793972
5701,2019-10-31,91556,0.025277813231322943,0.04815622
5702,2019-10-31,91668,-0.049223425455148906,-0.08215289
5703,2019-10-31,91849,-0.04417520533494024,-0.08028
5704,2019-10-31,91926,0.01198223794255937,0.06706606
5705,2019-10-31,91937,-0.04197786252475333,-0.07076971
5706,2019-10-31,92121,-0.05894557692349944,-0.07647435
5707,2019-10-31,92157,0.03515395882502936,0.040253367
5708,2019-10-31,92239,0.12426269859760031,-0.13213615
5709,2019-10-31,92322,0.1490862634020702,-0.08555643
5710,2019-10-31,92402,0.22176620548969872,-0.12253734
5711,2019-10-31,92602,0.029336031543602648,-0.08400954
5712,2019-10-31,92611,0.11429205942039533,0.033159807
5713,2019-10-31,92614,0.1096427513681344,-0.0808511
5714,2019-10-31,92655,0.08231256631252282,-0.06612959
5715,2019-10-31,92778,0.10024003378565038,-0.09896218
5716,2019-10-31,93002,0.052651181549330905,-0.078923196
5717,2019-10-31,93089,0.1247102326715186,-0.067759305
5718,2019-10-31,93096,-0.041241736475579605,0.021737328
5719,2019-10-31,93132,0.4144168556273189,-0.13052696
5720,2019-10-31,93429,0.07330960480739601,-0.09300138
5721,2020-01-31,10104,0.014564577128779232,-0.06869311
5722,2020-01-31,10107,0.055622277969148204,0.050471272
5723,2020-01-31,10138,-0.1267890526920583,-0.12919074
5724,2020-01-31,10145,-0.17619101281505467,-0.04837787
5725,2020-01-31,10516,-0.16369232616838614,-0.06863746
5726,2020-01-31,10696,-0.13110081851291833,-0.07546656
5727,2020-01-31,10909,-0.031162868885829198,-0.07485167
5728,2020-01-31,11308,-0.20756501664502902,-0.079551995
5729,2020-01-31,11403,0.12508713428930562,-0.099209875
5730,2020-01-31,11404,-0.15490493048754317,-0.0698684
5731,2020-01-31,11600,-0.24022097845221635,-0.07707632
5732,2020-01-31,11618,0.04546177993602063,-0.07394129
5733,2020-01-31,11674,-0.2094954743634062,-0.06686447
5734,2020-01-31,11762,-0.1076230699140821,0.022584572
5735,2020-01-31,11786,-0.19622947370965527,-0.092843115
5736,2020-01-31,11850,-0.24107853290750936,-0.04979218
5737,2020-01-31,11891,-0.4535978423306317,-0.069791496
5738,2020-01-31,11896,-0.07787194494817151,-0.07032111
5739,2020-01-31,11955,-0.17433282687765006,0.013530496
5740,2020-01-31,12052,-0.2495096677626274,-0.04127344
5741,2020-01-31,12060,-0.4532330243227828,-0.06078761
5742,2020-01-31,12062,-0.06242849028394559,-0.08067939
5743,2020-01-31,12073,-0.16536858667328824,-0.09727458
5744,2020-01-31,12308,-0.0429635219002954,-0.08717475
5745,2020-01-31,12345,-0.24477750394174658,-0.08754538
5746,2020-01-31,12369,-0.3240058418142707,-0.039731592
5747,2020-01-31,12431,-0.15032307281761237,-0.06748503
5748,2020-01-31,12448,-0.05766856958131705,-0.06835783
5749,2020-01-31,12449,-0.23469078350510852,-0.10181942
5750,2020-01-31,12490,-0.11719431747079034,-0.088751264
5751,2020-01-31,12542,-0.27550363390631427,-0.11494491
5752,2020-01-31,12558,-0.27024498618231396,-0.032500003
5753,2020-01-31,12622,-0.20567699790453797,-0.026265087
5754,2020-01-31,12623,-0.2631193934009024,-0.11509892
5755,2020-01-31,12650,-0.22399074904716143,-0.12389884
5756,2020-01-31,12872,-0.4053321386629518,0.028913777
5757,2020-01-31,12981,-0.2957958660232799,-0.11747886
5758,2020-01-31,13035,-0.11679373320482378,-0.08422959
5759,2020-01-31,13103,-0.177745837548954,-0.084139325
5760,2020-01-31,13142,-0.4909883376845554,-0.112442195
5761,2020-01-31,13356,-0.19113473035811424,-0.031515926
5762,2020-01-31,13407,0.013870226359599336,0.048894413
5763,2020-01-31,13586,-0.18924578056481522,-0.08620462
5764,2020-01-31,13641,-0.4112538103788609,-0.090751424
5765,2020-01-31,13721,0.02913990909040054,-0.066161335
5766,2020-01-31,13760,-0.6954498029942686,-0.08948258
5767,2020-01-31,13788,-0.03499960248865863,-0.06630768
5768,2020-01-31,13856,-0.062068556267116826,-0.08059097
5769,2020-01-31,13901,-0.15278147683173382,-0.053988192
5770,2020-01-31,13911,-0.0815480227935973,-0.0662096
5771,2020-01-31,13928,-0.28654613655980177,-0.05197652
5772,2020-01-31,13936,-0.43461615103514584,-0.11173765
5773,2020-01-31,13963,-0.265656031495637,-0.10161602
5774,2020-01-31,13964,-0.26181828524038797,-0.08915404
5775,2020-01-31,13983,-0.4629898409639166,-0.10078064
5776,2020-01-31,14008,0.11518180314051296,-0.059145447
5777,2020-01-31,14277,-0.4907423679807388,-0.028029822
5778,2020-01-31,14295,-0.11699267626449295,-0.07457507
5779,2020-01-31,14297,-0.22000544001998246,-0.08118781
5780,2020-01-31,14338,-0.2965830675199993,-0.091819614
5781,2020-01-31,14541,-0.1312508705740646,-0.07612905
5782,2020-01-31,14542,-0.05966307496568701,0.064064264
5783,2020-01-31,14593,-0.04846811014456698,0.065392785
5784,2020-01-31,14702,-0.1405373316035412,-0.03220604
5785,2020-01-31,14704,-0.1426514832532868,-0.09487329
5786,2020-01-31,14714,-0.018087338866989988,-0.09571192
5787,2020-01-31,14776,-0.38533818703667555,-0.084139325
5788,2020-01-31,14889,-0.3888995631879245,-0.06908784
5789,2020-01-31,14939,0.040649764670670274,-0.09044332
5790,2020-01-31,15069,-0.45912826004816065,-0.09151705
5791,2020-01-31,15202,-0.2001858380408572,-0.08536703
5792,2020-01-31,15408,0.05941137926029971,0.038446944
5793,2020-01-31,15488,0.07999039580017153,-0.085968174
5794,2020-01-31,15579,-0.03796149088787093,-0.06936533
5795,2020-01-31,15707,-0.27029236532992806,-0.091278404
5796,2020-01-31,15720,-0.22436419224215176,-0.105073676
5797,2020-01-31,15980,-0.4838534604003729,-0.10423322
5798,2020-01-31,16087,-0.1450159127898336,-0.06301551
5799,2020-01-31,16431,-0.32800309362569857,-0.10374952
5800,2020-01-31,16538,-0.449190708934482,-0.10494298
5801,2020-01-31,16600,-0.1424264603259463,-0.08747478
5802,2020-01-31,16678,0.1834174682686054,-0.0656538
5803,2020-01-31,16851,-0.0751700068752037,0.023119163
5804,2020-01-31,17005,-0.08492984895612254,-0.05237918
5805,2020-01-31,17144,0.15695999524382098,-0.06436622
5806,2020-01-31,17478,-0.0005296039588224,-0.072394945
5807,2020-01-31,17750,-0.02601377599197785,-0.03256929
5808,2020-01-31,17830,-0.21406409810816396,-0.06741349
5809,2020-01-31,18143,-0.08978783770626964,-0.052884016
5810,2020-01-31,18163,-0.047901006423410886,-0.065313525
5811,2020-01-31,18411,-0.18693667490086407,-0.07891545
5812,2020-01-31,18542,-0.10612357308363707,-0.058711197
5813,2020-01-31,18729,-0.04186496805683415,-0.05995101
5814,2020-01-31,19166,-0.033484384850484106,-0.06772331
5815,2020-01-31,19350,-0.08033466103590037,-0.039731592
5816,2020-01-31,19393,-0.026119241504490964,-0.08174745
5817,2020-01-31,19502,-0.14116231531927026,-0.018634636
5818,2020-01-31,19561,-0.5542629200615876,0.041432653
5819,2020-01-31,19583,-0.4934205571649596,-0.08418509
5820,2020-01-31,20482,0.06107286884043539,-0.06025096
5821,2020-01-31,21020,-0.5509593126381955,-0.07938453
5822,2020-01-31,21178,-0.0853387653819001,-0.07372797
5823,2020-01-31,21186,-0.16519851728079138,-0.09107304
5824,2020-01-31,21207,0.3236429276081738,0.029490562
5825,2020-01-31,21371,-0.02408416638780897,-0.07396612
5826,2020-01-31,21573,-0.14885440543354245,-0.09979615
5827,2020-01-31,21776,-0.21483666785440603,-0.028349107
5828,2020-01-31,21792,-0.34981433214247093,-0.08248397
5829,2020-01-31,21936,0.030079092848223965,-0.07471513
5830,2020-01-31,22103,-0.19838276778811204,0.0028377688
5831,2020-01-31,22111,0.014420423891815526,-0.061591297
5832,2020-01-31,22293,-0.16779521058283153,-0.07892271
5833,2020-01-31,22509,-0.2388322405783514,-0.07631426
5834,2020-01-31,22517,-0.2875831260493429,-0.07104849
5835,2020-01-31,22592,-0.033670865339540224,-0.06946978
5836,2020-01-31,22752,-0.06401320998817628,-0.07477479
5837,2020-01-31,22779,-0.18383535859764355,-0.10736998
5838,2020-01-31,23026,-0.1812501134094936,-0.07494905
5839,2020-01-31,23229,-0.1616455631338839,-0.101004876
5840,2020-01-31,23393,-0.054002604768054296,-0.0733202
5841,2020-01-31,23473,-0.36860881636314013,-0.07108771
5842,2020-01-31,23536,-0.0878399404596858,-0.085664205
5843,2020-01-31,23579,-0.42562574127036146,-0.120119244
5844,2020-01-31,23660,-0.20482503502364635,-0.07945937
5845,2020-01-31,23712,-0.13514475202538145,-0.069856696
5846,2020-01-31,23819,-0.5131361561263338,-0.08589682
5847,2020-01-31,23931,-0.07492479578405131,0.027782926
5848,2020-01-31,24010,-0.2686668082218445,-0.10982199
5849,2020-01-31,24053,-0.18441750472234963,-0.08582357
5850,2020-01-31,24109,-0.19704499591757407,-0.040528376
5851,2020-01-31,24205,-0.13354144314464922,-0.08533458
5852,2020-01-31,24643,-0.5633277823568589,-0.091665745
5853,2020-01-31,24766,-0.11400753457208979,-0.057348024
5854,2020-01-31,24942,-0.47236094735735035,-0.07318098
5855,2020-01-31,24985,-0.10803312044754776,-0.07482576
5856,2020-01-31,25081,-0.41892946807969167,-0.10132721
5857,2020-01-31,25232,-0.5867284213235237,-0.0753014
5858,2020-01-31,25320,0.04069144319275053,-0.08473166
5859,2020-01-31,25419,-0.22857313677896618,-0.07800924
5860,2020-01-31,25582,-0.12035629423502803,-0.043804534
5861,2020-01-31,25785,-0.4229017279760656,0.08744417
5862,2020-01-31,25953,-0.17359524182620512,-0.092643164
5863,2020-01-31,26403,-0.21806186653392567,-0.042988837
5864,2020-01-31,26710,-0.3254998777265464,-0.065428354
5865,2020-01-31,26825,-0.031063101187765008,-0.075373515
5866,2020-01-31,27043,-0.18631602251547663,-0.10336883
5867,2020-01-31,27828,-0.26603607194716905,-0.08231348
5868,2020-01-31,27887,-0.0023320838967115787,-0.014835491
5869,2020-01-31,27959,-0.12466443824000517,-0.056135397
5870,2020-01-31,27983,-0.4785240072161926,-0.09223517
5871,2020-01-31,27991,-0.211895597579834,-0.09438961
5872,2020-01-31,28222,-0.048662771214142087,-0.046082854
5873,2020-01-31,28388,-0.3337380101047328,-0.0710451
5874,2020-01-31,28484,-0.13402283633494072,-0.097070366
5875,2020-01-31,28804,-0.49365953449234756,-0.093382835
5876,2020-01-31,29946,-0.07785396477334383,-0.07137918
5877,2020-01-31,30681,-0.23457930389482684,-0.060247686
5878,2020-01-31,30940,-0.39148828524798385,-0.09872074
5879,2020-01-31,32707,-0.5043393077029206,-0.118799634
5880,2020-01-31,32803,-0.25848696765835955,-0.10305927
5881,2020-01-31,32870,-0.0038283816327174813,-0.09859428
5882,2020-01-31,34032,-0.13347531709987648,-0.08337909
5883,2020-01-31,34746,-0.33188068836474416,-0.071676284
5884,2020-01-31,34817,-0.1226603218564134,-0.10070866
5885,2020-01-31,34833,-0.5556842479674213,0.08840304
5886,2020-01-31,35044,-0.3018194641887413,-0.07383275
5887,2020-01-31,35554,-0.32970350899495615,-0.09332251
5888,2020-01-31,36003,0.057296779924645325,-0.094045796
5889,2020-01-31,36468,-0.034522121736527356,-0.042698484
5890,2020-01-31,37584,-0.24401554406384396,-0.10445527
5891,2020-01-31,38093,-0.23129605637625983,-0.10513503
5892,2020-01-31,38156,-0.035625075330477984,-0.07691965
5893,2020-01-31,38703,-0.3745457349999405,-0.056902263
5894,2020-01-31,38762,-0.13028458479852933,-0.07326317
5895,2020-01-31,39490,-0.5219321857065984,-0.07185555
5896,2020-01-31,39642,-0.07917022807069785,-0.060099486
5897,2020-01-31,39917,-0.2350326286430754,-0.088993005
5898,2020-01-31,40125,-0.42333714901822006,-0.12458743
5899,2020-01-31,40272,0.006561634694688401,-0.07642674
5900,2020-01-31,40539,-0.16618963721698754,-0.042798832
5901,2020-01-31,41080,0.030083601986073072,-0.077869356
5902,2020-01-31,41355,-0.18859679053571798,-0.07374241
5903,2020-01-31,42200,-0.020245353950065437,-0.0799943
5904,2020-01-31,42585,0.11812486984347825,-0.092156135
5905,2020-01-31,42877,-0.060834337098923275,-0.0972342
5906,2020-01-31,42906,-0.3068831585563365,-0.07618764
5907,2020-01-31,43350,-0.30500232473002675,-0.06926037
5908,2020-01-31,43449,-0.11778646497153344,-0.087128766
5909,2020-01-31,43553,-0.2943596816852665,0.053366214
5910,2020-01-31,44206,-0.12163940869711098,-0.089446686
5911,2020-01-31,44329,-0.0962858768976681,-0.06961358
5912,2020-01-31,44601,-0.15473073469390564,-0.09103111
5913,2020-01-31,44644,-0.13813719273063008,-0.05643828
5914,2020-01-31,45356,-0.2562595915286998,-0.07724593
5915,2020-01-31,45751,-0.12536528734315466,0.018429577
5916,2020-01-31,45911,-0.07844734508932993,-0.09637548
5917,2020-01-31,46578,0.19176234972256778,-0.067770615
5918,2020-01-31,46674,-0.14490506542896342,-0.087594725
5919,2020-01-31,46703,-0.23344258401081552,-0.07292821
5920,2020-01-31,46886,-0.0049247853454399415,-0.08593933
5921,2020-01-31,47896,-0.268769734174505,0.048370346
5922,2020-01-31,48486,-0.13968784163081138,-0.017355982
5923,2020-01-31,48506,-0.04819792687081614,-0.011164358
5924,2020-01-31,48653,0.13783645515548737,-0.0048116185
5925,2020-01-31,48725,-0.10399798168050844,-0.06278734
5926,2020-01-31,49015,-0.3413400540737449,-0.09879876
5927,2020-01-31,49154,-0.0034824833951101475,-0.047586903
5928,2020-01-31,49373,-0.27045451454773706,-0.090094045
5929,2020-01-31,49656,-0.15464656753009076,-0.014368078
5930,2020-01-31,49680,0.017415373872678552,-0.07555248
5931,2020-01-31,50876,0.11320026553157869,-0.064926006
5932,2020-01-31,52038,-0.3074869080720519,0.023413107
5933,2020-01-31,52090,-0.03610972972349502,-0.08015139
5934,2020-01-31,52230,-0.1825024901980703,-0.08133387
5935,2020-01-31,52329,-0.10569700690128248,-0.071917064
5936,2020-01-31,52476,-0.0709923355341654,-0.082657345
5937,2020-01-31,52695,-0.08512855433272315,-0.09031637
5938,2020-01-31,52708,-0.2431215028544298,-0.0896836
5939,2020-01-31,52978,-0.28448042856399003,-0.07800396
5940,2020-01-31,53065,-0.24305085694918316,-0.071464345
5941,2020-01-31,53613,-0.0979482619087354,0.0037031434
5942,2020-01-31,54148,-0.3643617209990121,-0.12056237
5943,2020-01-31,55976,0.0664672256736123,-0.050645515
5944,2020-01-31,56274,0.022106778220937873,-0.10330285
5945,2020-01-31,56573,-0.06434232477035506,-0.031126283
5946,2020-01-31,57568,-0.0893684614335506,-0.09898557
5947,2020-01-31,57665,-0.09222251868977704,-0.06743967
5948,2020-01-31,57817,-0.48346612944023826,-0.1011026
5949,2020-01-31,57904,-0.2739762618486117,0.0401084
5950,2020-01-31,58246,-0.1816888284166055,-0.08746093
5951,2020-01-31,58413,-0.32733031363452725,-0.08082158
5952,2020-01-31,58683,-0.4293499290378796,-0.079168595
5953,2020-01-31,58819,-0.17581855215535536,-0.10611644
5954,2020-01-31,59010,-0.5336005534651762,-0.11767423
5955,2020-01-31,59176,-0.2934331851537729,-0.06230969
5956,2020-01-31,59248,-0.25339245096070084,-0.09663407
5957,2020-01-31,59300,-0.21062383199886014,-0.07468676
5958,2020-01-31,59328,-0.057171458742773185,0.03146438
5959,2020-01-31,59408,-0.2625167670622184,0.060126133
5960,2020-01-31,59459,-0.22561999638005814,0.05385923
5961,2020-01-31,60097,-0.14931179406604833,-0.06590409
5962,2020-01-31,60206,-0.1782941580850067,-0.06724406
5963,2020-01-31,60442,-0.2729920516966924,-0.053039674
5964,2020-01-31,60506,-0.06314306611409393,-0.06808191
5965,2020-01-31,60599,-0.20631134376380944,-0.07163503
5966,2020-01-31,60628,-0.1190883071954919,0.02326448
5967,2020-01-31,60871,0.004379692337782792,0.0016905109
5968,2020-01-31,60943,-0.25188744661351914,-0.09202467
5969,2020-01-31,60986,-0.27857405184256234,-0.09619981
5970,2020-01-31,61241,0.11468159714056392,0.11059231
5971,2020-01-31,61399,-0.09349485100579447,-0.051811863
5972,2020-01-31,61621,-0.20111713720442592,-0.08291166
5973,2020-01-31,61735,-0.21402794316746354,-0.0058977637
5974,2020-01-31,61815,-0.5008224645508994,-0.08468656
5975,2020-01-31,62092,0.0693955598931233,-0.04971924
5976,2020-01-31,62148,-0.1293160438731037,-0.060846057
5977,2020-01-31,62308,-0.2080315268291062,-0.06395986
5978,2020-01-31,64186,0.017901046858861402,-0.050506007
5979,2020-01-31,64282,-0.4800369597286429,-0.078540415
5980,2020-01-31,64311,-0.17460177002881339,-0.033104036
5981,2020-01-31,64390,-0.04075396843481227,-0.04848726
5982,2020-01-31,64653,-0.163370149097263,0.026160773
5983,2020-01-31,64936,-0.09012108064242907,-0.05237888
5984,2020-01-31,64995,-0.37055112415449853,-0.06752808
5985,2020-01-31,65402,-0.0018579923668078369,-0.11340734
5986,2020-01-31,65541,-0.1735151528510288,-0.10450389
5987,2020-01-31,65875,-0.023129727512430587,-0.06788524
5988,2020-01-31,65947,-0.39063071898200286,0.018553287
5989,2020-01-31,66093,-0.17596714154485948,-0.05723209
5990,2020-01-31,66157,-0.3061333915661595,-0.05732468
5991,2020-01-31,66181,-0.02946538563078671,-0.07722166
5992,2020-01-31,66384,-0.2873267989997561,-0.09537496
5993,2020-01-31,66800,-0.4883514644327629,-0.014448273
5994,2020-01-31,67598,-0.2664820884062241,-0.08215992
5995,2020-01-31,69032,-0.2390286937932249,-0.06715972
5996,2020-01-31,69550,-0.21708682123329293,-0.09300636
5997,2020-01-31,69649,-0.27478996727590044,-0.09731943
5998,2020-01-31,69796,-0.12210483725047416,-0.07792663
5999,2020-01-31,70033,-0.33815347714212285,-0.10773873
6000,2020-01-31,70519,-0.34740334181425525,-0.06633863
6001,2020-01-31,70578,-0.010516707538598458,-0.03075663
6002,2020-01-31,71175,-0.3340602730165684,-0.1245127
6003,2020-01-31,71563,-0.2703845795546659,-0.05741577
6004,2020-01-31,72726,-0.15832858451277254,-0.07554266
6005,2020-01-31,73139,-0.11206358462448196,-0.06098561
6006,2020-01-31,75034,-0.3559554581781116,-0.07508361
6007,2020-01-31,75100,-0.05176416860294952,-0.089001045
6008,2020-01-31,75107,0.026624044923116097,-0.070568494
6009,2020-01-31,75154,-0.6304380350776138,-0.07018768
6010,2020-01-31,75186,-0.16874757496286386,-0.05046658
6011,2020-01-31,75241,-0.33296978778877406,-0.07354231
6012,2020-01-31,75341,-0.038419448079073604,-0.07419582
6013,2020-01-31,75510,0.0071142879800893954,-0.085332125
6014,2020-01-31,75607,0.2798593957083575,-0.101549104
6015,2020-01-31,75819,-0.4243613611021174,-0.080222465
6016,2020-01-31,75825,-0.3422480356681711,-0.002413341
6017,2020-01-31,75828,0.05874622675015795,-0.07590732
6018,2020-01-31,76076,-0.06975209561485796,-0.07564159
6019,2020-01-31,76082,0.5344232823683568,-0.10074074
6020,2020-01-31,76095,-0.06390081439689355,-0.07459533
6021,2020-01-31,76201,0.038997500609300406,-0.05943214
6022,2020-01-31,76226,-0.4868861266857235,-0.08784845
6023,2020-01-31,76605,-0.035578677512435264,-0.08188315
6024,2020-01-31,76614,0.5561392256693996,0.05317073
6025,2020-01-31,76709,0.024315827903112597,-0.08278469
6026,2020-01-31,76712,-0.3256151210144568,-0.08744387
6027,2020-01-31,76744,0.1063635286591782,-0.060240183
6028,2020-01-31,76841,0.10407311918247486,-0.040420838
6029,2020-01-31,77129,-0.4079779395527392,-0.09950674
6030,2020-01-31,77178,-0.07084294908949085,-0.06781292
6031,2020-01-31,77182,-0.06151100408477028,-0.079485804
6032,2020-01-31,77274,0.3422951743728908,-0.06659557
6033,2020-01-31,77338,-0.10496768207880458,0.019214919
6034,2020-01-31,77357,0.06515073751680123,-0.08606486
6035,2020-01-31,77462,-0.6830068448639675,-0.08230285
6036,2020-01-31,77496,-0.33384340629348297,-0.10236625
6037,2020-01-31,77605,-0.10484435267800918,-0.058345445
6038,2020-01-31,77606,-0.5503050501186085,-0.10719315
6039,2020-01-31,77661,-0.20006527432081478,-0.10998313
6040,2020-01-31,77702,-0.09125132155697868,-0.07290644
6041,2020-01-31,77730,-0.24280061425643895,-0.08225226
6042,2020-01-31,78916,0.01149576249209261,-0.062321316
6043,2020-01-31,78975,-0.03567490730203138,-0.059468154
6044,2020-01-31,78987,-0.09696727997276633,-0.07228322
6045,2020-01-31,79057,-0.2839505647673718,-0.049091846
6046,2020-01-31,79103,-0.04865974088876035,-0.06986032
6047,2020-01-31,79145,-0.595792483788917,-0.07286992
6048,2020-01-31,79265,-0.15435413741699655,-0.08847161
6049,2020-01-31,79323,-0.13748955943823649,0.021988725
6050,2020-01-31,79545,-0.16232989795591646,-0.10494289
6051,2020-01-31,79547,-0.20836382181845658,-0.08096624
6052,2020-01-31,79637,-0.22791363527799646,-0.07778627
6053,2020-01-31,79678,0.09682917023259496,-0.0039156075
6054,2020-01-31,79698,-0.261040123855788,-0.06480613
6055,2020-01-31,79782,-0.28561881744878925,-0.07290007
6056,2020-01-31,79906,0.33652597014036045,-0.08945874
6057,2020-01-31,80080,-0.1388739915073005,-0.10348431
6058,2020-01-31,80100,-0.49094008650514664,-0.018634636
6059,2020-01-31,80183,-0.17716153877290586,-0.07422244
6060,2020-01-31,80191,-0.23025603781612147,-0.10464474
6061,2020-01-31,80204,-0.2771419823012107,-0.08606305
6062,2020-01-31,80286,0.09505935593364767,-0.0653463
6063,2020-01-31,80320,-0.21043250084168674,-0.12514317
6064,2020-01-31,80381,-0.2401433190324923,-0.07085504
6065,2020-01-31,80681,-0.2047113210867384,-0.075131714
6066,2020-01-31,80711,-0.27992307535752803,-0.078337304
6067,2020-01-31,81045,-0.2910503432354199,-0.06876236
6068,2020-01-31,81055,-0.34854925541931003,0.0012685206
6069,2020-01-31,81061,-0.006633354092817734,-0.0707344
6070,2020-01-31,81481,-0.08499165405588727,-0.081645876
6071,2020-01-31,81540,0.052575989385217126,-0.097009376
6072,2020-01-31,81655,-0.36622828807907326,-0.07464956
6073,2020-01-31,81696,-0.319506994697771,-0.063946314
6074,2020-01-31,81736,-0.020755185198961246,-0.08259429
6075,2020-01-31,81774,-0.20450398047045948,-0.08046297
6076,2020-01-31,82303,-0.36997637755388146,-0.06942874
6077,2020-01-31,82307,-0.01076746097610426,-0.102403425
6078,2020-01-31,82581,-0.2085881634806095,-0.08562207
6079,2020-01-31,82598,-0.1703843072300023,-0.10152821
6080,2020-01-31,82642,-0.09374170341140953,-0.010792313
6081,2020-01-31,82651,-0.16439788102635855,-0.09109818
6082,2020-01-31,82686,0.1998523208965437,-0.09223446
6083,2020-01-31,82775,-0.35497165239301987,-0.07101982
6084,2020-01-31,83111,0.08129592287987553,-0.09033344
6085,2020-01-31,83143,-0.2187332635372099,-0.09657154
6086,2020-01-31,83443,-0.16517515003097227,-0.04679237
6087,2020-01-31,83621,-0.0455683577482946,-0.11706858
6088,2020-01-31,83862,-0.044513204076552015,-0.091250174
6089,2020-01-31,84032,-0.3831792279573619,-0.11854534
6090,2020-01-31,84129,-0.2999971681298814,-0.10106646
6091,2020-01-31,84373,0.0020177420713636263,-0.0767643
6092,2020-01-31,84381,-0.006351629471515019,-0.07045128
6093,2020-01-31,84761,-0.02880361148319588,-0.07120775
6094,2020-01-31,84767,-0.030586954401710997,-0.07098822
6095,2020-01-31,84769,-0.10945433881542055,-0.071256876
6096,2020-01-31,84788,0.2316272151282146,0.06444883
6097,2020-01-31,85035,-0.07396423048682643,-0.105576634
6098,2020-01-31,85058,-0.3149320760030848,-0.07363324
6099,2020-01-31,85072,-0.3439438726423095,-0.11800782
6100,2020-01-31,85257,-0.13439266625069046,-0.0784838
6101,2020-01-31,85265,-0.41678988399499417,-0.082840085
6102,2020-01-31,85269,-0.23986502007849642,0.022365067
6103,2020-01-31,85348,-0.1791962019867125,0.036425937
6104,2020-01-31,85459,-0.010737255416774505,-0.088959046
6105,2020-01-31,85592,-0.032137729480680055,-0.059193756
6106,2020-01-31,85621,-0.049183139449561875,-0.08379821
6107,2020-01-31,85631,-0.04937996893840724,-0.01662078
6108,2020-01-31,85663,-0.052990735559778956,-0.07974604
6109,2020-01-31,85753,0.006485451378791085,-0.08553183
6110,2020-01-31,85792,-0.06974328065838886,-0.07913129
6111,2020-01-31,85913,-0.34810171394276634,-0.017240915
6112,2020-01-31,85914,-0.08476389640484905,-0.095386006
6113,2020-01-31,85926,-0.19030920315759825,-0.096313015
6114,2020-01-31,86111,0.03145941465432878,-0.06733568
6115,2020-01-31,86136,-0.22096636683446502,0.008332453
6116,2020-01-31,86158,-0.051699947676654756,0.06522931
6117,2020-01-31,86228,-0.17135461236928462,-0.07957283
6118,2020-01-31,86339,0.0729610805476264,-0.055987816
6119,2020-01-31,86356,0.1923145429539137,-0.07649913
6120,2020-01-31,86580,0.23700314514407683,0.049641963
6121,2020-01-31,86783,-0.19118687784696164,-0.07176926
6122,2020-01-31,86868,-0.2237148830623824,-0.07910088
6123,2020-01-31,86964,0.14035649961976393,-0.119270004
6124,2020-01-31,86979,-0.049537530844872446,-0.10025655
6125,2020-01-31,86996,0.1637626504248597,-0.070443735
6126,2020-01-31,87055,-0.0038737544946285674,-0.087084465
6127,2020-01-31,87137,-0.4187660029867435,-0.07304521
6128,2020-01-31,87267,-0.041019969711016624,-0.05955625
6129,2020-01-31,87299,0.04670531302912684,-0.100852124
6130,2020-01-31,87432,-0.06915901775334543,-0.06692298
6131,2020-01-31,87447,-0.0762149063457992,-0.059241902
6132,2020-01-31,87541,0.01970168028567243,-0.10222198
6133,2020-01-31,87657,-0.010735307990691445,-0.015601562
6134,2020-01-31,87717,-0.01965080467846636,-0.08309604
6135,2020-01-31,87842,-0.2677656713457547,0.001128236
6136,2020-01-31,88031,-0.07192381409835424,0.033869773
6137,2020-01-31,88352,-0.08735581103374168,-0.050514292
6138,2020-01-31,88446,0.09983070963634444,-0.013552772
6139,2020-01-31,88661,-0.41381393122543386,-0.114383936
6140,2020-01-31,88664,0.09678749972920797,-0.082181625
6141,2020-01-31,88837,-0.1566962549777705,-0.07345334
6142,2020-01-31,88860,-0.16433261614156458,-0.072420634
6143,2020-01-31,88873,-0.14952030976828423,-0.07893225
6144,2020-01-31,89002,-0.5099233427973755,-0.11780197
6145,2020-01-31,89003,-0.07922012739754347,-0.06972963
6146,2020-01-31,89006,-0.09852069878762026,-0.05577508
6147,2020-01-31,89017,-0.15286759383560333,-0.08937622
6148,2020-01-31,89070,-0.1887404645024353,-0.08209901
6149,2020-01-31,89071,-0.09329936685600315,-0.053271584
6150,2020-01-31,89179,0.06196353826842382,-0.055162113
6151,2020-01-31,89195,-0.30369342569563207,-0.087140955
6152,2020-01-31,89217,-0.07961035900423497,-0.090319805
6153,2020-01-31,89258,-0.30709306714222295,0.05117819
6154,2020-01-31,89269,0.06001989598390689,0.035994187
6155,2020-01-31,89393,0.21663948023124924,0.072177574
6156,2020-01-31,89508,-0.24103421529405833,-0.122319736
6157,2020-01-31,89525,-0.12290339988862453,-0.075701244
6158,2020-01-31,89533,-0.3160960279367322,-0.06889947
6159,2020-01-31,89617,0.1497460828317736,-0.04286301
6160,2020-01-31,89626,-0.17576368295924927,-0.053972553
6161,2020-01-31,89641,-0.11042323460730252,-0.09322416
6162,2020-01-31,89866,-0.19993449325106405,-0.0797459
6163,2020-01-31,90038,-0.18261316806839445,-0.069510296
6164,2020-01-31,90071,-0.08294604893830193,-0.09433284
6165,2020-01-31,90199,-0.2968061434356335,-0.085196555
6166,2020-01-31,90215,-0.11167534332456652,-0.08362355
6167,2020-01-31,90305,-0.1953158082690879,-0.08429543
6168,2020-01-31,90319,-0.060077109369123916,0.07458825
6169,2020-01-31,90373,0.22607630683052715,-0.07573712
6170,2020-01-31,90386,-0.4181601203301992,-0.11430075
6171,2020-01-31,90520,-0.1865200328228095,-0.097740754
6172,2020-01-31,90601,-0.05330983965063585,-0.10958497
6173,2020-01-31,90805,-0.23376959834347755,-0.09129651
6174,2020-01-31,90808,-0.34292575103429546,-0.08663962
6175,2020-01-31,90829,-0.3120691310642426,-0.102798514
6176,2020-01-31,90880,-0.3013427672170572,-0.09326294
6177,2020-01-31,90979,-0.4836482308441312,-0.10901978
6178,2020-01-31,90993,-0.09954046492985191,-0.03494837
6179,2020-01-31,91068,0.013600554620219363,-0.09095414
6180,2020-01-31,91103,-0.604544782387493,-0.09200013
6181,2020-01-31,91152,-0.43557991533864004,-0.013529582
6182,2020-01-31,91233,-0.12838965426163662,-0.04221587
6183,2020-01-31,91416,-0.2700403973022155,-0.10727529
6184,2020-01-31,91461,-0.2834220139743142,-0.09122143
6185,2020-01-31,91547,-0.012823481481006538,-0.09822277
6186,2020-01-31,91556,-0.18252843084453552,0.008454598
6187,2020-01-31,91668,0.013002771712519623,-0.10685101
6188,2020-01-31,91849,-0.020943582147166073,-0.094967924
6189,2020-01-31,91926,-0.5319647633890723,0.06386035
6190,2020-01-31,91937,0.1087253186284114,-0.052254323
6191,2020-01-31,92121,-0.424726965849478,-0.08577207
6192,2020-01-31,92157,-0.1991389606780164,-0.07640677
6193,2020-01-31,92239,-0.2491966923853478,-0.08781576
6194,2020-01-31,92322,-0.18659136348543004,-0.08439307
6195,2020-01-31,92402,0.14657179301518353,-0.14723791
6196,2020-01-31,92602,-0.08067035523713773,-0.053731322
6197,2020-01-31,92611,-0.10047363765292427,0.058965027
6198,2020-01-31,92614,-0.10322691337294798,-0.111870684
6199,2020-01-31,92655,0.07774520420274755,-0.054100905
6200,2020-01-31,92778,-0.26503604286352545,-0.07740956
6201,2020-01-31,93002,-0.09485707733268611,-0.06266243
6202,2020-01-31,93089,-0.057513349026489524,-0.10440653
6203,2020-01-31,93096,0.1451085576327018,-0.003634709
6204,2020-01-31,93132,-0.0660580334826325,-0.13156077
6205,2020-01-31,93429,-0.19092629560084795,-0.07148988
6206,2020-04-30,10104,0.05121185939346096,-0.049686722
6207,2020-04-30,10107,0.147104928040529,0.079107136
6208,2020-04-30,10138,0.20321619014733572,-0.062375396
6209,2020-04-30,10145,0.06009571866578889,-0.04699582
6210,2020-04-30,10516,0.16512839720180583,-0.050457664
6211,2020-04-30,10696,-0.031728984697009244,-0.069936
6212,2020-04-30,10909,0.0033894616505509845,-0.053970613
6213,2020-04-30,11308,0.038680838541971685,-0.05202648
6214,2020-04-30,11403,0.3465988974939398,-0.069260724
6215,2020-04-30,11404,-0.014577699121010035,-0.05668874
6216,2020-04-30,11600,0.0533526885136828,-0.049986854
6217,2020-04-30,11618,0.3057611600603878,-0.06940774
6218,2020-04-30,11674,0.1253550478879517,-0.06940883
6219,2020-04-30,11762,0.12634908821216917,-0.062501624
6220,2020-04-30,11786,0.1609959967099044,-0.084792584
6221,2020-04-30,11850,-0.07661198032266803,-0.054831956
6222,2020-04-30,11891,-0.043861183491423206,-0.112250306
6223,2020-04-30,11896,0.24877856406328647,-0.059781007
6224,2020-04-30,11955,0.10130965587651874,-0.050457664
6225,2020-04-30,12052,0.1318015112684181,-0.052446894
6226,2020-04-30,12060,-0.10597333436016787,-0.0715776
6227,2020-04-30,12062,0.1731212221213838,-0.0715066
6228,2020-04-30,12073,-0.1355420444780142,-0.08392099
6229,2020-04-30,12308,0.17117230337681333,-0.05565977
6230,2020-04-30,12345,0.09398958840586635,-0.06858712
6231,2020-04-30,12369,0.11664683612496751,-0.06862316
6232,2020-04-30,12431,0.2867813380204456,-0.06079354
6233,2020-04-30,12448,0.08042603743586274,-0.061518714
6234,2020-04-30,12449,0.07178980871589768,-0.07045364
6235,2020-04-30,12490,-0.00769973325422435,-0.053296395
6236,2020-04-30,12542,-0.016667003720091556,-0.08093754
6237,2020-04-30,12558,-0.03995587289233615,-0.061512426
6238,2020-04-30,12622,0.1525313479118402,-0.06944751
6239,2020-04-30,12623,-0.08781576527945256,0.05914017
6240,2020-04-30,12650,0.31959419700336444,-0.08720984
6241,2020-04-30,12872,0.21078704895436018,-0.08271257
6242,2020-04-30,12981,0.5933693921106229,-0.08354546
6243,2020-04-30,13035,0.018854931402108255,-0.07516856
6244,2020-04-30,13103,0.1179000320597543,-0.07099906
6245,2020-04-30,13356,-0.14163036403836016,-0.07060627
6246,2020-04-30,13407,0.23916699073419356,0.08553128
6247,2020-04-30,13586,0.24434255277905526,0.040021904
6248,2020-04-30,13641,-0.07543456038718832,-0.10540905
6249,2020-04-30,13721,0.16840455621919315,-0.0535964
6250,2020-04-30,13760,-0.16829253167765124,-0.1015502
6251,2020-04-30,13788,0.17463591118947286,-0.06295752
6252,2020-04-30,13856,0.048743389896908296,-0.047279134
6253,2020-04-30,13901,0.07091221148753668,-0.05159179
6254,2020-04-30,13911,0.11080564393418069,-0.07182076
6255,2020-04-30,13928,-0.09379571628079852,-0.071035095
6256,2020-04-30,13936,-0.011578893091558684,-0.103663035
6257,2020-04-30,13963,0.28355644768701804,-0.08584582
6258,2020-04-30,13964,0.2485304478465047,-0.07839532
6259,2020-04-30,13983,-0.3192635628468332,-0.10052892
6260,2020-04-30,14008,0.029597379946377123,-0.06294966
6261,2020-04-30,14277,0.08562255544281894,-0.09116367
6262,2020-04-30,14295,0.2691744294751388,-0.06718274
6263,2020-04-30,14297,-0.007660804827746004,-0.0600277
6264,2020-04-30,14338,-0.008718764496542408,-0.0701664
6265,2020-04-30,14541,-0.0748901569927456,-0.06334838
6266,2020-04-30,14542,0.09958092752197589,0.08393924
6267,2020-04-30,14593,0.4505221167414104,0.08741666
6268,2020-04-30,14702,0.2998932570975028,-0.069936
6269,2020-04-30,14704,0.20210011807458783,-0.058093324
6270,2020-04-30,14714,0.18453392125456003,-0.056346565
6271,2020-04-30,14776,0.14278009217961918,-0.08065209
6272,2020-04-30,14889,0.1259584803481586,-0.082900286
6273,2020-04-30,14939,0.03224088843630635,-0.07009218
6274,2020-04-30,15069,-0.1029426172022776,-0.122106895
6275,2020-04-30,15202,0.04290148052406817,-0.06447189
6276,2020-04-30,15408,0.14845283280721655,-0.06073183
6277,2020-04-30,15488,0.5940619073498976,-0.059669707
6278,2020-04-30,15579,0.11565935414758388,-0.055517867
6279,2020-04-30,15707,-0.008204620130605189,-0.073183484
6280,2020-04-30,15720,-0.04089502813380308,-0.06200356
6281,2020-04-30,15980,0.023734397979611854,-0.09102731
6282,2020-04-30,16087,0.09796596178404449,-0.05946491
6283,2020-04-30,16431,-0.016800804551210247,-0.082238644
6284,2020-04-30,16538,-0.09876374327733162,-0.096948706
6285,2020-04-30,16600,0.10464525803548841,-0.062566586
6286,2020-04-30,16678,0.10597003482499479,-0.07165188
6287,2020-04-30,16851,0.15052941983979906,-0.09814603
6288,2020-04-30,17005,0.030601936357381287,-0.05849856
6289,2020-04-30,17144,0.06471259242267391,-0.07254758
6290,2020-04-30,17478,0.19844773574176688,-0.06622345
6291,2020-04-30,17750,0.10644928814656507,-0.06271587
6292,2020-04-30,17830,-0.11772898499130513,-0.06310679
6293,2020-04-30,18143,0.33841145289608954,-0.055445552
6294,2020-04-30,18163,0.11938254257954428,-0.06845164
6295,2020-04-30,18411,-0.025644212546437783,-0.065903045
6296,2020-04-30,18420,-0.0038646829997205367,-0.080695406
6297,2020-04-30,18421,0.008213234232835154,-0.044023946
6298,2020-04-30,18428,0.13934243018336945,-0.06747281
6299,2020-04-30,18542,0.15037054902361868,-0.061622813
6300,2020-04-30,18729,0.10504551151979968,-0.056582898
6301,2020-04-30,19166,0.15919217160950594,-0.09540654
6302,2020-04-30,19350,0.22143324001257336,-0.05477549
6303,2020-04-30,19393,-0.028016815543448592,-0.059550487
6304,2020-04-30,19502,-0.04878344177799521,-0.06112539
6305,2020-04-30,19561,0.12040401589978766,0.1321392
6306,2020-04-30,19583,0.18735704336434367,-0.10622365
6307,2020-04-30,20482,0.09698832294409376,-0.06314321
6308,2020-04-30,21020,-0.07410407016475251,-0.10200917
6309,2020-04-30,21178,-0.01991604579999673,-0.053047486
6310,2020-04-30,21186,-0.15913124768677078,-0.08566865
6311,2020-04-30,21207,0.16860606664610311,-0.08415539
6312,2020-04-30,21371,0.11415677581022932,-0.08181314
6313,2020-04-30,21573,0.030934730916862163,-0.080754906
6314,2020-04-30,21776,0.05229963169185381,-0.070161365
6315,2020-04-30,21792,0.1261612063488744,-0.08200221
6316,2020-04-30,21936,0.023385389176178606,-0.049895108
6317,2020-04-30,22103,0.09750686522262253,-0.061137408
6318,2020-04-30,22111,-0.021727641142078924,-0.06285394
6319,2020-04-30,22293,0.42189194673134267,-0.06537587
6320,2020-04-30,22509,0.19174995161053987,-0.06537587
6321,2020-04-30,22517,0.0625263705424175,-0.06684729
6322,2020-04-30,22592,0.00043890346593356,-0.045411833
6323,2020-04-30,22752,0.01942551400787096,-0.04841327
6324,2020-04-30,22779,-0.023460359637848094,-0.070618846
6325,2020-04-30,23026,-0.2904578092354436,-0.06564603
6326,2020-04-30,23229,0.13261289975362756,-0.06639198
6327,2020-04-30,23393,0.380873306834447,-0.049728774
6328,2020-04-30,23473,0.19558829955095147,-0.08320865
6329,2020-04-30,23536,0.059867024784919565,-0.0687825
6330,2020-04-30,23579,0.32632915741188406,-0.07886997
6331,2020-04-30,23660,0.3608169565684063,-0.07020872
6332,2020-04-30,23712,0.11286942573072523,-0.059781007
6333,2020-04-30,23819,0.36960331480574804,-0.10341971
6334,2020-04-30,23931,0.09355491321129139,-0.06324758
6335,2020-04-30,24010,0.11177002754938581,-0.072090276
6336,2020-04-30,24053,0.11924407637916934,-0.07739111
6337,2020-04-30,24109,0.054673070894619924,-0.06564603
6338,2020-04-30,24205,0.2211630393558628,-0.07234069
6339,2020-04-30,24643,0.13083076930059745,-0.07756689
6340,2020-04-30,24766,-0.012859952252416984,-0.057364427
6341,2020-04-30,24985,0.11021044695267102,-0.066325895
6342,2020-04-30,25081,0.12419042579098494,-0.11989595
6343,2020-04-30,25232,-0.03624753169615069,-0.104712225
6344,2020-04-30,25320,-0.0013020417408562412,-0.074882306
6345,2020-04-30,25419,0.4760369082920781,-0.086779796
6346,2020-04-30,25582,-0.12720859665507211,-0.057935886
6347,2020-04-30,25785,0.29861962423007604,-0.06790162
6348,2020-04-30,25953,0.10463703167548477,-0.07033275
6349,2020-04-30,26403,0.08127267882501132,-0.047766164
6350,2020-04-30,26710,0.05247692516552416,-0.040361293
6351,2020-04-30,26825,0.06247355158854506,-0.06198085
6352,2020-04-30,27043,0.24777188625853608,-0.08173722
6353,2020-04-30,27828,0.14486892014106356,-0.073470466
6354,2020-04-30,27887,-0.024346318627520902,-0.05902704
6355,2020-04-30,27959,0.012436979330537445,-0.06270258
6356,2020-04-30,27983,-0.07479014282511531,-0.10421496
6357,2020-04-30,27991,0.10076689662849736,-0.05642291
6358,2020-04-30,28222,0.2776883219176811,-0.059762493
6359,2020-04-30,28388,-0.19903690478448965,-0.082900286
6360,2020-04-30,28484,0.01681842762223007,-0.072052024
6361,2020-04-30,28804,0.059042147686589,-0.10151015
6362,2020-04-30,29946,0.11767347931497807,0.028121574
6363,2020-04-30,30681,-0.046619834399409754,-0.08150746
6364,2020-04-30,30940,-0.003548140113010634,-0.08244311
6365,2020-04-30,32803,-0.15811338155291677,-0.085959695
6366,2020-04-30,32870,0.09083247620243773,-0.0635003
6367,2020-04-30,32986,0.04550142440505822,-0.08271748
6368,2020-04-30,34032,0.3965741953019488,-0.044620678
6369,2020-04-30,34746,0.07790825013432534,-0.08065209
6370,2020-04-30,34817,0.028474944373952926,-0.067442596
6371,2020-04-30,34833,-0.051294941222087,-0.08271257
6372,2020-04-30,35044,0.02234448457995497,-0.082941204
6373,2020-04-30,35554,-0.04485347580771848,-0.07151415
6374,2020-04-30,36003,0.3124729926145242,0.021443475
6375,2020-04-30,36468,0.21081710095461315,-0.06489051
6376,2020-04-30,37584,0.1318378096287509,-0.05103772
6377,2020-04-30,38093,0.3755744818668496,-0.065172546
6378,2020-04-30,38156,0.009353190109939069,-0.06959469
6379,2020-04-30,38703,-0.14800906533212055,-0.06303498
6380,2020-04-30,38762,-0.017937083794498432,-0.059767712
6381,2020-04-30,39490,0.1755145191766052,-0.10715368
6382,2020-04-30,39642,0.11764344119425152,-0.053970613
6383,2020-04-30,39917,0.27160322041932017,-0.07126168
6384,2020-04-30,40125,-0.012135199577684719,-0.10439881
6385,2020-04-30,40272,-0.032863399664208925,-0.07530867
6386,2020-04-30,40539,0.059942591243597576,-0.069478534
6387,2020-04-30,41080,0.19185581518454398,-0.055479214
6388,2020-04-30,41355,0.1379282586429147,-0.070130356
6389,2020-04-30,42200,0.3143298859309245,-0.033589136
6390,2020-04-30,42585,-0.04104524956978739,-0.081713594
6391,2020-04-30,42877,0.28312370333635895,-0.03511604
6392,2020-04-30,42906,0.017885215484680028,-0.08200221
6393,2020-04-30,43350,0.3989662427948124,-0.0701277
6394,2020-04-30,43449,0.042776420532711246,-0.053296395
6395,2020-04-30,43553,0.046637828246282265,-0.06858448
6396,2020-04-30,44206,0.12420549736936182,-0.0713714
6397,2020-04-30,44329,0.1135354568275142,-0.063300304
6398,2020-04-30,44601,0.031876070144340796,0.045946077
6399,2020-04-30,44644,-0.08817543748442547,-0.057613336
6400,2020-04-30,45356,0.3318962288466345,-0.06609475
6401,2020-04-30,45751,0.20284858945917073,-0.062501624
6402,2020-04-30,45911,0.40668044415371574,-0.070618846
6403,2020-04-30,46578,0.2747201964151471,-0.07254758
6404,2020-04-30,46674,0.14705980329231605,-0.08198781
6405,2020-04-30,46703,-0.12428963731568998,-0.08128333
6406,2020-04-30,46886,0.2239845492088166,-0.073796995
6407,2020-04-30,47896,0.01899723625317673,0.042910162
6408,2020-04-30,48486,0.48299683695385554,-0.07311415
6409,2020-04-30,48506,0.15588517338932806,-0.06518058
6410,2020-04-30,48653,0.029534040083616597,-0.082645975
6411,2020-04-30,48725,0.09103831331787027,-0.045411833
6412,2020-04-30,49015,0.06359506161930484,-0.112382114
6413,2020-04-30,49154,0.15322397490721462,-0.061001666
6414,2020-04-30,49373,-0.11307297202422295,-0.09433503
6415,2020-04-30,49656,-0.0368468525502077,-0.050457664
6416,2020-04-30,49680,0.24808923395339266,-0.0590564
6417,2020-04-30,50876,-0.02358935670845186,-0.061747245
6418,2020-04-30,52038,-0.05290896646741505,-0.0701664
6419,2020-04-30,52090,0.24690906262546908,-0.053970613
6420,2020-04-30,52230,0.08387659554493654,-0.057029963
6421,2020-04-30,52329,0.03637799296624444,-0.03854873
6422,2020-04-30,52476,0.17345087933557046,-0.06284549
6423,2020-04-30,52695,0.24556743088571964,-0.058541954
6424,2020-04-30,52708,0.4478297727692422,-0.085898735
6425,2020-04-30,52978,0.017035010888140523,-0.04240156
6426,2020-04-30,53065,0.0788591250339552,-0.08282657
6427,2020-04-30,53613,0.045205624730836336,-0.069936
6428,2020-04-30,54148,0.5478947675716073,-0.084443524
6429,2020-04-30,55976,0.06929848284105966,-0.08204371
6430,2020-04-30,56274,0.11991714735056491,-0.06024964
6431,2020-04-30,56573,0.14555156500815314,-0.053970613
6432,2020-04-30,57568,0.12494320314126472,-0.05849856
6433,2020-04-30,57665,0.12241508394699929,-0.04965368
6434,2020-04-30,57904,-0.03689259077287366,-0.06609475
6435,2020-04-30,58246,-0.0017882270763546204,-0.058991313
6436,2020-04-30,58413,-0.07234859373422853,-0.08200221
6437,2020-04-30,58683,-0.011520245231438797,-0.0715776
6438,2020-04-30,58819,0.11700113963117964,0.009844075
6439,2020-04-30,59010,0.6465577974141141,-0.0998089
6440,2020-04-30,59176,0.027356156917125007,-0.0701664
6441,2020-04-30,59248,-0.0851009810277199,-0.080695406
6442,2020-04-30,59300,-0.02422624301645282,-0.08451812
6443,2020-04-30,59328,-0.19979927469249192,-0.049678244
6444,2020-04-30,59408,0.04146184530687691,-0.055047195
6445,2020-04-30,59459,0.1381791172131115,-0.061047792
6446,2020-04-30,60097,-0.005329440608295988,-0.060675524
6447,2020-04-30,60206,0.12862425799247323,-0.08656672
6448,2020-04-30,60442,0.010953986647914693,-0.0701664
6449,2020-04-30,60506,0.23465694120493352,-0.055555202
6450,2020-04-30,60599,-0.06822765012677401,-0.07319842
6451,2020-04-30,60628,0.33502680924770645,-0.064433046
6452,2020-04-30,60871,0.05375831283355437,-0.06453904
6453,2020-04-30,60943,0.1551006067177294,-0.09497507
6454,2020-04-30,60986,0.20157009709430285,-0.065464325
6455,2020-04-30,61241,0.4779515537020653,0.025386164
6456,2020-04-30,61399,0.4269658188392915,-0.05936472
6457,2020-04-30,61621,0.06906978379617179,-0.058915928
6458,2020-04-30,61735,0.1910542348273192,-0.070226066
6459,2020-04-30,61815,0.02037619732915319,-0.116952
6460,2020-04-30,62092,0.23765432079986715,-0.06783932
6461,2020-04-30,62148,0.08108814500341444,-0.056309402
6462,2020-04-30,62308,-0.03077928745323122,-0.038044427
6463,2020-04-30,64186,-0.11793769526743014,-0.06398865
6464,2020-04-30,64282,1.0529832219214161,-0.099088944
6465,2020-04-30,64311,0.12960588774950343,-0.06084735
6466,2020-04-30,64390,0.1701633002119851,-0.0543522
6467,2020-04-30,64653,0.0887843081667734,-0.057213835
6468,2020-04-30,64936,0.06218210774196886,-0.06005255
6469,2020-04-30,64995,0.04699853177881752,-0.082941204
6470,2020-04-30,65402,0.14153838522514994,0.031126698
6471,2020-04-30,65541,-0.013048321326914358,-0.055833638
6472,2020-04-30,65875,0.01193119393359754,-0.051730968
6473,2020-04-30,65947,0.059613112761663034,-0.07084923
6474,2020-04-30,66093,-0.012122018369021936,-0.049992748
6475,2020-04-30,66157,0.02097329035262474,-0.06944486
6476,2020-04-30,66181,0.21492150974892188,-0.049611166
6477,2020-04-30,66384,-0.06466931307488688,-0.081081
6478,2020-04-30,66800,0.27610157956617987,-0.06930601
6479,2020-04-30,67598,0.060467363115840334,-0.08219533
6480,2020-04-30,69032,0.2485347922065404,-0.064693026
6481,2020-04-30,69550,-0.03935926417986235,-0.04303173
6482,2020-04-30,69649,0.05967519089939155,-0.0829912
6483,2020-04-30,69796,0.08698650325590451,-0.06368049
6484,2020-04-30,70519,0.052024251968586066,-0.06300397
6485,2020-04-30,70578,-0.03090584087666093,-0.06108299
6486,2020-04-30,71175,0.0037907679579485265,-0.10787241
6487,2020-04-30,71563,0.017843100086442076,-0.068913214
6488,2020-04-30,72726,0.020179558647075435,-0.060663924
6489,2020-04-30,73139,0.04020781019554831,-0.07065753
6490,2020-04-30,75034,0.12361257122498537,-0.11054044
6491,2020-04-30,75100,-0.004255390011092541,-0.060237736
6492,2020-04-30,75107,0.5683089229169511,-0.053166356
6493,2020-04-30,75154,-0.12704173219767567,-0.093483694
6494,2020-04-30,75186,-0.11665845061319224,-0.05862587
6495,2020-04-30,75241,0.0915263673559068,-0.092682235
6496,2020-04-30,75341,0.1671620012111088,-0.09540654
6497,2020-04-30,75510,0.25641248039003073,-0.05864057
6498,2020-04-30,75607,0.014424668771875204,-0.10056409
6499,2020-04-30,75819,0.20035297069418823,-0.08988781
6500,2020-04-30,75825,-0.006163192593861999,-0.09075474
6501,2020-04-30,75828,0.23944396322151773,-0.07151853
6502,2020-04-30,76076,0.12013741730577965,-0.043037295
6503,2020-04-30,76082,-0.1304502799247408,-0.057023004
6504,2020-04-30,76095,0.39281521166533784,-0.07656871
6505,2020-04-30,76201,0.233815233204701,-0.06346168
6506,2020-04-30,76226,0.5262644528784715,-0.10935131
6507,2020-04-30,76605,0.1833742812447816,-0.06069336
6508,2020-04-30,76614,0.20193169024396518,-0.06982454
6509,2020-04-30,76709,0.4328141261069558,-0.062461004
6510,2020-04-30,76712,0.16025071148117975,-0.084298
6511,2020-04-30,76744,0.0828061578247703,-0.07378381
6512,2020-04-30,76841,-0.07458996387333572,-0.07905083
6513,2020-04-30,77129,0.02199670105897611,-0.103383526
6514,2020-04-30,77178,0.3528178990662969,-0.0530688
6515,2020-04-30,77182,-0.001185122399038896,0.071320504
6516,2020-04-30,77274,-0.16453436264905819,0.008755243
6517,2020-04-30,77338,0.26973382529792356,-0.049728774
6518,2020-04-30,77357,0.26795219630301026,-0.07567007
6519,2020-04-30,77496,-0.08972027960332696,-0.06993372
6520,2020-04-30,77605,0.029080650254463825,-0.06368049
6521,2020-04-30,77606,0.03141947153985214,-0.10071343
6522,2020-04-30,77661,0.4060415316047803,-0.0725423
6523,2020-04-30,77702,0.0027738440893905203,-0.055044383
6524,2020-04-30,77730,-0.005145590821227897,-0.050457664
6525,2020-04-30,78975,0.13745623273383756,-0.0644364
6526,2020-04-30,78987,0.16424857280235172,-0.07006086
6527,2020-04-30,79057,0.18512099845858776,-0.07019741
6528,2020-04-30,79103,0.23564984496708385,-0.061493248
6529,2020-04-30,79145,0.04148088706897557,-0.09500331
6530,2020-04-30,79265,-0.036476125186355346,-0.10102899
6531,2020-04-30,79323,-0.06696210843373751,-0.062501624
6532,2020-04-30,79545,0.28783921155580106,-0.083716676
6533,2020-04-30,79547,-0.16734709655079305,-0.06940883
6534,2020-04-30,79637,0.039832485312027544,-0.04023903
6535,2020-04-30,79678,0.29656715859413096,-0.07600924
6536,2020-04-30,79698,0.04906467379155366,0.04714663
6537,2020-04-30,79782,-0.05048196812536354,-0.032851815
6538,2020-04-30,79906,0.011262895686186214,-0.070284314
6539,2020-04-30,80080,0.2450411092568996,-0.087321535
6540,2020-04-30,80100,-0.046303888109423874,-0.06585982
6541,2020-04-30,80183,0.07438226316181917,-0.08196494
6542,2020-04-30,80191,0.34927375220884826,-0.08151975
6543,2020-04-30,80204,0.09222260883881628,-0.08222635
6544,2020-04-30,80286,0.41168504974549736,-0.08139753
6545,2020-04-30,80320,0.1640237256377115,-0.070618846
6546,2020-04-30,80381,-0.05055991649559577,-0.06940883
6547,2020-04-30,80681,-0.08740332478151913,-0.06940883
6548,2020-04-30,80711,0.04312173840548472,-0.07642477
6549,2020-04-30,81045,0.10661035654108764,-0.0701277
6550,2020-04-30,81055,-0.00848946824961283,-0.06942306
6551,2020-04-30,81061,0.06582483055391042,-0.060161173
6552,2020-04-30,81481,0.1717131538461949,-0.057331935
6553,2020-04-30,81540,0.12291843597713892,-0.076623656
6554,2020-04-30,81655,0.02859206890828525,-0.09125104
6555,2020-04-30,81677,0.10465915411666016,-0.08173722
6556,2020-04-30,81696,0.2836308104115284,-0.027867585
6557,2020-04-30,81736,0.3069177656369313,-0.059992835
6558,2020-04-30,81774,0.46318902314657695,-0.082988374
6559,2020-04-30,82303,0.2733656387389567,-0.031517547
6560,2020-04-30,82307,0.1060616220995172,-0.10228926
6561,2020-04-30,82581,0.2597113148206953,-0.032968994
6562,2020-04-30,82598,0.02359678431644019,-0.054850362
6563,2020-04-30,82642,0.11983977582023564,-0.059762493
6564,2020-04-30,82651,0.13983845131990869,-0.066540025
6565,2020-04-30,82686,-0.013052936751255517,-0.0681917
6566,2020-04-30,82775,0.12343031387584524,-0.0814738
6567,2020-04-30,83111,-0.046342289882221,-0.061981604
6568,2020-04-30,83143,0.1917594416845685,-0.059570227
6569,2020-04-30,83443,0.04493886770004063,-0.045335717
6570,2020-04-30,83621,0.18626922845962102,-0.06802996
6571,2020-04-30,83862,0.25463009993243135,-0.06115402
6572,2020-04-30,84032,-0.08939941576780208,-0.10453689
6573,2020-04-30,84129,0.039016646906165464,-0.07353148
6574,2020-04-30,84373,0.15953678157691686,-0.075638
6575,2020-04-30,84381,0.15719098074017035,-0.06098342
6576,2020-04-30,84761,0.3549718785142568,-0.08630384
6577,2020-04-30,84767,0.13765724331112406,-0.062501624
6578,2020-04-30,84769,0.20138367799499202,-0.06522188
6579,2020-04-30,84788,0.2791753965429957,0.0818472
6580,2020-04-30,85035,0.307253932547765,-0.098796204
6581,2020-04-30,85058,-0.07322949911864052,-0.0701277
6582,2020-04-30,85072,-0.03361686449821677,-0.09910814
6583,2020-04-30,85257,0.11411207196778039,-0.050644092
6584,2020-04-30,85265,-0.10684886358035195,-0.10166186
6585,2020-04-30,85269,-0.09766141964901176,-0.07031622
6586,2020-04-30,85348,0.05890322007642945,-0.06940883
6587,2020-04-30,85459,0.33005811114590045,-0.031618338
6588,2020-04-30,85592,0.18870244219693277,-0.069936
6589,2020-04-30,85621,0.29872167510666303,-0.0713714
6590,2020-04-30,85631,0.26345210934907715,-0.06872598
6591,2020-04-30,85663,0.20910238626015398,-0.088073805
6592,2020-04-30,85753,0.010453824246560384,-0.054466486
6593,2020-04-30,85792,0.10068370829363871,0.03528406
6594,2020-04-30,85913,-0.0782392539289617,-0.06862316
6595,2020-04-30,85914,0.3066643854974951,-0.07182076
6596,2020-04-30,85926,0.25388766198065915,0.0024920697
6597,2020-04-30,86111,0.10296653138224432,-0.06057356
6598,2020-04-30,86136,0.013870759269452693,-0.070618846
6599,2020-04-30,86158,0.18255859896480264,-0.06940883
6600,2020-04-30,86228,0.11922923976713395,-0.055833638
6601,2020-04-30,86339,0.053407031486151446,-0.068514206
6602,2020-04-30,86356,0.3927733578411048,-0.063143775
6603,2020-04-30,86580,0.4533537168188264,0.016350396
6604,2020-04-30,86783,0.12262588386441053,-0.060503483
6605,2020-04-30,86868,0.08613758361584045,-0.06084735
6606,2020-04-30,86964,-0.0241276857608258,-0.052952435
6607,2020-04-30,86979,0.18468789053911983,-0.030685727
6608,2020-04-30,86996,0.07622265602179468,-0.08001653
6609,2020-04-30,87055,0.07667842700903416,-0.05471009
6610,2020-04-30,87137,-0.15155315459263463,-0.12303565
6611,2020-04-30,87267,0.15295768734678883,-0.06088294
6612,2020-04-30,87299,0.1507521575188131,-0.07151853
6613,2020-04-30,87432,0.2591812006542733,-0.055584647
6614,2020-04-30,87447,0.5238885290418736,-0.059079826
6615,2020-04-30,87541,0.0024598404760520776,-0.056016475
6616,2020-04-30,87657,0.08152177557719487,-0.06334715
6617,2020-04-30,87717,0.1882605429903701,-0.067151345
6618,2020-04-30,87842,0.06307011130084317,-0.0701277
6619,2020-04-30,88031,0.26969821578293063,-0.06005255
6620,2020-04-30,88352,0.34168495711110314,-0.061894357
6621,2020-04-30,88446,0.1978841604936621,-0.062487487
6622,2020-04-30,88661,-0.10215118993856409,-0.10801078
6623,2020-04-30,88664,0.09283885289061033,-0.10006266
6624,2020-04-30,88837,0.22284375359234554,-0.058822013
6625,2020-04-30,88860,0.3675559465356215,-0.06819434
6626,2020-04-30,88873,0.07347486426742278,-0.069936
6627,2020-04-30,89003,0.11222448080064806,-0.06315631
6628,2020-04-30,89006,0.08481153421868992,-0.056439742
6629,2020-04-30,89017,0.18206618036769262,-0.070618846
6630,2020-04-30,89070,0.12898825993986418,-0.06940883
6631,2020-04-30,89071,0.21820398640271432,-0.05638402
6632,2020-04-30,89179,-0.021500618500036484,-0.07269671
6633,2020-04-30,89195,0.18223681146746906,-0.03928006
6634,2020-04-30,89217,0.2438532424049047,-0.087321535
6635,2020-04-30,89258,0.035889598633638053,-0.06858448
6636,2020-04-30,89269,-0.019977447153025518,-0.078102596
6637,2020-04-30,89393,0.16441637433958545,0.03550488
6638,2020-04-30,89508,0.3166413943138491,-0.085898735
6639,2020-04-30,89525,0.14409435007822435,-0.053296395
6640,2020-04-30,89533,-0.15315778285134907,-0.10837141
6641,2020-04-30,89617,0.16808973386843062,-0.07523247
6642,2020-04-30,89626,-0.06335672856471253,-0.05668874
6643,2020-04-30,89641,-0.0826528742809256,-0.07814492
6644,2020-04-30,89866,0.07801204867568123,-0.04933506
6645,2020-04-30,90038,0.017862846326983872,0.04068
6646,2020-04-30,90071,0.01729724482279238,-0.04614809
6647,2020-04-30,90199,0.020498996824852345,-0.0814738
6648,2020-04-30,90215,0.20315000947134898,-0.055174008
6649,2020-04-30,90305,0.18202332482294148,-0.056896336
6650,2020-04-30,90319,0.10488921930641082,0.06355353
6651,2020-04-30,90373,0.0827609730592378,-0.072421856
6652,2020-04-30,90386,0.1745526375128863,-0.12306386
6653,2020-04-30,90520,0.177949209147388,-0.08227807
6654,2020-04-30,90601,0.20249933848596902,-0.057364427
6655,2020-04-30,90805,-0.058873152537637585,-0.09798051
6656,2020-04-30,90808,0.14130823587062946,-0.11124875
6657,2020-04-30,90829,0.153153155044639,-0.0520176
6658,2020-04-30,90880,0.3480063894530985,-0.08219533
6659,2020-04-30,90979,0.009599954589029291,-0.10950761
6660,2020-04-30,90993,0.08540260840444214,-0.053970613
6661,2020-04-30,91068,0.31484719303154174,-0.07350739
6662,2020-04-30,91103,0.06085156864314012,-0.09138929
6663,2020-04-30,91152,0.18866625166394146,-0.0701664
6664,2020-04-30,91233,0.12354499541198316,-0.062340755
6665,2020-04-30,91416,0.4444098427930072,-0.12306549
6666,2020-04-30,91461,0.2861616198421153,-0.044807322
6667,2020-04-30,91547,-0.033627935182018454,-0.086075105
6668,2020-04-30,91556,-0.018500846965972984,-0.07065753
6669,2020-04-30,91668,0.38413792116375034,0.03815437
6670,2020-04-30,91849,0.16335999850340022,-0.06434264
6671,2020-04-30,91926,-0.03628275122749247,-0.07075591
6672,2020-04-30,91937,0.22717788736737377,-0.06821125
6673,2020-04-30,92121,0.16267561268830755,-0.09417928
6674,2020-04-30,92157,0.2201230635705389,-0.06940883
6675,2020-04-30,92239,-0.07045750267691109,-0.12166368
6676,2020-04-30,92322,-0.11440025358292316,-0.07993321
6677,2020-04-30,92402,0.15207269466536144,-0.077716
6678,2020-04-30,92602,0.046310177004667885,-0.04775598
6679,2020-04-30,92611,0.06715549327197423,-0.009351715
6680,2020-04-30,92614,0.21577615317446752,-0.06537945
6681,2020-04-30,92655,0.03969436915858826,-0.07084359
6682,2020-04-30,92778,-0.07153262589895304,-0.029197924
6683,2020-04-30,93002,0.17867163423241128,-0.055174008
6684,2020-04-30,93089,0.23682108208577635,-0.053970613
6685,2020-04-30,93096,0.08822444524201778,-0.07254758
6686,2020-04-30,93132,0.2836438542505999,-0.06324758
6687,2020-04-30,93429,-0.11443616093699271,-0.027772944
6688,2020-07-31,10104,0.01591028496466529,-0.052227963
6689,2020-07-31,10107,-0.009991457486462019,0.06811107
6690,2020-07-31,10138,-0.07635966655345905,-0.013518061
6691,2020-07-31,10145,0.11055443076014182,-0.06164018
6692,2020-07-31,10516,0.08838616517167175,-0.021414254
6693,2020-07-31,10696,-0.04328780316249148,-0.06523935
6694,2020-07-31,10909,0.011910177153757084,-0.012525601
6695,2020-07-31,11308,0.025585482552987093,-0.05564774
6696,2020-07-31,11403,0.0010968940892770451,-0.05730756
6697,2020-07-31,11404,0.0322624297429035,-0.012804929
6698,2020-07-31,11600,0.06055023768565593,-0.0878735
6699,2020-07-31,11618,-0.07580686286202099,-0.061637625
6700,2020-07-31,11674,0.07701790584898993,-0.012804929
6701,2020-07-31,11762,0.12248214442220684,-0.011472066
6702,2020-07-31,11786,0.2962097187165027,-0.08800297
6703,2020-07-31,11850,-0.2095131064600534,-0.06425051
6704,2020-07-31,11891,0.2785725114024704,-0.093594015
6705,2020-07-31,11896,0.02989713501770197,-0.057630032
6706,2020-07-31,11955,-0.010596081301867288,0.08164894
6707,2020-07-31,12052,-0.09822657944741431,0.08425785
6708,2020-07-31,12060,0.22440553833826327,-0.044994254
6709,2020-07-31,12062,0.03550583164185084,0.023600386
6710,2020-07-31,12073,0.005563453298924381,-0.14946486
6711,2020-07-31,12308,0.04106744746580282,-0.062040944
6712,2020-07-31,12345,0.11171540555921511,-0.0199743
6713,2020-07-31,12369,0.387304358320387,-0.056791805
6714,2020-07-31,12431,0.19196794359078972,0.07528121
6715,2020-07-31,12448,0.12325611452095808,-0.017253332
6716,2020-07-31,12449,-0.14564346789424698,-0.01142966
6717,2020-07-31,12490,-0.07990339689762715,-0.050861258
6718,2020-07-31,12542,-0.06023511914162549,-0.10936341
6719,2020-07-31,12558,-0.13741051391774894,-0.06434396
6720,2020-07-31,12622,-0.021321048933820475,-0.039726205
6721,2020-07-31,12623,-0.14530025570372707,-0.06835523
6722,2020-07-31,12650,0.02716967032103601,-0.035122663
6723,2020-07-31,12872,-0.21572199046955987,-0.05898694
6724,2020-07-31,12981,0.060117429020722035,-0.09053319
6725,2020-07-31,13035,0.1978708746709421,-0.087399505
6726,2020-07-31,13103,0.24103160741558827,-0.021841403
6727,2020-07-31,13356,-0.23680249488858052,-0.067473546
6728,2020-07-31,13407,0.03721201372415961,0.10453157
6729,2020-07-31,13586,0.1655286890170662,-0.08730585
6730,2020-07-31,13641,-0.3432433198326599,-0.09657301
6731,2020-07-31,13721,-0.09106580392217323,-0.059853062
6732,2020-07-31,13760,0.2192087878772977,-0.13648732
6733,2020-07-31,13788,0.04660531755134745,-0.06990099
6734,2020-07-31,13856,-0.024640644088593233,-0.05641176
6735,2020-07-31,13901,-0.10567143027362991,-0.063025326
6736,2020-07-31,13911,-0.027779464352267746,0.024950309
6737,2020-07-31,13928,-0.22480751306636448,-0.057537787
6738,2020-07-31,13936,0.19790076496348408,-0.14685813
6739,2020-07-31,13963,0.038967874479999054,-0.10799985
6740,2020-07-31,13964,0.02707961621225996,0.051475223
6741,2020-07-31,14008,-0.10742099833785113,-0.06391009
6742,2020-07-31,14277,-0.1708807156089761,-0.060865127
6743,2020-07-31,14295,0.13626073316654974,-0.043136824
6744,2020-07-31,14297,-0.006511018540843683,-0.08655818
6745,2020-07-31,14338,0.170015749360527,-0.06668429
6746,2020-07-31,14541,-0.15983573973021803,-0.06425051
6747,2020-07-31,14542,0.09308526167670439,0.06433808
6748,2020-07-31,14593,0.026359923696425147,0.12544216
6749,2020-07-31,14702,-0.07620087208420134,-0.06856245
6750,2020-07-31,14704,0.0038501139912490157,-0.009995142
6751,2020-07-31,14714,-0.19582927019211127,-0.011729224
6752,2020-07-31,14776,0.1405307802311604,-0.079342976
6753,2020-07-31,14889,0.11441661529433089,-0.08871407
6754,2020-07-31,14939,0.049853570923177326,-0.020624999
6755,2020-07-31,15069,-0.2786871631412462,-0.14164409
6756,2020-07-31,15202,0.23678250660728772,-0.08758402
6757,2020-07-31,15408,-0.0999964249595402,-0.051567253
6758,2020-07-31,15488,-0.05069830026547939,-0.06522908
6759,2020-07-31,15579,0.1415057300458118,-0.06164018
6760,2020-07-31,15707,-0.11348479357290331,-0.0885478
6761,2020-07-31,15720,0.01922015500012053,-0.023251284
6762,2020-07-31,15980,0.2887229550328707,0.14175214
6763,2020-07-31,16087,0.019958148489974015,-0.012218916
6764,2020-07-31,16431,0.05992113870080362,-0.087317854
6765,2020-07-31,16538,-0.3113325755833726,-0.14288771
6766,2020-07-31,16600,-0.04952547896770565,0.023240512
6767,2020-07-31,16678,-0.06934312578337087,-0.05216771
6768,2020-07-31,16851,0.06357206951755212,-0.056884304
6769,2020-07-31,17005,-0.10131202251396154,-0.05397017
6770,2020-07-31,17144,-0.05782966735062767,-0.04485528
6771,2020-07-31,17478,-0.07684945449687186,-0.068058774
6772,2020-07-31,17750,-0.12179705922024286,-0.03943457
6773,2020-07-31,17830,-0.03444532493097163,-0.0649049
6774,2020-07-31,18143,-0.09773433836906642,-0.0651238
6775,2020-07-31,18163,0.05144894613671669,0.0025136226
6776,2020-07-31,18411,0.0645771668593671,-0.059530642
6777,2020-07-31,18420,0.03772967905714908,-0.08712583
6778,2020-07-31,18421,0.022843227161555957,-0.06752345
6779,2020-07-31,18428,0.12473183668268772,-0.06761258
6780,2020-07-31,18542,0.1891189263525066,-0.062319078
6781,2020-07-31,18592,0.1603382039068153,-0.020624999
6782,2020-07-31,18724,0.022808670199135905,-0.07585806
6783,2020-07-31,18729,0.027561702129207832,-0.059686724
6784,2020-07-31,19166,-0.027158943972837912,-0.08619427
6785,2020-07-31,19350,0.28574272659502986,-0.05146656
6786,2020-07-31,19393,0.003917671274216161,-0.053046953
6787,2020-07-31,19502,-0.1542514028996096,-0.056791805
6788,2020-07-31,19561,-0.08613581366724354,0.100353636
6789,2020-07-31,19583,0.3246913416292183,-0.1460893
6790,2020-07-31,20482,0.04790812216418483,-0.0627355
6791,2020-07-31,21020,0.014387510239706192,-0.13957134
6792,2020-07-31,21178,-0.0704210451685805,-0.06439113
6793,2020-07-31,21186,0.40741411816888884,-0.09044315
6794,2020-07-31,21207,-0.08857879106361966,-0.05002239
6795,2020-07-31,21371,-0.15298334736208774,-0.08030367
6796,2020-07-31,21573,0.27520246387267666,-0.08758402
6797,2020-07-31,21776,0.043569138165877375,-0.054016344
6798,2020-07-31,21792,0.11975191061973733,-0.07728571
6799,2020-07-31,21936,-0.07796233029985622,-0.06920954
6800,2020-07-31,22103,0.052271038664138514,-0.009109874
6801,2020-07-31,22111,-0.05309939557207133,0.031987574
6802,2020-07-31,22293,0.03835127736529964,0.018855656
6803,2020-07-31,22509,0.2107358666013468,-0.06213738
6804,2020-07-31,22517,0.0485047924984916,-0.020624999
6805,2020-07-31,22592,0.0727342914694975,-0.059371017
6806,2020-07-31,22752,-0.05589406233487226,-0.05641176
6807,2020-07-31,22779,0.13524857086700304,-0.06345103
6808,2020-07-31,23026,0.03851870716672123,-0.07657427
6809,2020-07-31,23229,-0.0067302791717911425,-0.022000268
6810,2020-07-31,23393,-0.08010195218792182,0.006912756
6811,2020-07-31,23473,-0.08509898975124752,-0.08162515
6812,2020-07-31,23536,0.06283591391867738,-0.01993733
6813,2020-07-31,23579,0.025150356120399175,-0.068721734
6814,2020-07-31,23660,0.04200298881567521,-0.01750545
6815,2020-07-31,23712,0.04930113040803641,-0.01705362
6816,2020-07-31,23819,-0.1560742377216381,-0.09566802
6817,2020-07-31,23931,0.020608993864278835,-0.005265062
6818,2020-07-31,24010,-0.028379859943674868,-0.020624999
6819,2020-07-31,24053,-0.14019502481348323,-0.08346826
6820,2020-07-31,24109,0.04347423377164494,-0.045261346
6821,2020-07-31,24205,0.04848659841005265,-0.070055746
6822,2020-07-31,24643,0.1671167035660961,-0.07420921
6823,2020-07-31,24766,-0.10452307398555882,-0.047333393
6824,2020-07-31,24985,0.017427549486453087,-0.022000268
6825,2020-07-31,25081,0.20106570688515912,-0.15039955
6826,2020-07-31,25232,0.07255298951802569,-0.04157991
6827,2020-07-31,25320,-0.05167365888963016,-0.0838342
6828,2020-07-31,25419,0.14154356420008596,-0.068221055
6829,2020-07-31,25582,-0.038362181772850334,-0.05353896
6830,2020-07-31,25785,0.16944139943571357,-0.05724781
6831,2020-07-31,25953,0.08036738874239657,-0.083799526
6832,2020-07-31,26403,0.03685892227729237,-0.058215234
6833,2020-07-31,26710,-0.04587786118622994,-0.06894542
6834,2020-07-31,26825,-0.08108979470695754,-0.012804929
6835,2020-07-31,27043,0.21076321609828463,-0.08765478
6836,2020-07-31,27828,0.030873877285489737,-0.06564477
6837,2020-07-31,27887,-0.0994338368049068,-0.04360262
6838,2020-07-31,27959,0.09964763536889576,-0.06523935
6839,2020-07-31,27983,0.05798046951822844,-0.14947028
6840,2020-07-31,27991,-0.00818541910115056,-0.084325396
6841,2020-07-31,28222,-0.031917343169696744,-0.07035296
6842,2020-07-31,28388,-0.09651671682311791,-0.09499277
6843,2020-07-31,28484,-0.23933615371820394,-0.0864092
6844,2020-07-31,28804,0.10017257071127705,-0.1481387
6845,2020-07-31,29946,0.007543098295378359,-0.02185682
6846,2020-07-31,30681,-0.11045861824088565,-0.07882161
6847,2020-07-31,30940,0.05207519130164795,-0.13108198
6848,2020-07-31,32803,-0.31784531327788246,-0.1503477
6849,2020-07-31,32870,-0.038172613854314585,-0.022000268
6850,2020-07-31,32986,-0.13017433901276676,-0.08390119
6851,2020-07-31,34032,-0.05999042670693733,-0.08403254
6852,2020-07-31,34746,0.18419511286034407,-0.08881199
6853,2020-07-31,34817,0.14873906073290932,-0.08801695
6854,2020-07-31,34833,-0.4193776565166024,-0.08997889
6855,2020-07-31,35044,0.24114387331127718,-0.09027137
6856,2020-07-31,35554,-0.011957791925873429,-0.08793036
6857,2020-07-31,36003,0.10561634560587607,-0.021871092
6858,2020-07-31,36468,0.06396080157796802,-0.06326309
6859,2020-07-31,37584,-0.09726423611230195,-0.08836329
6860,2020-07-31,38093,-0.031015398740820044,-0.024510734
6861,2020-07-31,38156,0.023022734047772442,-0.0064479313
6862,2020-07-31,38703,-0.11218062981860166,-0.06318908
6863,2020-07-31,38762,-0.05193456766747895,-0.08545258
6864,2020-07-31,39490,-0.45779596666972977,-0.12938519
6865,2020-07-31,39642,-0.17569523655049257,-0.06254828
6866,2020-07-31,39917,-0.018698005136483564,0.008159275
6867,2020-07-31,40125,0.028473839953747637,-0.15213747
6868,2020-07-31,40272,-0.17950760704349444,-0.083799526
6869,2020-07-31,40539,-0.022890442125133137,-0.06836918
6870,2020-07-31,41080,0.14493345820560388,-0.06213738
6871,2020-07-31,41355,0.16947699778422565,0.029867021
6872,2020-07-31,42200,0.09009720990564807,-0.08676961
6873,2020-07-31,42585,0.03411975782748544,-0.08390119
6874,2020-07-31,42877,-0.05730018385274027,-0.086337715
6875,2020-07-31,42906,0.1432972503004002,-0.09080222
6876,2020-07-31,43350,0.08871101485532584,0.021119768
6877,2020-07-31,43449,0.10277614048572281,-0.056215875
6878,2020-07-31,43553,0.12117404261297082,-0.023856025
6879,2020-07-31,44206,-0.024490723749773236,-0.01993733
6880,2020-07-31,44329,-0.14630601554343803,-0.022540187
6881,2020-07-31,44601,0.22703315933244395,-0.085390665
6882,2020-07-31,44644,0.1966744303351604,-0.06477393
6883,2020-07-31,45356,0.10397815636854602,-0.067883216
6884,2020-07-31,45751,-0.10908617432000933,0.018769138
6885,2020-07-31,45911,-0.026087746368726794,-0.055639792
6886,2020-07-31,46578,-0.1237174579848539,-0.051974062
6887,2020-07-31,46674,0.011286708828091907,-0.08375774
6888,2020-07-31,46703,-0.027832148765418285,-0.09111745
6889,2020-07-31,46886,-0.009061062110078733,-0.056721844
6890,2020-07-31,47896,0.023704021244640883,0.0007694485
6891,2020-07-31,48486,-0.08951773072822788,-0.051460434
6892,2020-07-31,48506,-0.06355661147183611,0.08001471
6893,2020-07-31,48653,0.01899236095678991,-0.041556053
6894,2020-07-31,48725,0.027232469744592258,-0.06164018
6895,2020-07-31,49015,-0.04764926432038308,-0.09453824
6896,2020-07-31,49154,0.21525320498539413,-0.060830425
6897,2020-07-31,49656,-0.03320206080580623,-0.061481066
6898,2020-07-31,49680,0.1272761003720082,-0.06612309
6899,2020-07-31,50876,-0.12767832879235164,-0.056942604
6900,2020-07-31,52038,0.0540721839669831,-0.013582473
6901,2020-07-31,52090,-0.07085388558313788,-0.022000268
6902,2020-07-31,52230,0.002492359058484217,-0.11980141
6903,2020-07-31,52329,0.11536877506199117,-0.0847054
6904,2020-07-31,52476,-0.1576396218979268,0.030755604
6905,2020-07-31,52695,0.029343371751844316,-0.01420573
6906,2020-07-31,52708,-0.02643482508838968,-0.06539131
6907,2020-07-31,52978,0.14623580447756623,-0.08836329
6908,2020-07-31,53065,0.016606346483215795,-0.0878735
6909,2020-07-31,53613,0.005697121117224535,-0.0416754
6910,2020-07-31,54148,-0.06264583903225762,-0.06492839
6911,2020-07-31,55976,0.07664794717939061,-0.006903643
6912,2020-07-31,56274,-0.05033177442246306,-0.021478746
6913,2020-07-31,56573,0.0651079548229323,-0.06512527
6914,2020-07-31,57568,0.21100671150679107,-0.009856724
6915,2020-07-31,57665,0.23288366190305632,-0.05438203
6916,2020-07-31,57904,-0.038346862504091916,-0.022777814
6917,2020-07-31,58246,0.00786981606057946,-0.08082364
6918,2020-07-31,58413,-0.08551974361085868,-0.14028907
6919,2020-07-31,58683,0.27969777042893185,-0.05086273
6920,2020-07-31,58819,0.033577099988878034,-0.08332481
6921,2020-07-31,59010,0.4547484093060823,-0.10103129
6922,2020-07-31,59176,-0.01832604408472205,-0.062471263
6923,2020-07-31,59248,-0.06023772659247639,-0.08728508
6924,2020-07-31,59300,-0.12832266704142214,-0.08527305
6925,2020-07-31,59328,-0.06597528130360841,-0.017754562
6926,2020-07-31,59408,-0.04074555271928626,-0.064502
6927,2020-07-31,59459,0.06286085179496803,0.026487755
6928,2020-07-31,60097,0.048363572154190626,-0.0605824
6929,2020-07-31,60206,0.08769693442675885,-0.08524722
6930,2020-07-31,60442,0.059847925720347916,-0.049117442
6931,2020-07-31,60506,0.007098891460562973,0.025075244
6932,2020-07-31,60599,-0.08641584028403404,-0.085390665
6933,2020-07-31,60628,0.5453257666082061,-0.053180482
6934,2020-07-31,60871,0.03741968018684294,-0.041283295
6935,2020-07-31,60943,0.050239614357285634,-0.1464252
6936,2020-07-31,60986,0.09210003582710868,-0.09119638
6937,2020-07-31,61241,-0.02763745878205759,0.15839954
6938,2020-07-31,61399,0.06531426886920477,-0.06460529
6939,2020-07-31,61621,0.1522540499351499,-0.009856724
6940,2020-07-31,61735,-0.10110977062221405,-0.042227298
6941,2020-07-31,61815,-0.13158767815509476,-0.15908813
6942,2020-07-31,62092,0.14351831446459817,-0.06572785
6943,2020-07-31,62148,0.11026144349396283,-0.045261346
6944,2020-07-31,62308,0.021079651115197384,-0.06841457
6945,2020-07-31,64186,-0.033123114817543375,-0.06855768
6946,2020-07-31,64282,0.3113461678908147,-0.05494021
6947,2020-07-31,64311,0.09320353254692337,-0.047333393
6948,2020-07-31,64390,0.018340121696712952,-0.04685553
6949,2020-07-31,64653,0.15623252194029424,-0.012835623
6950,2020-07-31,64936,0.0032804509432173834,-0.0647164
6951,2020-07-31,64995,0.09699605899749186,-0.09080222
6952,2020-07-31,65402,0.07896980434040501,-0.08846242
6953,2020-07-31,65541,0.12766322817154263,-0.084983565
6954,2020-07-31,65875,0.001985498023281851,-0.048374347
6955,2020-07-31,65947,0.0148595505279292,-0.023856025
6956,2020-07-31,66093,-0.06994301001850223,-0.046798576
6957,2020-07-31,66157,0.06985544744106953,-0.052960757
6958,2020-07-31,66181,0.009838987296945767,-0.053823505
6959,2020-07-31,66384,-0.12459168742208293,-0.09881235
6960,2020-07-31,66800,-0.009689725697818896,-0.07245836
6961,2020-07-31,67598,0.0016051799067098305,-0.08683185
6962,2020-07-31,69032,-0.007770182404952863,-0.070240624
6963,2020-07-31,69550,-0.09745726524509546,-0.08712583
6964,2020-07-31,69649,0.10576790252744628,-0.0694076
6965,2020-07-31,69796,-0.06872342593236536,-0.058331657
6966,2020-07-31,70519,-0.1615685521274388,-0.06091756
6967,2020-07-31,70578,-0.01640489083568364,-0.048820447
6968,2020-07-31,71175,0.0420974092511035,-0.14625865
6969,2020-07-31,71563,0.13743505649006504,-0.06006983
6970,2020-07-31,72726,-0.06856495658068595,-0.013386431
6971,2020-07-31,73139,0.04799350181450279,-0.06836918
6972,2020-07-31,75034,-0.03612051967044394,-0.086577006
6973,2020-07-31,75100,0.0489201199949314,-0.074869156
6974,2020-07-31,75107,-0.1602309246790935,-0.07862699
6975,2020-07-31,75154,-0.012248376644594217,-0.07624897
6976,2020-07-31,75186,0.24686079640970116,-0.05051733
6977,2020-07-31,75241,-0.1738938408238394,-0.07092168
6978,2020-07-31,75341,-0.049011646387163155,-0.083799526
6979,2020-07-31,75510,0.00625868288493292,-0.062284216
6980,2020-07-31,75607,-0.03572139373963401,-0.090606324
6981,2020-07-31,75819,0.039974060203992856,-0.092200264
6982,2020-07-31,75825,-0.26195762894765895,0.020677876
6983,2020-07-31,75828,-0.15386375115286444,-0.047022983
6984,2020-07-31,76076,-0.23071849115354937,-0.05461341
6985,2020-07-31,76082,-0.04385969618476537,-0.08913731
6986,2020-07-31,76095,-0.013754410643410653,0.0036893457
6987,2020-07-31,76201,0.10959701233078545,-0.058419287
6988,2020-07-31,76226,0.10474010782184129,-0.09402935
6989,2020-07-31,76605,-0.06496412281083341,-0.05736055
6990,2020-07-31,76614,-0.14003686117673086,-0.062399875
6991,2020-07-31,76709,0.06805576331686658,-0.019022707
6992,2020-07-31,76712,0.289761455651532,-0.08660707
6993,2020-07-31,76744,-0.23397286971721243,-0.058373418
6994,2020-07-31,76841,-0.08234743913421039,-0.044949535
6995,2020-07-31,77129,-0.07221472935081119,-0.13476537
6996,2020-07-31,77178,0.17423547511594406,-0.05855709
6997,2020-07-31,77182,-0.16902181733401267,-0.06709206
6998,2020-07-31,77274,-0.1551003118134845,-0.050482113
6999,2020-07-31,77338,-0.14021550315512732,-0.048865207
7000,2020-07-31,77357,0.0734875977737437,-0.013549563
7001,2020-07-31,77496,0.2922995811444373,-0.08670813
7002,2020-07-31,77605,-0.11148324630566553,-0.051473696
7003,2020-07-31,77661,0.01238441783835409,-0.06248205
7004,2020-07-31,77702,0.14244304079703873,-0.06194596
7005,2020-07-31,77730,-0.06244438224276838,-0.02198856
7006,2020-07-31,78975,0.028930932964034817,-0.06629713
7007,2020-07-31,78987,0.03655183957007657,-0.05814863
7008,2020-07-31,79057,0.027787775299136452,-0.0747265
7009,2020-07-31,79103,-0.08542513951190056,-0.051783513
7010,2020-07-31,79145,0.15828513676569744,-0.07232319
7011,2020-07-31,79265,-0.16338899334147683,-0.12671322
7012,2020-07-31,79323,-0.05435704225325788,-0.06345103
7013,2020-07-31,79545,-0.04025858802908966,-0.08660707
7014,2020-07-31,79547,-0.11354744865049515,-0.012793217
7015,2020-07-31,79637,-0.003182428641164914,-0.09044631
7016,2020-07-31,79678,-0.08350387850895102,-0.06506299
7017,2020-07-31,79698,-0.03642268560076911,-0.06699167
7018,2020-07-31,79782,-0.12043391492299504,-0.06651118
7019,2020-07-31,79906,-0.12272352159872957,-0.013118396
7020,2020-07-31,80080,0.0920389045787291,-0.08524722
7021,2020-07-31,80100,0.026066702240944872,-0.05869247
7022,2020-07-31,80183,-0.013504875967605745,-0.08365608
7023,2020-07-31,80191,0.13469750564090988,-0.08530288
7024,2020-07-31,80204,0.28920866326175365,-0.07991756
7025,2020-07-31,80286,-0.06433137472435013,-0.07738167
7026,2020-07-31,80320,0.18348859596098732,-0.020624999
7027,2020-07-31,80381,-0.08157350607804059,-0.010431033
7028,2020-07-31,80681,-0.06352039862446002,-0.08577948
7029,2020-07-31,80711,-0.16895973654246943,-0.105077885
7030,2020-07-31,81045,-0.025190460337019105,-0.020624999
7031,2020-07-31,81055,0.14719086296247919,-0.059543245
7032,2020-07-31,81061,-0.015092078844535117,-0.009856724
7033,2020-07-31,81481,-0.03245906178118951,-0.053860653
7034,2020-07-31,81540,-0.03723773034154998,-0.020624999
7035,2020-07-31,81655,0.21458063765057456,-0.04092688
7036,2020-07-31,81677,-0.04480938784983046,-0.08801695
7037,2020-07-31,81696,-0.20616793866656025,-0.085063435
7038,2020-07-31,81736,-0.05017844782130387,-0.029479964
7039,2020-07-31,81774,0.3421057999517543,-0.05859275
7040,2020-07-31,82303,-0.09281596404160786,-0.082394496
7041,2020-07-31,82307,-0.013043020567181096,-0.08762481
7042,2020-07-31,82581,-0.0749320346967356,-0.086822316
7043,2020-07-31,82598,0.001023195451575809,-0.08801695
7044,2020-07-31,82642,0.11436791432444937,-0.043118186
7045,2020-07-31,82651,0.04536544889707317,-0.08004772
7046,2020-07-31,82686,-0.20451346609865761,-0.05525326
7047,2020-07-31,82775,-0.08248039771101812,-0.08793036
7048,2020-07-31,83111,0.12342875815331755,-0.06345103
7049,2020-07-31,83143,-0.05581498267831164,-0.08375774
7050,2020-07-31,83443,0.0312635079805994,-0.0526679
7051,2020-07-31,83621,-0.020057999258441206,-0.022744903
7052,2020-07-31,83862,-0.011722355585667699,-0.0874493
7053,2020-07-31,84032,-0.2701995617055102,-0.14454114
7054,2020-07-31,84129,0.0035840556407271684,-0.14699286
7055,2020-07-31,84373,-0.0341332839652565,0.022229277
7056,2020-07-31,84381,0.09179341914368844,-0.008309805
7057,2020-07-31,84761,-0.055483033199720144,-0.0673879
7058,2020-07-31,84767,-0.14095196035031998,-0.00807485
7059,2020-07-31,84769,0.06944038572896871,-0.014248136
7060,2020-07-31,84788,-0.040609136716497796,0.11727936
7061,2020-07-31,85035,-0.006165049972981396,-0.03362477
7062,2020-07-31,85058,-0.17730358735090745,-0.08758402
7063,2020-07-31,85072,-0.06241178761804078,-0.14426161
7064,2020-07-31,85257,0.05498081711142078,-0.020624999
7065,2020-07-31,85265,-0.06132699893421456,-0.14340682
7066,2020-07-31,85269,-0.30087317752597753,-0.0595401
7067,2020-07-31,85348,0.03003196499601013,0.027579227
7068,2020-07-31,85459,-0.05151994912269009,-0.07879539
7069,2020-07-31,85592,-0.05365206692133817,-0.068492256
7070,2020-07-31,85621,0.0672828269560446,-0.026188828
7071,2020-07-31,85631,-0.003765689606916034,-0.044864606
7072,2020-07-31,85663,0.14751907648641183,-0.08063385
7073,2020-07-31,85753,-0.09911064951738002,-0.012218916
7074,2020-07-31,85792,0.5633965019468954,-0.11252045
7075,2020-07-31,85913,0.10802571486894874,-0.05575151
7076,2020-07-31,85914,0.12581456901442545,-0.0660147
7077,2020-07-31,85926,0.1140436468299515,-0.105077885
7078,2020-07-31,86111,-0.11725240080519117,-0.06259184
7079,2020-07-31,86136,0.016326689546448225,-0.058177788
7080,2020-07-31,86158,0.04884847986841612,-0.06843084
7081,2020-07-31,86228,0.015148083200945406,-0.022000268
7082,2020-07-31,86339,-0.05596883849706635,-0.06586365
7083,2020-07-31,86356,-0.13586731706179234,-0.054657437
7084,2020-07-31,86580,0.1811522951749922,0.079664715
7085,2020-07-31,86783,-0.023840283347472457,-0.066175185
7086,2020-07-31,86868,-0.03923468755945658,-0.06245805
7087,2020-07-31,86964,-0.02178142135823491,-0.07507825
7088,2020-07-31,86979,-0.21679238072248697,-0.08484884
7089,2020-07-31,86996,-0.06651136790198553,0.029168421
7090,2020-07-31,87055,0.10068450934492823,-0.05502978
7091,2020-07-31,87137,-0.11935307248874205,-0.15340462
7092,2020-07-31,87267,0.04861862935560213,-0.06087282
7093,2020-07-31,87299,-0.1540358242578711,-0.06510608
7094,2020-07-31,87432,0.06164286549401665,-0.012996539
7095,2020-07-31,87447,0.10750880812014585,-0.059501
7096,2020-07-31,87541,0.2000015348401709,-0.08524722
7097,2020-07-31,87657,-0.0857096081751807,-0.051567253
7098,2020-07-31,87717,0.04567481520755501,-0.083799526
7099,2020-07-31,87842,0.012328378551111463,-0.06434396
7100,2020-07-31,88031,-0.02433956181189012,0.045453515
7101,2020-07-31,88352,-0.02678658486733787,-0.0714292
7102,2020-07-31,88446,-0.23409126781804945,-0.05059564
7103,2020-07-31,88661,0.6639229251479337,-0.1494777
7104,2020-07-31,88664,-0.1662823790652943,-0.0838342
7105,2020-07-31,88837,0.06153017605513211,-0.020191511
7106,2020-07-31,88860,0.4501396721824258,-0.05768457
7107,2020-07-31,88873,-0.11289843323584481,-0.045261346
7108,2020-07-31,89003,-0.14640696071953152,-0.05776871
7109,2020-07-31,89006,-0.03736938699258041,-0.059686724
7110,2020-07-31,89017,-0.12824955495075196,-0.022000268
7111,2020-07-31,89070,-0.018701623897200315,0.025841432
7112,2020-07-31,89071,-0.0312979109673831,-0.06206373
7113,2020-07-31,89179,-0.00010989842188924293,-0.06958558
7114,2020-07-31,89195,-0.06336250740952398,-0.08768899
7115,2020-07-31,89217,-0.017459465443389055,-0.08484884
7116,2020-07-31,89258,0.026341629638198194,-0.011591894
7117,2020-07-31,89269,-0.09425516863784444,-0.06397224
7118,2020-07-31,89393,-0.026876112856153878,0.02576203
7119,2020-07-31,89508,-0.10858707370199872,-0.086505465
7120,2020-07-31,89525,-0.00798019429139507,-0.059586022
7121,2020-07-31,89533,2.074672975416192e-06,-0.08879968
7122,2020-07-31,89617,-0.06590670236792218,-0.06628171
7123,2020-07-31,89626,-0.08844230436551825,-0.05495055
7124,2020-07-31,89641,0.07190260834605566,-0.032567047
7125,2020-07-31,89866,0.13480131756696712,-0.08800297
7126,2020-07-31,90038,0.16319567853886663,-0.06854132
7127,2020-07-31,90071,-0.05589954218602844,-0.08390119
7128,2020-07-31,90199,0.15042304847381427,-0.08538193
7129,2020-07-31,90215,0.19204496373734337,-0.06530744
7130,2020-07-31,90305,0.13109836667189656,-0.084983565
7131,2020-07-31,90319,0.08613573313093248,0.09807314
7132,2020-07-31,90373,-0.09418349586139996,-0.0456115
7133,2020-07-31,90386,0.3770557752214283,-0.15301171
7134,2020-07-31,90454,0.04409884821482013,-0.021043487
7135,2020-07-31,90520,0.17406757177582866,-0.08801695
7136,2020-07-31,90601,-0.07497468905810445,-0.021478746
7137,2020-07-31,90805,-0.040758589977146875,-0.14625467
7138,2020-07-31,90808,0.1622050358136622,-0.088628784
7139,2020-07-31,90829,-0.11120458470312322,-0.092633195
7140,2020-07-31,90880,0.05367691228091864,-0.024351869
7141,2020-07-31,90979,0.31558831878984006,0.14267765
7142,2020-07-31,90993,-0.021681987254805635,-0.03745158
7143,2020-07-31,91068,0.0400965759553682,-0.057721652
7144,2020-07-31,91103,0.07903385178947331,-0.07131808
7145,2020-07-31,91152,0.10618893512011529,0.029867021
7146,2020-07-31,91233,-0.06338047146409265,-0.037912473
7147,2020-07-31,91416,0.1481066330471157,-0.1442668
7148,2020-07-31,91461,-0.19130950666534086,-0.0874493
7149,2020-07-31,91547,-0.12442693069532251,-0.08495773
7150,2020-07-31,91556,-0.050181906604716664,-0.056791805
7151,2020-07-31,91668,0.03882716239592132,-0.0765493
7152,2020-07-31,91849,0.02859330808678351,-0.08332481
7153,2020-07-31,91926,0.22707681963877713,-0.0899252
7154,2020-07-31,91937,0.02039468248282561,-0.057505213
7155,2020-07-31,92121,0.3265818972166157,-0.03846585
7156,2020-07-31,92157,0.09333344701666046,-0.014994985
7157,2020-07-31,92239,-0.20687490434582523,-0.09310391
7158,2020-07-31,92322,0.07140642756908089,-0.099458426
7159,2020-07-31,92402,-0.0675083188981187,0.020381635
7160,2020-07-31,92602,-0.0606827133252672,-0.06629713
7161,2020-07-31,92611,-0.0441929758802182,-0.043521114
7162,2020-07-31,92614,0.025947120567563875,-0.022000268
7163,2020-07-31,92655,0.011970567156402101,-0.05620701
7164,2020-07-31,92778,-0.033245051573421947,-0.07338326
7165,2020-07-31,93002,0.11400144889444186,-0.056992408
7166,2020-07-31,93089,-0.055540361352323986,-0.01993733
7167,2020-07-31,93096,0.09801662639025555,-0.03755616
7168,2020-07-31,93132,-0.2019555250654156,-0.061064497
7169,2020-07-31,93429,-0.06887404314038259,-0.082319535
7170,2020-10-31,10104,0.08112093530861553,0.0033264754
7171,2020-10-31,10107,0.14869003831359162,0.07384264
7172,2020-10-31,10138,0.24295440818811964,-0.103565715
7173,2020-10-31,10145,0.19000602903831498,-0.022878198
7174,2020-10-31,10516,0.08943038474908205,-0.102063425
7175,2020-10-31,10696,0.07562242011789744,-0.032594323
7176,2020-10-31,10909,0.1461680490282491,-0.099645585
7177,2020-10-31,11308,0.00983298267672228,0.028981982
7178,2020-10-31,11403,0.19218804627942854,-0.08539298
7179,2020-10-31,11404,-0.08952868249838564,-0.09811128
7180,2020-10-31,11600,0.13569738795537045,-0.09505833
7181,2020-10-31,11618,0.06328364370895434,-0.10450787
7182,2020-10-31,11674,-0.02950461633343282,-0.096653655
7183,2020-10-31,11762,0.1415631558282362,-0.103260964
7184,2020-10-31,11786,0.5059550988774615,-0.100452214
7185,2020-10-31,11850,0.40706690976593163,0.017196923
7186,2020-10-31,11891,0.3885461255270115,-0.06630117
7187,2020-10-31,11896,0.25929618370583585,-0.09861514
7188,2020-10-31,11955,0.03640156259134453,-0.10022882
7189,2020-10-31,12052,0.12485514139379394,-0.0970835
7190,2020-10-31,12060,0.4406831805168785,-0.0081762895
7191,2020-10-31,12062,0.14587156912956312,-0.10471859
7192,2020-10-31,12073,0.29709794749449436,-0.11381118
7193,2020-10-31,12308,0.00619408118227871,-0.023840733
7194,2020-10-31,12345,0.2678600340212991,-0.09020249
7195,2020-10-31,12369,0.46771299115038834,0.04744768
7196,2020-10-31,12431,0.08388696700523335,-0.10909882
7197,2020-10-31,12448,0.15099976917783198,-0.10262697
7198,2020-10-31,12449,0.09886436780845642,-0.09736216
7199,2020-10-31,12490,0.08176818695758903,-0.01161378
7200,2020-10-31,12542,0.6589693213200554,-0.12242747
7201,2020-10-31,12558,0.20525021450938574,-0.091870695
7202,2020-10-31,12622,0.31095725859741474,-0.098283574
7203,2020-10-31,12623,0.0741391882824578,-0.099268965
7204,2020-10-31,12650,0.15313643240961605,-0.103268385
7205,2020-10-31,12872,0.4839451639607222,-0.024121234
7206,2020-10-31,12981,0.06954807358900039,-0.10783533
7207,2020-10-31,13035,0.11177100292666342,-0.10747588
7208,2020-10-31,13103,0.38459565147761965,-0.09621088
7209,2020-10-31,13356,0.473945147718704,-0.010973758
7210,2020-10-31,13407,-0.01817100492917556,0.06790275
7211,2020-10-31,13586,0.09826800852672934,-0.11281435
7212,2020-10-31,13641,1.208026299007393,0.020017318
7213,2020-10-31,13721,0.21825396782155715,0.0034892424
7214,2020-10-31,13760,0.36199242286581135,0.045153543
7215,2020-10-31,13788,-0.02562407897822727,-0.09269525
7216,2020-10-31,13856,0.031863644014394676,0.005496595
7217,2020-10-31,13901,0.1620501375237633,-0.089306265
7218,2020-10-31,13911,0.15461935574544006,-0.09902875
7219,2020-10-31,13928,0.3986672554683748,-0.030327426
7220,2020-10-31,13936,0.4626892980137016,-0.10848445
7221,2020-10-31,13949,0.07703963031088934,-0.099451356
7222,2020-10-31,13963,0.4775313697242536,-0.10906928
7223,2020-10-31,13964,0.45007632717555324,0.04699428
7224,2020-10-31,14008,0.12038989134296418,0.012148535
7225,2020-10-31,14277,0.49542901830267216,-0.016552357
7226,2020-10-31,14295,0.2217119591004877,0.025876349
7227,2020-10-31,14297,0.08950572205917573,-0.10444374
7228,2020-10-31,14338,0.15464883599431256,-0.08982095
7229,2020-10-31,14541,0.24406805818171673,0.022297233
7230,2020-10-31,14542,0.13246992293718884,0.08761483
7231,2020-10-31,14593,0.21428721974480958,0.11527315
7232,2020-10-31,14702,0.6370203140897557,-0.036057148
7233,2020-10-31,14704,0.07924317396603153,-0.103260964
7234,2020-10-31,14714,0.472277585815742,-0.095230676
7235,2020-10-31,14776,0.34492134472747815,-0.09472812
7236,2020-10-31,14889,0.3372508369485774,-0.09320435
7237,2020-10-31,14939,0.35014791985827154,-0.09875928
7238,2020-10-31,15069,0.8382577868552634,0.13991159
7239,2020-10-31,15202,0.03216352645669085,-0.096653655
7240,2020-10-31,15408,0.10892282689288679,-0.0970835
7241,2020-10-31,15488,0.25885509182611277,0.0597912
7242,2020-10-31,15579,0.15298639940261838,0.04202357
7243,2020-10-31,15707,0.4424044052737033,-0.0967068
7244,2020-10-31,15720,0.048988178496983004,-0.10109682
7245,2020-10-31,15980,0.2240382864985393,0.09509538
7246,2020-10-31,16087,0.07377806613229265,-0.10117578
7247,2020-10-31,16431,0.1812994145878315,-0.10086857
7248,2020-10-31,16538,0.9331004691461626,0.12721747
7249,2020-10-31,16600,0.06374740954735114,-0.10113438
7250,2020-10-31,16678,0.07711149824473007,-0.094184056
7251,2020-10-31,16851,0.4032906811667174,-0.086329825
7252,2020-10-31,17005,0.28603253957363384,-0.032240517
7253,2020-10-31,17144,-0.008606421186110658,-0.102562614
7254,2020-10-31,17478,-0.015783403968438914,-0.08940329
7255,2020-10-31,17750,0.004040071039882909,-0.09428601
7256,2020-10-31,17830,0.23757596461969954,-0.01281546
7257,2020-10-31,18143,0.11800421717976439,-0.03451536
7258,2020-10-31,18163,-0.05920074295974531,0.011314468
7259,2020-10-31,18411,0.03585874545706225,-0.086329825
7260,2020-10-31,18420,0.17571268087586822,-0.10281471
7261,2020-10-31,18421,0.1434607563528283,-0.098957025
7262,2020-10-31,18428,0.15532506299376814,-0.0947084
7263,2020-10-31,18542,0.170395229693602,-0.03419133
7264,2020-10-31,18592,0.21309269697849653,-0.1101296
7265,2020-10-31,18724,0.05954577882963341,-0.1053174
7266,2020-10-31,18729,-0.005714730004329982,-0.092937134
7267,2020-10-31,19166,0.058456302951491734,-0.1082234
7268,2020-10-31,19350,0.28203189053046174,-0.09429696
7269,2020-10-31,19393,0.05928679467596498,0.012608886
7270,2020-10-31,19502,0.49425385418562384,-0.078247204
7271,2020-10-31,19561,0.34489508554916193,0.068358004
7272,2020-10-31,19583,0.5873147128985485,-0.101217486
7273,2020-10-31,20482,0.18062259767972244,0.01476329
7274,2020-10-31,21020,0.5221611871104062,0.043481886
7275,2020-10-31,21178,-0.07430649323254468,-0.039338984
7276,2020-10-31,21186,0.10899774949230068,-0.07630267
7277,2020-10-31,21207,-0.0451509147630339,-0.06480966
7278,2020-10-31,21371,0.18404463808424154,-0.0981069
7279,2020-10-31,21573,0.16224859934466362,-0.09880336
7280,2020-10-31,21776,0.051153324031355085,-0.09015645
7281,2020-10-31,21792,0.00441202310022204,-0.1032061
7282,2020-10-31,21936,0.08038216911667706,0.025193848
7283,2020-10-31,22103,0.23306312124788842,-0.09579391
7284,2020-10-31,22111,0.19812380022976273,0.0020170913
7285,2020-10-31,22293,0.12906123234827693,-0.10132216
7286,2020-10-31,22509,0.04241938184557936,-0.0947084
7287,2020-10-31,22517,0.020639588780692275,-0.09875928
7288,2020-10-31,22592,0.10756119968603017,-0.07929928
7289,2020-10-31,22752,0.03302145816228186,0.024483595
7290,2020-10-31,22779,0.06457678715837067,-0.096653655
7291,2020-10-31,23026,0.04872816245784195,-0.080467924
7292,2020-10-31,23229,-0.09616660114612452,-0.10041754
7293,2020-10-31,23393,-0.04217686479104277,-0.10450787
7294,2020-10-31,23473,0.197538768680654,-0.093396775
7295,2020-10-31,23536,-0.11040415159571115,-0.099645585
7296,2020-10-31,23579,0.26477157643764615,-0.09625859
7297,2020-10-31,23660,0.02182073025865905,-0.10301908
7298,2020-10-31,23712,-0.021220325619224156,-0.09811128
7299,2020-10-31,23819,0.4655989569470611,-0.056900125
7300,2020-10-31,23931,-0.0801879007554811,-0.103260964
7301,2020-10-31,24010,-0.04999880552714442,-0.097111836
7302,2020-10-31,24053,-0.016931474236660082,-0.100696236
7303,2020-10-31,24109,-0.09292287456071924,-0.09015645
7304,2020-10-31,24205,0.10972179660593984,0.025615145
7305,2020-10-31,24643,0.42493140304766763,-0.047260143
7306,2020-10-31,24766,-0.00639678213478545,-0.08392416
7307,2020-10-31,24985,-0.0975774447197506,-0.09875928
7308,2020-10-31,25081,0.27335542552434133,-0.07366434
7309,2020-10-31,25232,0.40569233544653294,-0.015457255
7310,2020-10-31,25320,0.038930814356517685,-0.103243664
7311,2020-10-31,25419,0.00720165297842712,-0.1042748
7312,2020-10-31,25582,0.06917118935221955,-0.0970835
7313,2020-10-31,25785,0.3622236633129996,0.0047395574
7314,2020-10-31,25953,0.056411755894493654,-0.101754874
7315,2020-10-31,26403,0.386971785819622,0.024073457
7316,2020-10-31,26710,0.3077604087970316,-0.091659255
7317,2020-10-31,26825,-0.05445128159494095,-0.10113438
7318,2020-10-31,27043,0.016031879221790835,-0.10172927
7319,2020-10-31,27828,0.3664036662067398,-0.1025197
7320,2020-10-31,27887,-0.006362230175645189,-0.0970835
7321,2020-10-31,27959,0.030967240985200428,-0.080293916
7322,2020-10-31,27983,0.22322362123909678,0.014219489
7323,2020-10-31,27991,-0.06730489299583431,-0.10332026
7324,2020-10-31,28222,-0.029582434126197765,-0.09478539
7325,2020-10-31,28388,0.33398082169793675,-0.070152566
7326,2020-10-31,28484,0.4570196292561648,-0.075578354
7327,2020-10-31,28804,0.288728060395552,-0.07640295
7328,2020-10-31,29946,0.030461636190107555,-0.1066756
7329,2020-10-31,30681,0.33554915699776355,-0.10217961
7330,2020-10-31,30940,0.22779695085906404,-0.03669455
7331,2020-10-31,32803,0.5618475718236606,0.1296509
7332,2020-10-31,32870,-0.032392177271476585,-0.10685538
7333,2020-10-31,32986,-0.022857983611487276,-0.10261314
7334,2020-10-31,34032,0.015825208597289864,-0.1082234
7335,2020-10-31,34746,0.25823066730899136,-0.10196925
7336,2020-10-31,34817,0.02811496804874536,-0.10086857
7337,2020-10-31,34833,1.1982881002786487,0.08388167
7338,2020-10-31,35044,0.29131524512832896,-0.0982472
7339,2020-10-31,35554,0.29098872837864853,-0.07100366
7340,2020-10-31,36003,-0.06258785319451221,-0.108866915
7341,2020-10-31,36468,0.007431420960075652,-0.08731315
7342,2020-10-31,37584,0.41797350489581486,-0.0850597
7343,2020-10-31,38093,0.11714058849043507,-0.10611411
7344,2020-10-31,38156,0.12642137299478517,-0.09659637
7345,2020-10-31,38703,0.3992408594601611,-0.026254917
7346,2020-10-31,38762,-0.03569974365101525,-0.101326756
7347,2020-10-31,39490,0.7230647571814668,0.112405665
7348,2020-10-31,39642,0.13656888977533366,-0.0821471
7349,2020-10-31,39917,0.1494958950510128,-0.102334455
7350,2020-10-31,40125,0.530940718588756,-0.09897846
7351,2020-10-31,40272,0.102342112039848,-0.094090305
7352,2020-10-31,40539,0.26062914407421367,-0.09050634
7353,2020-10-31,41080,0.07225463848160474,-0.100944534
7354,2020-10-31,41355,0.2746617596165821,-0.102063425
7355,2020-10-31,42200,0.1357687327145749,-0.10797526
7356,2020-10-31,42585,0.0454467053427714,-0.10673461
7357,2020-10-31,42877,0.10849773374563387,-0.09655565
7358,2020-10-31,42906,0.2821584385848095,-0.10043199
7359,2020-10-31,43350,0.047827169292300464,-0.09559471
7360,2020-10-31,43449,-0.01843449843113043,0.010299367
7361,2020-10-31,43553,0.15025333848773492,-0.09621088
7362,2020-10-31,44206,0.009433376168235252,-0.09856946
7363,2020-10-31,44329,0.18779283574048455,-0.09963093
7364,2020-10-31,44601,0.09463528084222816,-0.10086857
7365,2020-10-31,44644,0.05098090182184012,-0.08391595
7366,2020-10-31,45356,0.1869270664367455,-0.0947084
7367,2020-10-31,45751,0.06683474098756603,-0.10266457
7368,2020-10-31,45911,0.20224596331455502,-0.085437685
7369,2020-10-31,46578,0.021243231328771373,-0.093553536
7370,2020-10-31,46674,0.04658132958802752,-0.10086857
7371,2020-10-31,46703,0.2929313931705977,-0.10445441
7372,2020-10-31,46886,0.42578910848832585,-0.09605187
7373,2020-10-31,47896,0.3218191569282185,0.03086748
7374,2020-10-31,48486,0.4183203500111701,0.0054515754
7375,2020-10-31,48506,0.014858026706916938,-0.10316395
7376,2020-10-31,48653,-0.03902096722191928,-0.09149772
7377,2020-10-31,48725,0.11971031168478397,-0.017795164
7378,2020-10-31,49015,0.30660366944869666,-0.06376027
7379,2020-10-31,49154,0.19514983217931836,-0.03338967
7380,2020-10-31,49656,0.1682186165160533,-0.0970835
7381,2020-10-31,49680,0.03700109447275168,0.025437778
7382,2020-10-31,50876,0.6024920344568803,-0.021713397
7383,2020-10-31,51369,0.29293075139080305,-0.1025581
7384,2020-10-31,52038,0.30058460542823373,-0.094563834
7385,2020-10-31,52090,-0.004358012369970243,-0.10721484
7386,2020-10-31,52230,0.33843555997398944,-0.11231088
7387,2020-10-31,52329,0.06273259790927077,-0.10086857
7388,2020-10-31,52476,0.2994870264757794,-0.10056345
7389,2020-10-31,52695,0.045128380924032596,-0.10397732
7390,2020-10-31,52708,0.18748186581368054,-0.10142225
7391,2020-10-31,52978,0.13419190896397648,-0.09672848
7392,2020-10-31,53065,0.3457985290250243,-0.1064921
7393,2020-10-31,53613,0.5548232731530613,-0.034790978
7394,2020-10-31,54148,0.07074660937155586,-0.112590544
7395,2020-10-31,55976,0.0162577590466777,0.026765805
7396,2020-10-31,56274,-0.00614906686308081,-0.108046845
7397,2020-10-31,56573,-0.0029385392848434444,-0.10131571
7398,2020-10-31,57568,-0.00946573704003606,-0.107719526
7399,2020-10-31,57665,0.11474038159145228,0.028816553
7400,2020-10-31,57904,0.3394504984265081,-0.10173572
7401,2020-10-31,58246,0.14821755490165267,-0.099451356
7402,2020-10-31,58413,0.2888951862468703,-0.10147989
7403,2020-10-31,58683,0.11155917985526331,-0.07380283
7404,2020-10-31,58819,-0.11270085111676298,-0.10086857
7405,2020-10-31,59010,0.041128855308984136,-0.06696518
7406,2020-10-31,59176,0.27872521755768687,-0.08008779
7407,2020-10-31,59248,0.4225745622613277,-0.10253749
7408,2020-10-31,59300,0.2426466877389053,-0.09852626
7409,2020-10-31,59328,0.26267073692189036,0.009760389
7410,2020-10-31,59408,0.2588373702850959,0.019679077
7411,2020-10-31,59459,0.136266527764918,-0.097045936
7412,2020-10-31,60097,0.11259975612562645,0.017570633
7413,2020-10-31,60206,0.15075794780482532,-0.09813926
7414,2020-10-31,60442,0.2923380933405997,-0.086329825
7415,2020-10-31,60506,0.08092859526334517,-0.103260964
7416,2020-10-31,60599,0.47052410358347907,-0.1021033
7417,2020-10-31,60628,-0.09096350045816382,0.04217864
7418,2020-10-31,60871,0.24849235885520082,-0.08682527
7419,2020-10-31,60943,-0.007739502506183937,-0.108467944
7420,2020-10-31,60986,0.3749831081651793,-0.09064726
7421,2020-10-31,61241,0.13747027705871595,0.121299826
7422,2020-10-31,61399,0.059051193550125,-0.021771975
7423,2020-10-31,61621,0.06917616274911409,-0.09811128
7424,2020-10-31,61735,0.10624153389416646,-0.089306265
7425,2020-10-31,62092,0.07782451551405334,0.030218577
7426,2020-10-31,62148,0.08942385408381748,-0.08430012
7427,2020-10-31,62308,0.11683826123701313,-0.08928416
7428,2020-10-31,64186,0.299935292186134,-0.08870493
7429,2020-10-31,64282,0.2733516522235724,-0.08416143
7430,2020-10-31,64311,0.1362126521756315,-0.09219587
7431,2020-10-31,64390,-0.005181249649561348,-0.101073824
7432,2020-10-31,64653,0.0025537444853067637,-0.0947084
7433,2020-10-31,64936,-0.08544239797328346,-0.086329825
7434,2020-10-31,64995,0.31446182438411574,-0.093852356
7435,2020-10-31,65402,0.05529212490299473,-0.10192044
7436,2020-10-31,65541,0.1411018456953479,-0.1053174
7437,2020-10-31,65875,-0.029003944176865692,0.03298214
7438,2020-10-31,65947,0.13733191857526927,-0.09152137
7439,2020-10-31,66093,0.07857286058099411,0.024318721
7440,2020-10-31,66157,0.11014326970905941,-0.08430911
7441,2020-10-31,66181,0.021029012427607796,0.022084037
7442,2020-10-31,66384,0.4956211814081757,-0.06904693
7443,2020-10-31,66800,0.1987545732188991,-0.08242529
7444,2020-10-31,67598,0.11322395931222795,-0.10180514
7445,2020-10-31,69032,0.39954723788342905,-0.031362135
7446,2020-10-31,69649,0.31272602879396216,-0.099093154
7447,2020-10-31,69796,0.2818031082883248,-0.09594314
7448,2020-10-31,70519,0.41236546195686374,-0.021660583
7449,2020-10-31,70578,0.11641779240928107,-0.092093274
7450,2020-10-31,71175,0.33082108925744924,0.03726164
7451,2020-10-31,71563,0.1501913996482267,-0.091114655
7452,2020-10-31,72726,0.196945484231559,-0.100486375
7453,2020-10-31,73139,0.09690064619036276,-0.08791676
7454,2020-10-31,75034,0.3759138692127575,-0.09266468
7455,2020-10-31,75100,0.009169503578899896,-0.08778422
7456,2020-10-31,75107,0.38259212040909674,-0.099020176
7457,2020-10-31,75154,0.36177873973070307,0.07808047
7458,2020-10-31,75186,0.2587563075642434,-0.022155412
7459,2020-10-31,75241,0.5269077045924582,-0.07950678
7460,2020-10-31,75341,0.04790807912282302,-0.101326756
7461,2020-10-31,75510,0.026099065972475577,0.0651959
7462,2020-10-31,75591,0.09541934850277212,-0.106138416
7463,2020-10-31,75607,0.03131265863150268,-0.10935814
7464,2020-10-31,75819,0.1779248700207725,-0.10086857
7465,2020-10-31,75825,0.4972852016361706,-0.03182956
7466,2020-10-31,75828,0.19662550816189794,-0.088909954
7467,2020-10-31,76076,0.25195116707367005,0.026755497
7468,2020-10-31,76082,0.04200397600639505,-0.101750046
7469,2020-10-31,76095,0.15852772872223242,-0.10663792
7470,2020-10-31,76201,0.10330024177003505,0.015358162
7471,2020-10-31,76226,0.7093352760109464,-0.08254039
7472,2020-10-31,76605,-0.009396655643749363,-0.090291865
7473,2020-10-31,76614,-0.07307383603116435,0.016346922
7474,2020-10-31,76709,0.12678140181776465,-0.10639211
7475,2020-10-31,76712,0.25843323243895755,-0.1046401
7476,2020-10-31,76744,0.09944127269065484,-0.0015579162
7477,2020-10-31,76841,0.12115774873229301,-0.089306265
7478,2020-10-31,77129,0.6265323976563328,-0.10506572
7479,2020-10-31,77178,0.2723490364645993,0.03475917
7480,2020-10-31,77182,-0.022101734904200865,-0.09999118
7481,2020-10-31,77274,0.14093763966302375,-0.02900819
7482,2020-10-31,77338,0.05946749083878822,-0.093054146
7483,2020-10-31,77357,0.19447215835261256,-0.104367316
7484,2020-10-31,77496,0.39161049320684294,-0.08309484
7485,2020-10-31,77605,0.034137725603524016,-0.0065793497
7486,2020-10-31,77661,0.15270411207079837,-0.101926565
7487,2020-10-31,77702,0.11860229391942756,-0.01943352
7488,2020-10-31,77730,0.1313816175275342,-0.10117845
7489,2020-10-31,78975,0.1497395767637164,-0.08557624
7490,2020-10-31,78987,0.29903963399938127,-0.10302793
7491,2020-10-31,79057,0.1270125957515531,-0.07826974
7492,2020-10-31,79103,-0.02549377194472191,-0.096212946
7493,2020-10-31,79145,0.1520808801981477,0.06831071
7494,2020-10-31,79265,0.5072191768905403,-0.106801085
7495,2020-10-31,79323,0.21392015730379987,-0.0970835
7496,2020-10-31,79545,0.20565363539282178,-0.10173937
7497,2020-10-31,79547,0.3253812659739994,-0.09148295
7498,2020-10-31,79637,0.13811156402442704,-0.103289194
7499,2020-10-31,79678,0.20163628533382472,-0.037069596
7500,2020-10-31,79698,0.2648632947167746,-0.103243664
7501,2020-10-31,79782,0.34212666580593876,-0.09233534
7502,2020-10-31,79785,0.12481364159107433,-0.10553707
7503,2020-10-31,79906,0.03589990121458286,-0.09636378
7504,2020-10-31,80080,0.22498102595743785,-0.10055734
7505,2020-10-31,80100,0.502536958031429,-0.01430771
7506,2020-10-31,80183,0.14725877526093956,-0.10444374
7507,2020-10-31,80191,0.7498418480455706,-0.11252386
7508,2020-10-31,80204,0.08138411806332169,-0.08851679
7509,2020-10-31,80286,0.06731416978791738,-0.10371348
7510,2020-10-31,80320,-0.00552800697900524,-0.10586597
7511,2020-10-31,80381,0.18821643099124197,-0.09918732
7512,2020-10-31,80681,0.18141910722348498,-0.09924793
7513,2020-10-31,81045,0.03267138112418588,-0.100486375
7514,2020-10-31,81055,0.4284903719290858,-0.074443124
7515,2020-10-31,81061,0.18569059317795555,-0.10594983
7516,2020-10-31,81481,0.12555655803898458,-0.09902875
7517,2020-10-31,81540,0.08903769652621851,-0.10685538
7518,2020-10-31,81655,0.2754472167684361,-0.10081322
7519,2020-10-31,81677,0.25364507630536415,-0.103243664
7520,2020-10-31,81696,0.1384835947035159,-0.09930074
7521,2020-10-31,81736,0.05210498171008271,-0.10873285
7522,2020-10-31,81774,0.5519077807288846,-0.064924255
7523,2020-10-31,82303,0.07823294319784146,-0.10460677
7524,2020-10-31,82307,0.3608130580955129,-0.11066412
7525,2020-10-31,82581,0.035702188288647685,-0.10215511
7526,2020-10-31,82598,0.5249260425861022,-0.10180514
7527,2020-10-31,82642,0.07966552536595395,-0.10131571
7528,2020-10-31,82651,0.18782224778638046,-0.1032061
7529,2020-10-31,82686,0.18006016562725025,-0.093112275
7530,2020-10-31,82775,0.255791122632274,-0.09587878
7531,2020-10-31,83111,0.3316790207452174,-0.07057496
7532,2020-10-31,83143,0.319322644263212,-0.10460677
7533,2020-10-31,83443,0.12862903847445573,0.034105428
7534,2020-10-31,83621,0.1642749996033328,-0.10630928
7535,2020-10-31,84032,0.4738131541836059,0.0936976
7536,2020-10-31,84129,0.37976322404607354,-0.071855076
7537,2020-10-31,84373,0.06209233326301411,-0.107983485
7538,2020-10-31,84381,0.052797286927606546,-0.106761284
7539,2020-10-31,84761,0.2938913044538787,-0.10166092
7540,2020-10-31,84767,0.10975616646830977,-0.10050386
7541,2020-10-31,84769,0.10916007176578257,-0.09753996
7542,2020-10-31,84788,0.056007187095283184,0.0991385
7543,2020-10-31,85035,0.34171025904630214,-0.112626545
7544,2020-10-31,85058,0.27362036691319136,-0.08951691
7545,2020-10-31,85072,0.5115964180901322,0.047578424
7546,2020-10-31,85257,0.15513299155618854,-0.099645585
7547,2020-10-31,85265,0.5989508809652131,0.08063677
7548,2020-10-31,85269,0.4879874485208644,0.021134913
7549,2020-10-31,85348,0.09220249370781497,-0.096653655
7550,2020-10-31,85459,-0.02715882361426647,-0.09310136
7551,2020-10-31,85592,0.04632222272378095,-0.09464288
7552,2020-10-31,85621,0.17054773345916452,-0.10586597
7553,2020-10-31,85631,0.177845856743303,-0.08854775
7554,2020-10-31,85663,0.3630064560165671,-0.09533382
7555,2020-10-31,85753,0.017673879668305803,-0.10173572
7556,2020-10-31,85792,0.12972502840897526,-0.08225977
7557,2020-10-31,85913,0.25225842172051505,-0.074285544
7558,2020-10-31,85914,-0.019173454147850322,-0.093436524
7559,2020-10-31,85926,0.07150718251020094,-0.11256008
7560,2020-10-31,86111,-0.004490747833226116,-0.041845843
7561,2020-10-31,86136,-0.004933676269664566,-0.096653655
7562,2020-10-31,86158,0.09465012555575969,-0.092937134
7563,2020-10-31,86228,0.031187071158386148,-0.099645585
7564,2020-10-31,86339,0.028328116552273963,-0.09478539
7565,2020-10-31,86356,0.190202301483551,0.017904371
7566,2020-10-31,86580,0.036669479011560924,0.14295904
7567,2020-10-31,86783,0.19835894122135844,-0.017391099
7568,2020-10-31,86868,0.4421796337725148,-0.026031895
7569,2020-10-31,86964,0.4739714024967374,-0.10252683
7570,2020-10-31,86979,0.2497109636147461,-0.10497704
7571,2020-10-31,86996,-0.07329139150413844,-0.10510921
7572,2020-10-31,87055,0.010914259779784663,0.027095305
7573,2020-10-31,87137,0.855452799345078,0.03344507
7574,2020-10-31,87267,0.1762441656601108,-0.0839586
7575,2020-10-31,87299,0.16726468966658592,-0.095460996
7576,2020-10-31,87432,0.17902418367069428,-0.10586597
7577,2020-10-31,87447,-0.007318972581932037,-0.012001947
7578,2020-10-31,87541,0.18313143688569689,-0.10086857
7579,2020-10-31,87657,0.15190503852474113,-0.09768484
7580,2020-10-31,87717,0.01891107875414222,-0.10723399
7581,2020-10-31,87842,0.28725142548700133,-0.0947084
7582,2020-10-31,88031,0.13399522362923455,-0.102562614
7583,2020-10-31,88352,0.12076573391747081,-0.032577373
7584,2020-10-31,88446,0.4569209853089464,-0.0020222752
7585,2020-10-31,88661,0.42240594147396826,-0.06489723
7586,2020-10-31,88664,-0.02073355449824421,-0.10359977
7587,2020-10-31,88837,0.10995863032751596,-0.10109682
7588,2020-10-31,88860,0.23305148874802595,-0.054288737
7589,2020-10-31,88873,0.12017820487901698,-0.089306265
7590,2020-10-31,89003,-0.006722635217534023,-0.03769473
7591,2020-10-31,89006,0.04934081992914163,-0.08918263
7592,2020-10-31,89017,0.11595140514431357,-0.103979304
7593,2020-10-31,89070,0.16515691373605912,-0.10022882
7594,2020-10-31,89071,0.11910952137806152,-0.062457375
7595,2020-10-31,89179,0.09183552866646005,-0.08263858
7596,2020-10-31,89195,0.27042589239871884,-0.10341441
7597,2020-10-31,89217,0.014206933565424462,-0.10444374
7598,2020-10-31,89258,0.24024896755479896,-0.09811128
7599,2020-10-31,89269,0.020308823906943774,-0.10232381
7600,2020-10-31,89393,0.11907533102575707,0.08680968
7601,2020-10-31,89508,0.3625601220444583,-0.10113803
7602,2020-10-31,89525,0.17893147455634484,0.0067042722
7603,2020-10-31,89533,0.37415515945473277,-0.039029278
7604,2020-10-31,89617,0.015504426443676111,-0.089080684
7605,2020-10-31,89626,0.22840234893638578,-0.089306265
7606,2020-10-31,89641,0.39722485915237216,-0.09876294
7607,2020-10-31,89866,0.09690835704636358,-0.1032061
7608,2020-10-31,90038,0.09462307080296184,-0.09064726
7609,2020-10-31,90071,0.31988934671570224,-0.10268985
7610,2020-10-31,90199,0.20992166866570416,-0.08200155
7611,2020-10-31,90215,-0.02888713738524007,0.03300234
7612,2020-10-31,90305,-0.010588299454834194,-0.100913994
7613,2020-10-31,90319,0.13071301328797924,0.08528911
7614,2020-10-31,90373,0.006294963446160207,-0.10206323
7615,2020-10-31,90386,0.40654144814786686,-0.070196785
7616,2020-10-31,90454,0.004670030143257398,-0.111204445
7617,2020-10-31,90505,0.0006280939135647756,-0.086329825
7618,2020-10-31,90520,0.07611839575312018,-0.10086857
7619,2020-10-31,90601,0.12240903111206358,-0.106613494
7620,2020-10-31,90805,1.0464345401811626,0.045496147
7621,2020-10-31,90808,0.3181075716641186,-0.07670799
7622,2020-10-31,90829,0.5132933426440609,-0.115182064
7623,2020-10-31,90880,0.23784171395254727,-0.099645585
7624,2020-10-31,90979,0.26444663291850845,0.066878945
7625,2020-10-31,90993,0.17212500486249516,-0.089905
7626,2020-10-31,91068,0.23180980239724303,0.014020686
7627,2020-10-31,91103,0.18104104980148716,0.061691537
7628,2020-10-31,91152,0.15891950927472287,-0.0947084
7629,2020-10-31,91233,0.0971717439872748,0.016530545
7630,2020-10-31,91416,-0.03739668059219037,-0.119741134
7631,2020-10-31,91461,0.15689764248880023,-0.09930074
7632,2020-10-31,91547,0.28200458799852246,-0.10321449
7633,2020-10-31,91556,0.30667730207846056,-0.101075284
7634,2020-10-31,91668,0.20149100530296415,-0.10866835
7635,2020-10-31,91849,0.031001862985323703,-0.101754874
7636,2020-10-31,91926,0.23890217729651164,0.051737122
7637,2020-10-31,91937,0.1506833354054875,0.010652726
7638,2020-10-31,92121,0.2924675440057991,-0.08658671
7639,2020-10-31,92157,0.2481347067037747,-0.10281819
7640,2020-10-31,92239,0.6253396190831182,-0.06475955
7641,2020-10-31,92322,0.35300240076081324,-0.08836098
7642,2020-10-31,92402,0.1322107357731852,-0.10450787
7643,2020-10-31,92602,0.1378905679480784,-0.08162755
7644,2020-10-31,92611,0.065140320695394,0.0008194146
7645,2020-10-31,92614,0.06012459346956067,-0.10536659
7646,2020-10-31,92655,0.09710434178985206,0.018524168
7647,2020-10-31,92778,0.9121155249223762,-0.1116836
7648,2020-10-31,93002,0.2991809142980262,0.027105551
7649,2020-10-31,93089,0.032505314709033506,-0.106613494
7650,2020-10-31,93096,-0.06595583870401922,-0.08479951
7651,2020-10-31,93132,0.31150267510537044,-0.09658252
7652,2020-10-31,93429,0.1335986563029743,-0.103845
7653,2021-01-31,10104,0.2595955749111625,-0.08605534
7654,2021-01-31,10107,0.08966092576458617,0.120899305
7655,2021-01-31,10138,0.15232696630462716,-0.08866699
7656,2021-01-31,10145,0.1468136265280151,-0.08126619
7657,2021-01-31,10516,0.2710538403506808,-0.08796333
7658,2021-01-31,10696,0.16973897383384862,-0.042961083
7659,2021-01-31,10909,-0.06034702515499968,-0.07243316
7660,2021-01-31,11308,0.1304311625148984,-0.05121657
7661,2021-01-31,11403,0.01057953622975183,-0.08157386
7662,2021-01-31,11404,0.1057708996406499,-0.05280055
7663,2021-01-31,11600,0.2641871794590247,-0.06788133
7664,2021-01-31,11618,0.159841056411268,-0.08465399
7665,2021-01-31,11674,0.18946004340583755,-0.06360926
7666,2021-01-31,11762,0.2209698009374026,-0.09499065
7667,2021-01-31,11786,0.30620500577558607,-0.073160626
7668,2021-01-31,11850,0.29847654652730893,-0.03140735
7669,2021-01-31,11891,0.4258646456045625,-0.03388775
7670,2021-01-31,11896,0.07171421461417427,-0.08811
7671,2021-01-31,11955,0.24533318657823178,-0.063222185
7672,2021-01-31,12052,0.30528781262250093,-0.062254027
7673,2021-01-31,12060,0.22936822933637435,-0.013473415
7674,2021-01-31,12062,0.16146135945432882,-0.084931165
7675,2021-01-31,12073,0.3405894077813447,-0.07677309
7676,2021-01-31,12308,0.10845047589446644,-0.07588042
7677,2021-01-31,12345,0.2214256128621963,-0.08829711
7678,2021-01-31,12369,0.12904701648587813,-0.029150851
7679,2021-01-31,12431,0.21729073271100208,-0.08918783
7680,2021-01-31,12448,0.2653262933424887,-0.09269436
7681,2021-01-31,12449,0.1852518497539246,-0.056749992
7682,2021-01-31,12490,0.20707518941269276,-0.027265651
7683,2021-01-31,12542,0.15154253498318115,-0.07838
7684,2021-01-31,12558,0.22984335517219256,-0.049590833
7685,2021-01-31,12622,0.24064462711584533,-0.09003548
7686,2021-01-31,12623,0.3579117818683224,-0.056827392
7687,2021-01-31,12650,0.4454743480484795,-0.09298268
7688,2021-01-31,12872,0.3039222004368569,-0.04875046
7689,2021-01-31,12981,0.22095211356011335,-0.09526655
7690,2021-01-31,13035,0.14883173300230057,-0.09114447
7691,2021-01-31,13103,0.07702183938823914,-0.07871198
7692,2021-01-31,13356,0.20641134824718543,-0.05573978
7693,2021-01-31,13407,0.25838751637426816,0.09184019
7694,2021-01-31,13447,-0.06773282659261048,-0.07998932
7695,2021-01-31,13586,0.18823098296412977,-0.09526655
7696,2021-01-31,13641,0.449449384778283,-0.051829048
7697,2021-01-31,13721,0.10137452557167403,-0.08361368
7698,2021-01-31,13760,0.3708599862657367,0.05007403
7699,2021-01-31,13788,0.12341168181617057,-0.086520866
7700,2021-01-31,13856,0.06395032375867715,-0.060702022
7701,2021-01-31,13901,0.18255257942504888,-0.045511063
7702,2021-01-31,13911,0.3199635966469858,-0.07260772
7703,2021-01-31,13928,0.2893737753838648,0.02726897
7704,2021-01-31,13936,0.3274690460167471,-0.043406874
7705,2021-01-31,13949,0.35781684996207397,-0.066666864
7706,2021-01-31,13963,0.35535758599100764,-0.096439
7707,2021-01-31,13964,0.2927120316909242,-0.046741
7708,2021-01-31,14008,2.2708514736402563e-05,-0.060396705
7709,2021-01-31,14277,0.2236017260644203,0.043470368
7710,2021-01-31,14295,0.09281508298402308,-0.026123624
7711,2021-01-31,14297,0.2595014899680521,-0.06761122
7712,2021-01-31,14338,0.26935506688070276,-0.034357216
7713,2021-01-31,14541,0.22650102323370236,-0.01407665
7714,2021-01-31,14542,0.31289204845028307,0.047098823
7715,2021-01-31,14579,0.012298854563748574,-0.0731196
7716,2021-01-31,14593,-0.002292270740959612,0.0558931
7717,2021-01-31,14702,0.37512842554069925,-0.032159556
7718,2021-01-31,14704,0.23771477608056402,-0.064485975
7719,2021-01-31,14714,0.02474320921623452,-0.09535131
7720,2021-01-31,14776,0.31413022163490734,-0.030983394
7721,2021-01-31,14889,0.29389864263480714,-0.01754456
7722,2021-01-31,14939,0.019494320331709947,-0.0929394
7723,2021-01-31,15069,0.5601358204453952,-0.018490234
7724,2021-01-31,15202,0.19776615108499862,-0.06965019
7725,2021-01-31,15408,0.24497447881641699,-0.09286327
7726,2021-01-31,15488,0.11941285865059426,-0.03970122
7727,2021-01-31,15579,0.09559230139708208,-0.084113106
7728,2021-01-31,15707,0.3087019045489805,-0.069499865
7729,2021-01-31,15720,0.03357407879597929,-0.061352387
7730,2021-01-31,15980,0.32999121460622294,-0.0054573487
7731,2021-01-31,16087,0.07286307315161689,-0.071129
7732,2021-01-31,16431,0.08084226780997539,-0.06562447
7733,2021-01-31,16600,0.13561130718709413,-0.069825165
7734,2021-01-31,16678,0.06483733797482794,0.0037392073
7735,2021-01-31,16851,-0.025310605528292673,-0.06141403
7736,2021-01-31,17005,0.07329268439963688,-0.059207648
7737,2021-01-31,17144,0.05626652939757437,-0.06282075
7738,2021-01-31,17478,0.23443086127950652,-0.05996914
7739,2021-01-31,17743,0.28498805977775277,-0.06761122
7740,2021-01-31,17750,0.018178414702574974,-0.052515134
7741,2021-01-31,17830,0.25548995429307464,-0.028542148
7742,2021-01-31,18143,0.16981990973915395,-0.08403233
7743,2021-01-31,18163,0.04735712119310942,-0.05009635
7744,2021-01-31,18411,0.13500438990176344,-0.063741356
7745,2021-01-31,18420,0.20697570801893206,-0.026158793
7746,2021-01-31,18421,0.22444749826970223,-0.0044999816
7747,2021-01-31,18428,0.21798383991778425,-0.0877279
7748,2021-01-31,18542,0.2531771363784283,-0.08209938
7749,2021-01-31,18592,0.22679750982670055,-0.09193945
7750,2021-01-31,18724,0.08514004475738002,-0.080677785
7751,2021-01-31,18729,0.0403400372720617,-0.085562095
7752,2021-01-31,19166,0.09660243518814982,-0.09073271
7753,2021-01-31,19350,0.28719916812654,-0.07698569
7754,2021-01-31,19393,0.024005395843322175,-0.054766454
7755,2021-01-31,19502,0.06681492161494318,-0.041372634
7756,2021-01-31,19561,0.20660031747273488,0.04221346
7757,2021-01-31,19583,0.3202833002372685,-0.07796647
7758,2021-01-31,20482,-0.02479861547437101,-0.08262065
7759,2021-01-31,21020,0.2649953981311377,0.06468114
7760,2021-01-31,21178,0.1918333787190396,-0.0053127985
7761,2021-01-31,21186,0.3518017960707096,-0.07362722
7762,2021-01-31,21207,0.05755514862024724,-0.08481014
7763,2021-01-31,21371,0.13200873722386697,-0.073960125
7764,2021-01-31,21573,0.16503517230855524,-0.094786815
7765,2021-01-31,21776,0.09176160468564287,-0.06314617
7766,2021-01-31,21792,0.1698459021200398,-0.06332708
7767,2021-01-31,21936,0.07660043489190205,-0.067588285
7768,2021-01-31,22103,0.14715154629778437,-0.081523016
7769,2021-01-31,22111,0.0037707902506183277,-0.021223404
7770,2021-01-31,22293,0.2403536634320913,-0.09193945
7771,2021-01-31,22509,0.276207284527864,-0.08925512
7772,2021-01-31,22517,0.06877914021905673,-0.062731676
7773,2021-01-31,22592,0.13165234082445298,-0.066211544
7774,2021-01-31,22752,-0.024920536694487905,-0.050959934
7775,2021-01-31,22779,0.12829933709037533,-0.06810308
7776,2021-01-31,23026,0.24768153744282118,-0.046392296
7777,2021-01-31,23229,0.14069154808719597,-0.06465499
7778,2021-01-31,23393,0.01860873112433703,-0.09437891
7779,2021-01-31,23473,0.34792664713558263,-0.06562447
7780,2021-01-31,23536,0.10184911644717465,-0.06310983
7781,2021-01-31,23579,0.4198877583655718,-0.0734607
7782,2021-01-31,23660,0.08732432078804897,-0.08583059
7783,2021-01-31,23712,0.12926064655399405,-0.06533134
7784,2021-01-31,23819,0.11171214924785478,-0.024465192
7785,2021-01-31,23931,0.12244806974992883,-0.061215755
7786,2021-01-31,24010,0.15794613894399379,-0.04661603
7787,2021-01-31,24053,0.2020879567376337,-0.058467284
7788,2021-01-31,24109,0.1065668816062122,-0.051177654
7789,2021-01-31,24205,-0.03656528715262697,-0.08141613
7790,2021-01-31,24643,0.30024562562253276,-0.064486615
7791,2021-01-31,24766,0.24281887967584237,-0.034647424
7792,2021-01-31,24985,0.1752545126200491,-0.063945934
7793,2021-01-31,25081,0.3265553234404879,-0.0068443413
7794,2021-01-31,25232,0.3383687646594298,-0.04632321
7795,2021-01-31,25320,-2.308685699525803e-05,-0.06539442
7796,2021-01-31,25419,0.28597234944375516,-0.090222746
7797,2021-01-31,25582,0.2265378861766374,-0.060552917
7798,2021-01-31,25785,0.09591961368073831,-0.002570498
7799,2021-01-31,25953,0.2858199445704266,-0.0719651
7800,2021-01-31,26403,0.10614770263509499,-0.05994064
7801,2021-01-31,26710,0.23247634533194672,-0.05418385
7802,2021-01-31,26825,0.06965140397358272,-0.06205185
7803,2021-01-31,27043,0.010992001679184238,-0.100588076
7804,2021-01-31,27828,0.41042123802402175,-0.090304576
7805,2021-01-31,27887,0.11879472404049896,-0.06207187
7806,2021-01-31,27959,0.0826006133535988,-0.06401148
7807,2021-01-31,27991,0.13594934673110481,-0.06446166
7808,2021-01-31,28222,0.0871878331467566,-0.081171155
7809,2021-01-31,28388,0.15065329579625208,-0.056889538
7810,2021-01-31,28484,0.3853308653241658,-0.008310048
7811,2021-01-31,28804,0.41593530306187154,-0.022462193
7812,2021-01-31,29946,0.06700988540326303,-0.08851613
7813,2021-01-31,30681,0.3309235306397931,-0.064683616
7814,2021-01-31,32803,0.2411619848081612,0.024881884
7815,2021-01-31,32870,-0.008872511689675733,-0.06393669
7816,2021-01-31,32986,0.17171274595880925,-0.06332708
7817,2021-01-31,34032,0.17620704415934862,-0.08964402
7818,2021-01-31,34746,0.41123928462399983,-0.03761066
7819,2021-01-31,34817,0.696583319430996,-0.086070485
7820,2021-01-31,34833,0.26464839666049444,0.046768665
7821,2021-01-31,35044,0.2914075401358227,-0.07468366
7822,2021-01-31,35554,0.19905613373159015,-0.04587599
7823,2021-01-31,36003,0.037164990049373126,-0.08490715
7824,2021-01-31,36468,0.1905232736985809,-0.08494352
7825,2021-01-31,37584,0.15201183192069267,-0.07617997
7826,2021-01-31,38093,0.2609546351805845,-0.09030837
7827,2021-01-31,38156,0.1671183337418256,-0.07241145
7828,2021-01-31,38703,0.5123143629452331,0.04464042
7829,2021-01-31,38762,0.19642465190846226,-0.059601866
7830,2021-01-31,39490,0.4026038515539154,0.01865461
7831,2021-01-31,39642,-0.04633275761053479,-0.04497395
7832,2021-01-31,39917,0.24946583542594492,-0.08517789
7833,2021-01-31,40125,0.167020914577255,-0.039593328
7834,2021-01-31,40272,0.27206599481079863,0.009752601
7835,2021-01-31,40539,0.11288805175188221,-0.075576216
7836,2021-01-31,41080,0.08117128881664626,-0.08504611
7837,2021-01-31,41355,0.1897220491662035,-0.08571084
7838,2021-01-31,42200,-0.11812453093410058,-0.09294981
7839,2021-01-31,42585,0.13413181629752158,-0.071109235
7840,2021-01-31,42877,0.270209057768674,-0.09451164
7841,2021-01-31,42906,0.1692031619385539,-0.065184064
7842,2021-01-31,43350,0.1962985910857702,-0.07320291
7843,2021-01-31,43449,0.14298315449890953,-0.053805254
7844,2021-01-31,43553,0.14739102330126386,-0.069234915
7845,2021-01-31,44206,-0.0069985131046756965,-0.061715182
7846,2021-01-31,44329,0.11974370748744567,-0.0719651
7847,2021-01-31,44601,0.4245387318243292,-0.090342835
7848,2021-01-31,44644,0.13825069586804806,-0.063438304
7849,2021-01-31,45356,0.2569379754109975,-0.09460113
7850,2021-01-31,45751,0.23925795610423806,-0.071241334
7851,2021-01-31,45911,0.0742010297363147,-0.062929936
7852,2021-01-31,46578,-0.12373825845442954,-0.065359145
7853,2021-01-31,46674,0.3412492232165114,-0.0734607
7854,2021-01-31,46703,0.34021499564388447,-0.06554451
7855,2021-01-31,46886,0.12908512755868728,-0.07971097
7856,2021-01-31,47896,0.20238778969816784,0.0025339676
7857,2021-01-31,48486,0.2851028517240468,-0.016335305
7858,2021-01-31,48506,0.22976811898861427,-0.07086171
7859,2021-01-31,48653,0.16408078663735148,-0.08238592
7860,2021-01-31,48725,0.12990587467635017,-0.0764663
7861,2021-01-31,49015,0.4192030237611277,-0.014092859
7862,2021-01-31,49154,0.1480896790165538,-0.083719276
7863,2021-01-31,49656,0.2603189768794796,-0.055695746
7864,2021-01-31,49680,0.06871972452478081,-0.081729144
7865,2021-01-31,50876,-0.11748306272206166,-0.049097374
7866,2021-01-31,51369,0.10302481153340559,-0.0581628
7867,2021-01-31,52038,0.1916405416501079,-0.061215755
7868,2021-01-31,52090,0.013058075218801868,-0.08641322
7869,2021-01-31,52230,0.3039342856716485,-0.078728184
7870,2021-01-31,52329,0.3257582911051202,-0.08694096
7871,2021-01-31,52476,0.29714341821876733,-0.08952026
7872,2021-01-31,52695,0.19471485597691296,-0.08100106
7873,2021-01-31,52708,0.2490553678000369,-0.08397479
7874,2021-01-31,52978,0.07494951119439164,-0.06788133
7875,2021-01-31,53065,0.33270508367570684,-0.073960125
7876,2021-01-31,53613,0.09965878946216145,-0.058777172
7877,2021-01-31,54148,0.36302357870343926,-0.063172914
7878,2021-01-31,55976,8.425829851832489e-05,-0.04328133
7879,2021-01-31,56274,0.0799377585012393,-0.07007102
7880,2021-01-31,56573,0.19267463651073147,-0.09257158
7881,2021-01-31,57568,0.0657174564865175,-0.08816051
7882,2021-01-31,57665,-0.005233328997536257,-0.07800268
7883,2021-01-31,57904,0.19771029871763046,-0.06299883
7884,2021-01-31,58246,0.28471238987876824,-0.063945934
7885,2021-01-31,58413,0.301181973493311,-0.06426034
7886,2021-01-31,58683,0.42876728009145215,-0.020404177
7887,2021-01-31,58819,0.16296578946008267,-0.06562447
7888,2021-01-31,59010,0.6345649466157677,-0.036726113
7889,2021-01-31,59176,0.3230346720006041,-0.04055352
7890,2021-01-31,59248,0.09549487567497184,-0.06962281
7891,2021-01-31,59300,0.21801740760601818,-0.06307301
7892,2021-01-31,59328,0.04251577612492441,0.05881694
7893,2021-01-31,59408,0.3736857857414626,-0.02878107
7894,2021-01-31,59459,0.14097526774377123,-0.069234915
7895,2021-01-31,60097,0.18181612653872925,-0.060165826
7896,2021-01-31,60206,0.32844025483624284,-0.07543194
7897,2021-01-31,60442,0.3111711067519143,-0.059597004
7898,2021-01-31,60506,-0.011431865263416885,-0.08905174
7899,2021-01-31,60599,0.055582910920467965,-0.033636555
7900,2021-01-31,60628,0.23668915803494395,-0.072455764
7901,2021-01-31,60871,0.044235049672111115,-0.08767467
7902,2021-01-31,60943,0.22131610496324194,-0.054785248
7903,2021-01-31,60986,0.13335366091832568,-0.08019912
7904,2021-01-31,61241,-0.046937798936453556,0.06425496
7905,2021-01-31,61399,0.17968723426622768,-0.08117728
7906,2021-01-31,61621,0.11646383815998473,-0.07003965
7907,2021-01-31,61735,0.24052381352334096,-0.052015707
7908,2021-01-31,62092,-0.07691010656311703,-0.0848527
7909,2021-01-31,62148,0.17843035825361664,-0.08053507
7910,2021-01-31,62308,0.13613251381467517,-0.05642469
7911,2021-01-31,64186,0.15209312578474532,-0.064470135
7912,2021-01-31,64282,0.6167776063083625,-0.0595524
7913,2021-01-31,64311,0.18487386309791076,-0.08408691
7914,2021-01-31,64390,0.15661658852831684,-0.08800488
7915,2021-01-31,64653,0.24540395585355035,-0.07036115
7916,2021-01-31,64936,0.10633028175810644,-0.060508426
7917,2021-01-31,64995,0.30214207900222756,-0.009680381
7918,2021-01-31,65402,0.25243971664525766,-0.09434563
7919,2021-01-31,65541,0.12869291474750089,-0.072464526
7920,2021-01-31,65875,0.0670228150783454,-0.058760848
7921,2021-01-31,65947,0.24916428415762049,-0.048243683
7922,2021-01-31,66093,0.11611836018701593,-0.024093702
7923,2021-01-31,66157,0.39547158486807144,-0.042332646
7924,2021-01-31,66181,0.20255580955970065,-0.0678865
7925,2021-01-31,66384,0.25163546885952637,0.0047554537
7926,2021-01-31,66800,0.3026391506246793,-0.047365077
7927,2021-01-31,67598,0.16985229826868564,-0.066123895
7928,2021-01-31,69032,0.236319499228546,-0.08546144
7929,2021-01-31,69649,0.3128791824157342,-0.07543194
7930,2021-01-31,69796,0.14307240958247602,-0.077309206
7931,2021-01-31,70519,0.23728107712293722,-0.011601975
7932,2021-01-31,70578,0.09833007333684352,-0.0704366
7933,2021-01-31,71175,0.22853354998054587,-0.008995189
7934,2021-01-31,71563,0.2466813561493426,-0.052671887
7935,2021-01-31,72726,0.2067082403133913,-0.061215755
7936,2021-01-31,73139,0.19139455718445464,-0.08502226
7937,2021-01-31,75034,0.007480288394421386,-0.06845734
7938,2021-01-31,75107,-0.0790251571459023,-0.091230445
7939,2021-01-31,75154,0.4975866267860971,0.04037106
7940,2021-01-31,75186,0.3703280846070971,-0.074687935
7941,2021-01-31,75241,0.2768086219375645,0.026362231
7942,2021-01-31,75341,0.18314627195293154,-0.073960125
7943,2021-01-31,75510,0.10804754942550221,-0.08079357
7944,2021-01-31,75591,0.2041461951847816,-0.091624215
7945,2021-01-31,75607,0.03189973341520136,-0.09726606
7946,2021-01-31,75819,0.21397751925287656,-0.06417525
7947,2021-01-31,75825,0.4532464263947864,0.050585512
7948,2021-01-31,75828,-0.006586941479526098,-0.08328356
7949,2021-01-31,76076,0.1500517957547538,-0.05817468
7950,2021-01-31,76082,-0.09056341753744757,-0.09603929
7951,2021-01-31,76095,-0.17785001373639409,-0.096897215
7952,2021-01-31,76201,-0.01999049287340049,-0.06965217
7953,2021-01-31,76226,-0.1520846672813011,0.0301631
7954,2021-01-31,76605,0.30915767965558993,-0.041898403
7955,2021-01-31,76614,-0.04473372844667778,-0.08009383
7956,2021-01-31,76709,0.14687967754220965,-0.08694767
7957,2021-01-31,76712,0.14678364514167153,-0.08519457
7958,2021-01-31,76744,-0.047492234995179405,-0.06263356
7959,2021-01-31,76795,0.25761559623273556,-0.090950474
7960,2021-01-31,76841,-0.05406844383126064,-0.044844307
7961,2021-01-31,77037,0.33010810535854684,-0.08771995
7962,2021-01-31,77129,0.28325820967909876,-0.07472932
7963,2021-01-31,77178,-0.10746542056955466,-0.076716155
7964,2021-01-31,77182,-0.01940050933507964,-0.06355872
7965,2021-01-31,77274,-0.021307555678155454,-0.044592295
7966,2021-01-31,77338,0.13779363467582106,-0.0704366
7967,2021-01-31,77357,-0.03284250346198958,-0.0850546
7968,2021-01-31,77496,0.43105581230039336,-0.07470814
7969,2021-01-31,77605,0.23024820755089004,-0.03718663
7970,2021-01-31,77649,0.13039131578632812,-0.09437505
7971,2021-01-31,77661,0.28305416164768316,-0.089259446
7972,2021-01-31,77702,0.18772162019299166,-0.07972351
7973,2021-01-31,77730,0.21224190005749688,-0.055530734
7974,2021-01-31,78975,0.14260561628604496,-0.07968892
7975,2021-01-31,78987,0.10683480409555335,-0.08517789
7976,2021-01-31,79057,0.18340650733917374,-0.06740004
7977,2021-01-31,79103,0.2994608518779258,-0.053044245
7978,2021-01-31,79145,0.3376875345137904,0.006060492
7979,2021-01-31,79265,0.15583709325259676,-0.05378399
7980,2021-01-31,79323,0.19166580954817602,-0.06570958
7981,2021-01-31,79545,0.16131335082038456,-0.07850774
7982,2021-01-31,79547,0.21423105802080955,-0.061050355
7983,2021-01-31,79637,0.19206000218623354,-0.069603406
7984,2021-01-31,79678,0.006955200396029149,-0.08170058
7985,2021-01-31,79698,0.2894487953801814,-0.069603406
7986,2021-01-31,79782,0.36287045603923906,-0.05905671
7987,2021-01-31,79785,0.12855704873055984,-0.076098
7988,2021-01-31,79906,-0.04868891591885638,-0.038304556
7989,2021-01-31,80080,0.1801562437763009,-0.09450739
7990,2021-01-31,80100,0.32491682338817474,-0.018404968
7991,2021-01-31,80183,0.19338926720893257,-0.07151482
7992,2021-01-31,80191,0.03637414601531819,-0.021390539
7993,2021-01-31,80204,0.23070302444189372,-0.07057045
7994,2021-01-31,80286,0.33463844300910695,-0.09169345
7995,2021-01-31,80320,0.13448683244224435,-0.08142131
7996,2021-01-31,80381,0.183044654138508,-0.053561848
7997,2021-01-31,80681,0.22158083732681977,-0.055312198
7998,2021-01-31,81045,0.18375921317711552,-0.05584435
7999,2021-01-31,81055,0.43466393857811036,-0.05386733
8000,2021-01-31,81061,0.07762312278880534,-0.09269436
8001,2021-01-31,81481,0.13023593034421288,-0.089052014
8002,2021-01-31,81540,0.16419103055345863,-0.08211683
8003,2021-01-31,81655,0.26277225149674277,-0.068208754
8004,2021-01-31,81677,0.10755377895064622,-0.07010283
8005,2021-01-31,81696,0.5434251433068329,-0.06486497
8006,2021-01-31,81736,-0.06565517570221913,-0.08941686
8007,2021-01-31,81774,0.4042292696369423,0.034518864
8008,2021-01-31,82303,0.3200879478137544,-0.053095795
8009,2021-01-31,82307,-0.007154299696370714,-0.097068585
8010,2021-01-31,82581,0.10098406658002723,-0.05421808
8011,2021-01-31,82598,0.13149934666430108,-0.09601457
8012,2021-01-31,82642,0.32843418871621544,-0.07849287
8013,2021-01-31,82651,0.13299548823248575,-0.07690274
8014,2021-01-31,82686,-0.06842119666593116,-0.06935918
8015,2021-01-31,82775,0.3830791618701166,-0.05963704
8016,2021-01-31,83111,0.10011138874009018,-0.072019845
8017,2021-01-31,83143,0.211554310694561,-0.05169782
8018,2021-01-31,83443,0.2066105669433942,-0.05260208
8019,2021-01-31,83621,0.03186048830865751,-0.09090668
8020,2021-01-31,84032,0.2075922375281527,0.06175041
8021,2021-01-31,84129,0.27264843313652265,-0.008681922
8022,2021-01-31,84373,0.026072448735116494,-0.074203916
8023,2021-01-31,84381,0.06785528682735564,-0.09104794
8024,2021-01-31,84761,-0.12506961442142273,-0.08915377
8025,2021-01-31,84767,0.09081784596345877,-0.069234915
8026,2021-01-31,84769,0.08089060756867994,-0.089052014
8027,2021-01-31,84788,0.08146813775225525,0.14684409
8028,2021-01-31,85035,0.10118126815375028,-0.0881912
8029,2021-01-31,85058,0.20949521480322453,-0.052213054
8030,2021-01-31,85072,0.3190455114185349,-0.033348646
8031,2021-01-31,85257,0.19328825563669572,-0.09030837
8032,2021-01-31,85269,0.33037889855561886,-0.05592063
8033,2021-01-31,85348,0.18323811445697502,-0.069234915
8034,2021-01-31,85459,0.14093149413801798,-0.0891897
8035,2021-01-31,85592,0.13612964264054028,-0.06447583
8036,2021-01-31,85621,0.12432172416699316,-0.089366354
8037,2021-01-31,85631,0.05219123468976594,-0.081580825
8038,2021-01-31,85663,0.3166074214884267,-0.06458909
8039,2021-01-31,85753,0.12727209625589286,-0.071129
8040,2021-01-31,85792,0.3722558839606336,-0.061863802
8041,2021-01-31,85913,0.27693111189465247,-0.039116915
8042,2021-01-31,85914,0.07512841243043566,-0.06363452
8043,2021-01-31,85926,0.17304904259558573,-0.08836397
8044,2021-01-31,86111,0.12631297232430572,-0.055203956
8045,2021-01-31,86136,0.12106931901752738,-0.051266592
8046,2021-01-31,86158,0.034669761639836816,-0.090253696
8047,2021-01-31,86228,0.17935139882876583,-0.06613608
8048,2021-01-31,86339,0.19706123939801112,-0.06313299
8049,2021-01-31,86356,-0.009587603671777578,-0.083788045
8050,2021-01-31,86580,0.15585960403877852,0.04946296
8051,2021-01-31,86783,0.26834474422155363,-0.07244231
8052,2021-01-31,86868,0.2898592885368356,-0.06136655
8053,2021-01-31,86964,-0.04689946962908409,-0.09686436
8054,2021-01-31,86979,0.048654208568876145,-0.07280419
8055,2021-01-31,86996,0.11818035112050462,-0.069234915
8056,2021-01-31,87055,0.06009379715940888,-0.08718253
8057,2021-01-31,87137,0.4379860527031909,0.025341678
8058,2021-01-31,87267,0.17538777368858627,-0.08294332
8059,2021-01-31,87299,-0.02098560481029621,-0.07324754
8060,2021-01-31,87432,0.11375446160955338,-0.08918783
8061,2021-01-31,87447,0.3235846411330905,-0.07367237
8062,2021-01-31,87541,0.10609987786909536,-0.090430975
8063,2021-01-31,87657,0.15669395891772409,-0.090560205
8064,2021-01-31,87717,0.22721166318579633,-0.09073271
8065,2021-01-31,87842,0.33320991641166264,-0.06283143
8066,2021-01-31,88031,0.11770488605600282,-0.090253696
8067,2021-01-31,88352,0.15697150039035002,-0.07898332
8068,2021-01-31,88446,-0.07879511416636764,-0.08534034
8069,2021-01-31,88661,0.5132838031665292,-0.060892627
8070,2021-01-31,88664,0.12800352641428026,-0.0734607
8071,2021-01-31,88837,0.20056559468747936,-0.09319939
8072,2021-01-31,88860,0.13352228646162967,-0.088084675
8073,2021-01-31,88873,0.2170274768227951,-0.06263356
8074,2021-01-31,89003,0.24178751688936662,-0.05046021
8075,2021-01-31,89006,0.10273969236247793,-0.06712739
8076,2021-01-31,89017,0.27944403513078586,-0.06343725
8077,2021-01-31,89070,0.15457593646499124,-0.069734335
8078,2021-01-31,89071,0.20232782717839326,-0.07955172
8079,2021-01-31,89179,0.2818145840650128,-0.0812712
8080,2021-01-31,89195,0.30916129935906156,-0.06788133
8081,2021-01-31,89217,0.34391681004359365,-0.084406
8082,2021-01-31,89258,0.3002957760915925,-0.06194448
8083,2021-01-31,89269,0.023878505871407718,0.0046459134
8084,2021-01-31,89393,-0.03553893100006855,0.05805626
8085,2021-01-31,89508,0.13126045627187155,-0.050515227
8086,2021-01-31,89525,0.13790545339772997,-0.08110611
8087,2021-01-31,89533,0.29006159134972465,-0.036817003
8088,2021-01-31,89617,-0.02170385007028741,-0.086902186
8089,2021-01-31,89626,0.11619119696864288,-0.037316427
8090,2021-01-31,89641,0.4170724307060316,-0.005371215
8091,2021-01-31,89866,0.33114922906395305,-0.073960125
8092,2021-01-31,90038,0.15473708219303894,-0.05934082
8093,2021-01-31,90071,-0.12714283723396613,-0.077593595
8094,2021-01-31,90199,0.3971732864004409,-0.06616744
8095,2021-01-31,90215,0.02110244846599496,-0.06387358
8096,2021-01-31,90305,0.3166340335127811,-0.073960125
8097,2021-01-31,90319,0.28792549825635705,0.061345223
8098,2021-01-31,90373,0.0812386946390351,-0.089170225
8099,2021-01-31,90386,0.35730891509678897,-0.07659907
8100,2021-01-31,90454,-0.09564621287742214,-0.08441226
8101,2021-01-31,90505,0.2738574261045368,-0.04078803
8102,2021-01-31,90520,0.2947169812536792,-0.09086931
8103,2021-01-31,90601,0.19826624107797808,-0.0828252
8104,2021-01-31,90805,-0.09077787682250504,-0.024043262
8105,2021-01-31,90808,0.4200687252487669,-0.05347059
8106,2021-01-31,90829,0.1831498948178485,-0.072417624
8107,2021-01-31,90880,0.3122336431682613,-0.09005976
8108,2021-01-31,90979,0.3891453372525109,0.0011420184
8109,2021-01-31,90993,0.06976350362281147,-0.08581036
8110,2021-01-31,91041,0.23220795566296593,-0.0695003
8111,2021-01-31,91068,0.008128150984928917,-0.085360296
8112,2021-01-31,91103,0.3603375799940429,0.104137994
8113,2021-01-31,91152,0.10927283466981041,-0.058401417
8114,2021-01-31,91233,0.20935249895638575,-0.046673927
8115,2021-01-31,91416,0.3889020608671774,-0.07578565
8116,2021-01-31,91461,0.16767260110921844,-0.065493554
8117,2021-01-31,91547,-0.041647782147503865,-0.073960125
8118,2021-01-31,91556,0.17924075004788564,-0.06986172
8119,2021-01-31,91668,-0.028291075120575937,-0.08618309
8120,2021-01-31,91849,0.12704316142110894,-0.08994461
8121,2021-01-31,91926,0.2360352435958073,0.014203649
8122,2021-01-31,91937,0.047982785202288714,-0.0787182
8123,2021-01-31,92121,0.37116701871698776,-0.05686304
8124,2021-01-31,92157,0.12102857452996751,-0.09441578
8125,2021-01-31,92322,0.1772602285025282,-0.072314635
8126,2021-01-31,92402,0.23105696905498951,-0.07348758
8127,2021-01-31,92602,0.20875480055709872,-0.063438304
8128,2021-01-31,92611,0.2104310788373156,-0.022554133
8129,2021-01-31,92614,-0.015785304230238495,-0.07331138
8130,2021-01-31,92655,0.19970956377753546,-0.07599302
8131,2021-01-31,92778,-0.07764508741084941,-0.069846824
8132,2021-01-31,93002,0.02033558054011353,-0.08364742
8133,2021-01-31,93089,0.027347114164882225,-0.08431233
8134,2021-01-31,93096,0.10571827169759951,-0.08089609
8135,2021-01-31,93132,0.4109153225897211,-0.09291794
8136,2021-01-31,93429,0.1425740592048983,-0.051463705
8137,2021-04-30,10104,0.15392071554391062,-0.056533366
8138,2021-04-30,10107,0.13238667574455953,0.039959576
8139,2021-04-30,10138,0.163286757759308,-0.12700216
8140,2021-04-30,10145,0.052555669601002775,-0.08897392
8141,2021-04-30,10516,-0.04879406799391106,-0.14173198
8142,2021-04-30,10696,-0.041706236803738084,0.060246818
8143,2021-04-30,10909,0.07415626214912296,-0.09198665
8144,2021-04-30,11308,0.06449075680889194,0.027263075
8145,2021-04-30,11403,0.12050900286578559,-0.121123865
8146,2021-04-30,11404,-0.03752261557253023,-0.06861295
8147,2021-04-30,11600,-0.020087376947581337,-0.12621644
8148,2021-04-30,11618,0.05302833901775572,-0.12679128
8149,2021-04-30,11674,0.0034145962273259833,-0.12192989
8150,2021-04-30,11762,0.11155205877551944,-0.14261687
8151,2021-04-30,11786,-0.03824750430517643,-0.110390894
8152,2021-04-30,11850,0.02034074273092301,-0.031872585
8153,2021-04-30,11891,-0.07828692250157954,-0.12429087
8154,2021-04-30,11896,0.0628705314315059,-0.12807716
8155,2021-04-30,11955,0.07897379175512143,-0.12041589
8156,2021-04-30,12052,0.03701185900234716,-0.12296818
8157,2021-04-30,12060,-0.01220767986212723,-0.076046504
8158,2021-04-30,12062,0.11388821376005454,-0.12883964
8159,2021-04-30,12073,-0.12407324476071457,-0.089423455
8160,2021-04-30,12308,0.10483492432748154,0.0010628533
8161,2021-04-30,12345,-0.03320399595217527,-0.121070415
8162,2021-04-30,12369,-0.006642666602761249,0.01791719
8163,2021-04-30,12431,0.17508824225220798,-0.1444663
8164,2021-04-30,12448,0.06547268732263856,-0.12691128
8165,2021-04-30,12449,-0.10253384572985302,-0.10764509
8166,2021-04-30,12490,0.004716603002301145,0.063696966
8167,2021-04-30,12542,-0.07439095763718018,-0.14896537
8168,2021-04-30,12558,0.03519062575790777,-0.07995987
8169,2021-04-30,12622,0.23728289596088636,-0.14261687
8170,2021-04-30,12623,-0.028756416651579686,-0.10536703
8171,2021-04-30,12650,-0.08185370702041572,0.04947901
8172,2021-04-30,12872,0.001813785576347371,-0.11983612
8173,2021-04-30,12981,-0.06923556357837357,-0.1455329
8174,2021-04-30,13035,0.1400938361764159,-0.13137585
8175,2021-04-30,13103,0.15956286007190235,-0.12509085
8176,2021-04-30,13356,-0.08275602117734004,-0.076479904
8177,2021-04-30,13407,0.09603904464088608,0.08064722
8178,2021-04-30,13447,0.1609909104159346,-0.021474052
8179,2021-04-30,13586,0.14534415289782388,-0.14704089
8180,2021-04-30,13641,-0.051534942767355374,-0.10464689
8181,2021-04-30,13721,0.054602432951322166,-0.08030428
8182,2021-04-30,13760,-0.2260898666653831,0.043845784
8183,2021-04-30,13788,0.17293658569318326,-0.09535483
8184,2021-04-30,13856,0.09664203361524937,0.017801976
8185,2021-04-30,13901,0.024069615575528447,-0.01090372
8186,2021-04-30,13911,0.05543676337225878,-0.11430906
8187,2021-04-30,13928,0.11348603417528591,-0.094387874
8188,2021-04-30,13936,-0.0756324266498778,-0.12700239
8189,2021-04-30,13949,0.030590147431998282,-0.12621644
8190,2021-04-30,13963,-0.05974483150550458,-0.12411048
8191,2021-04-30,13964,-0.03290496354451089,0.024446202
8192,2021-04-30,14008,0.014983284500658334,0.032284774
8193,2021-04-30,14277,0.06984962694053376,-0.11607603
8194,2021-04-30,14295,0.26312859162112434,0.0098278485
8195,2021-04-30,14297,0.019162061928264862,-0.123677626
8196,2021-04-30,14338,0.02136387890878555,-0.12810233
8197,2021-04-30,14541,0.00023941428708851298,0.033500575
8198,2021-04-30,14542,0.12210918711200636,0.08905698
8199,2021-04-30,14579,0.04055611034054363,-0.11327079
8200,2021-04-30,14593,0.11140810389641786,0.036574315
8201,2021-04-30,14702,0.056253428501745306,-0.01340706
8202,2021-04-30,14704,0.08795448361915215,-0.123876154
8203,2021-04-30,14714,0.20693544685691823,-0.12786989
8204,2021-04-30,14776,0.08001823577701428,-0.11363117
8205,2021-04-30,14889,-0.08073301603197836,-0.12805444
8206,2021-04-30,14939,0.13993623375408548,-0.12921761
8207,2021-04-30,15069,0.03276000488959019,-0.08519263
8208,2021-04-30,15202,0.011832826708122468,-0.12621644
8209,2021-04-30,15408,-0.059715670118542286,-0.12296818
8210,2021-04-30,15488,0.050483014549080885,-0.050448436
8211,2021-04-30,15579,0.06176963776511957,-0.049728766
8212,2021-04-30,15707,-0.08793613215228202,-0.13863079
8213,2021-04-30,15720,-0.07261729762200764,-0.11321328
8214,2021-04-30,15980,-0.12003938805210368,0.031878237
8215,2021-04-30,16087,0.0269752204788829,-0.10757102
8216,2021-04-30,16431,-0.16806199629201268,-0.11381637
8217,2021-04-30,16600,0.09380000158543145,-0.11156693
8218,2021-04-30,16678,0.11929508538701716,-0.09527182
8219,2021-04-30,16692,-0.01092540754156146,-0.1452017
8220,2021-04-30,16851,-0.019362788943433795,-0.1475225
8221,2021-04-30,17005,0.08453647430320355,-0.091258846
8222,2021-04-30,17144,-0.02459511228255873,-0.091716185
8223,2021-04-30,17478,0.10041522610797715,0.042029276
8224,2021-04-30,17743,-0.0743358826563485,-0.09596465
8225,2021-04-30,17750,0.026952395302379584,-0.062157962
8226,2021-04-30,17830,0.05082478144588376,0.009715505
8227,2021-04-30,18143,0.07919015321940903,-0.12781875
8228,2021-04-30,18163,0.07276249740582985,0.02433132
8229,2021-04-30,18411,-0.02497479841346173,-0.087647736
8230,2021-04-30,18420,-0.047029385169932714,-0.12621644
8231,2021-04-30,18421,-0.08631486440914693,-0.09449701
8232,2021-04-30,18428,0.004699421062465792,-0.11943896
8233,2021-04-30,18542,-0.08868271616196666,-0.07522168
8234,2021-04-30,18592,-0.12015729828611343,-0.1444663
8235,2021-04-30,18724,-0.006309406878582835,-0.127169
8236,2021-04-30,18729,-0.00950754076680227,-0.08964793
8237,2021-04-30,19166,-0.09150273827504662,-0.11342472
8238,2021-04-30,19285,0.2710834765695349,-0.12618144
8239,2021-04-30,19286,0.1535575397858513,-0.09855428
8240,2021-04-30,19350,-0.022454897915779704,-0.013402824
8241,2021-04-30,19393,0.09532012073624152,0.023814993
8242,2021-04-30,19502,-0.10445175296269582,-0.12550859
8243,2021-04-30,19561,-0.03341603698133977,0.06065884
8244,2021-04-30,19583,-0.09159898506139319,-0.14210019
8245,2021-04-30,20482,0.011363659363112566,-0.0818678
8246,2021-04-30,21020,-0.06169205737537864,0.033797856
8247,2021-04-30,21178,-0.016717946151969976,0.07968003
8248,2021-04-30,21186,-0.11376045948941016,-0.1376161
8249,2021-04-30,21207,0.014184123363440548,-0.06961248
8250,2021-04-30,21371,-0.007451841525897396,-0.12795363
8251,2021-04-30,21573,0.003918889800354153,-0.14635977
8252,2021-04-30,21776,0.05035879180153624,-0.09551765
8253,2021-04-30,21792,0.046406910356318276,-0.12466803
8254,2021-04-30,21936,0.12884888701541652,0.039065406
8255,2021-04-30,22103,0.12087357198118842,-0.14041632
8256,2021-04-30,22111,0.06476809915032189,0.02595448
8257,2021-04-30,22293,-0.047911693274780176,-0.13605304
8258,2021-04-30,22509,-0.04221019925135572,-0.12492013
8259,2021-04-30,22517,-0.012147918961808224,-0.113786735
8260,2021-04-30,22592,0.011427507264624381,-0.12735748
8261,2021-04-30,22752,0.0927984525413561,0.013689153
8262,2021-04-30,22779,0.1931590876934679,-0.12708932
8263,2021-04-30,23026,0.02107838651864946,-0.083678424
8264,2021-04-30,23229,-0.033900999806155685,-0.10901987
8265,2021-04-30,23393,0.01267087950812229,-0.1295058
8266,2021-04-30,23473,0.05162842312434113,-0.13603869
8267,2021-04-30,23536,-0.024335065401638545,-0.09090612
8268,2021-04-30,23579,0.07456350019301095,-0.15182908
8269,2021-04-30,23660,0.1445168497915601,-0.12839466
8270,2021-04-30,23712,-0.006471931681679921,-0.095182225
8271,2021-04-30,23819,0.059302525955364116,-0.12534648
8272,2021-04-30,23931,-0.03644267423944292,-0.08899493
8273,2021-04-30,24010,-0.049917257951042515,-0.11012675
8274,2021-04-30,24053,0.02835492791014449,-0.10498109
8275,2021-04-30,24109,0.001782991589007965,-0.08904834
8276,2021-04-30,24205,0.010397604457956788,-0.0818678
8277,2021-04-30,24643,0.0269140443953384,-0.122427896
8278,2021-04-30,24766,0.02860669949647665,-0.06048781
8279,2021-04-30,24985,-0.004423013617695037,-0.106489845
8280,2021-04-30,25081,-0.07787741416628513,-0.12991636
8281,2021-04-30,25232,0.010794666481857451,-0.1386429
8282,2021-04-30,25320,-0.07681883391115574,-0.08782016
8283,2021-04-30,25419,-0.057521552009272336,-0.14020406
8284,2021-04-30,25582,0.08875587608398572,-0.081120156
8285,2021-04-30,25785,0.20883503043009055,0.058733262
8286,2021-04-30,25953,0.12387001441998646,-0.12621644
8287,2021-04-30,26403,-0.05375614947119045,-0.09091532
8288,2021-04-30,26710,-0.0369761090390236,-0.09596465
8289,2021-04-30,26825,0.02405316952101333,-0.085962385
8290,2021-04-30,27828,-0.14822739706749344,-0.14226055
8291,2021-04-30,27887,-0.09423185563364,-0.066206075
8292,2021-04-30,27959,0.053679682787353133,-0.09616184
8293,2021-04-30,27991,-0.0031900484454185918,-0.11279043
8294,2021-04-30,28222,0.014103209546932005,-0.12392073
8295,2021-04-30,28388,-0.03822426613371144,-0.113906115
8296,2021-04-30,28484,0.028799320821692564,-0.08875586
8297,2021-04-30,28804,-0.16068912795954904,-0.12851733
8298,2021-04-30,29946,-0.06817826299006458,-0.11253682
8299,2021-04-30,30681,-0.10728891736810942,-0.12266427
8300,2021-04-30,32870,0.009076962609063655,-0.0862946
8301,2021-04-30,32986,-0.04221153480531681,-0.08439428
8302,2021-04-30,34032,-0.06164543915219933,-0.12708238
8303,2021-04-30,34746,-0.09848664769717386,-0.11739101
8304,2021-04-30,34817,0.26994104221156223,-0.11902719
8305,2021-04-30,34833,0.0295460454742682,-0.104216434
8306,2021-04-30,35044,-0.1110086249291855,-0.12805444
8307,2021-04-30,35554,-0.14537247695665434,-0.10999252
8308,2021-04-30,36003,0.030380087926627386,-0.101913214
8309,2021-04-30,36468,0.06472637886221322,-0.11614168
8310,2021-04-30,37584,-0.00635522208466599,-0.12541749
8311,2021-04-30,38093,-0.0357224918753829,-0.1420642
8312,2021-04-30,38156,0.04353647041053166,-0.12326921
8313,2021-04-30,38703,0.021942030576826532,-0.033688918
8314,2021-04-30,38762,-0.03973213801162412,-0.08362301
8315,2021-04-30,39490,-0.06123142674805915,-0.041286156
8316,2021-04-30,39642,0.031456524588008294,-0.07533614
8317,2021-04-30,39917,-0.12592404544698255,-0.13067418
8318,2021-04-30,40125,0.21483123881206967,-0.13149142
8319,2021-04-30,40272,0.06507261617090476,-0.08107556
8320,2021-04-30,40539,-0.027219524005289708,-0.12226384
8321,2021-04-30,41080,-0.07424312598747784,-0.14305037
8322,2021-04-30,41355,-0.002432642395294282,-0.14525093
8323,2021-04-30,42200,0.4064085286494772,-0.11931808
8324,2021-04-30,42585,0.007527759664230027,-0.108717486
8325,2021-04-30,42877,-0.011548106744283748,-0.1455329
8326,2021-04-30,42906,-0.07134580827766956,-0.12830457
8327,2021-04-30,43350,-0.04381710259520977,-0.1444663
8328,2021-04-30,43449,0.03375469089171679,0.013303955
8329,2021-04-30,43553,-0.07938797578006285,-0.121649295
8330,2021-04-30,44206,0.007822339487673746,-0.094863094
8331,2021-04-30,44329,-0.05847651022517142,-0.10963752
8332,2021-04-30,44601,-0.013292214509546096,-0.15098415
8333,2021-04-30,44644,0.12628999678882336,-0.11736455
8334,2021-04-30,45356,0.15045225991227973,-0.14470565
8335,2021-04-30,45751,0.08889659125751459,-0.11974824
8336,2021-04-30,45911,0.020639266527049616,-0.11895388
8337,2021-04-30,46578,-0.0025317688136262673,-0.09589766
8338,2021-04-30,46674,0.02201190117156293,-0.12621644
8339,2021-04-30,46703,-0.12279637329208304,-0.119543344
8340,2021-04-30,46886,0.10729287896364403,-0.1221238
8341,2021-04-30,47896,-0.007504948710418846,-0.051429767
8342,2021-04-30,48486,0.029410083209367333,0.036360767
8343,2021-04-30,48506,0.15307246826280374,-0.089243524
8344,2021-04-30,48653,-0.042012885111412324,-0.08850565
8345,2021-04-30,48725,-0.010285825365390466,-0.080516875
8346,2021-04-30,49015,-0.032632953340411386,-0.13517098
8347,2021-04-30,49154,0.2636805480188791,-0.060398433
8348,2021-04-30,49656,0.03603224982309072,-0.11259542
8349,2021-04-30,49680,0.17241631109875866,-0.07519093
8350,2021-04-30,50876,0.3380840252127535,-0.0016252783
8351,2021-04-30,51369,0.016142393882640826,-0.12638755
8352,2021-04-30,52038,-0.1189231843545906,-0.12420836
8353,2021-04-30,52090,-0.06486899000458579,-0.11168771
8354,2021-04-30,52230,0.12583029455566797,-0.15411037
8355,2021-04-30,52329,0.015344339161089238,-0.13639116
8356,2021-04-30,52476,0.1387199023018526,-0.047062967
8357,2021-04-30,52695,0.02902908330676568,-0.12621644
8358,2021-04-30,52708,0.017451430501574716,-0.11983612
8359,2021-04-30,52978,0.006729902821898781,-0.12872116
8360,2021-04-30,53065,0.1226168548583153,-0.12805444
8361,2021-04-30,53613,-0.09864206275555132,-0.012666915
8362,2021-04-30,54148,-0.06948303203495942,-0.13630323
8363,2021-04-30,55976,0.022841294838019444,0.023157647
8364,2021-04-30,56274,-0.09705807286604029,-0.11399791
8365,2021-04-30,56573,-0.011415114623019251,-0.12296818
8366,2021-04-30,57568,-0.13468820674396864,-0.12732235
8367,2021-04-30,57665,0.26562552043703413,-0.05154331
8368,2021-04-30,57904,0.02967852437224927,-0.12481761
8369,2021-04-30,58246,-0.0024181054756556852,-0.122996494
8370,2021-04-30,58413,0.05078948741694478,-0.12324591
8371,2021-04-30,58683,-0.1952847364801612,-0.13225782
8372,2021-04-30,58819,0.04913549102766068,-0.10901987
8373,2021-04-30,59010,-0.11545515210906909,-0.14655377
8374,2021-04-30,59176,0.11489732607388548,-0.12376341
8375,2021-04-30,59248,-0.11028224635461514,-0.082750425
8376,2021-04-30,59300,0.19210964298166866,-0.10432978
8377,2021-04-30,59328,-0.06055230471270623,0.0404748
8378,2021-04-30,59408,-0.049606318443904396,-0.060353298
8379,2021-04-30,59459,-0.03163786891806253,-0.12997705
8380,2021-04-30,60097,0.00803207302809028,0.0036518401
8381,2021-04-30,60206,-0.07802612327055636,-0.1455329
8382,2021-04-30,60442,-0.01784812094892052,-0.12782468
8383,2021-04-30,60506,-0.0733467272431404,-0.12114681
8384,2021-04-30,60599,-0.010498670135170918,-0.12563004
8385,2021-04-30,60628,-0.033211672838121986,-0.02810084
8386,2021-04-30,60871,0.09772667518043798,-0.109589234
8387,2021-04-30,60943,-0.02522916512296869,-0.03800124
8388,2021-04-30,60986,-0.07458948223537842,-0.1502272
8389,2021-04-30,61241,0.3010338429319701,0.08167845
8390,2021-04-30,61399,-0.01409500801809993,-0.079605326
8391,2021-04-30,61621,0.18209727736647796,-0.122433916
8392,2021-04-30,61735,0.03619127413476986,-0.111687444
8393,2021-04-30,62092,0.14902912159053372,-0.047647014
8394,2021-04-30,62148,-0.03491962891951372,-0.1238341
8395,2021-04-30,62308,-0.08966477941790929,-0.08419471
8396,2021-04-30,64186,-0.07467053818397729,-0.0954676
8397,2021-04-30,64282,0.21778123191451515,-0.13830495
8398,2021-04-30,64311,-0.07348532848539613,-0.13396975
8399,2021-04-30,64390,-0.05442227433490632,-0.12358967
8400,2021-04-30,64653,0.11893956295885078,-0.120656215
8401,2021-04-30,64936,-0.05526141158435016,-0.06351477
8402,2021-04-30,64995,-0.08925190963939511,-0.12805444
8403,2021-04-30,65402,0.041912172638667755,-0.13828366
8404,2021-04-30,65541,0.026553686923032505,-0.12815592
8405,2021-04-30,65875,-0.023905465318822317,0.031581055
8406,2021-04-30,65947,0.16716957427943546,-0.12514983
8407,2021-04-30,66093,-0.0904972102024908,0.04069802
8408,2021-04-30,66157,-0.05725808960001866,-0.12472962
8409,2021-04-30,66181,0.019303545808478928,-0.07327888
8410,2021-04-30,66384,-0.08070033345641969,-0.10187156
8411,2021-04-30,66800,-0.016583959570610096,-0.13605304
8412,2021-04-30,67598,0.0862259893559032,-0.12466803
8413,2021-04-30,69032,0.17114237435625146,-0.039932627
8414,2021-04-30,69649,-0.006966952574269603,-0.14518043
8415,2021-04-30,69796,-0.06357797126187903,-0.121649295
8416,2021-04-30,70519,-0.04365422053937973,-0.074489534
8417,2021-04-30,70578,-0.012461604439160001,-0.088124976
8418,2021-04-30,71175,-0.01991804243348083,0.031878237
8419,2021-04-30,71563,-0.07545936562320454,-0.111360885
8420,2021-04-30,72726,0.044559907400752996,-0.09660216
8421,2021-04-30,73139,0.03413662596230327,-0.118782036
8422,2021-04-30,75034,0.06533964852191176,-0.123586096
8423,2021-04-30,75107,0.01998678336122839,-0.11850834
8424,2021-04-30,75154,-0.22568111003769098,0.04123201
8425,2021-04-30,75186,-0.032333476602614875,-0.03991441
8426,2021-04-30,75241,-0.051660692880087344,-0.11627944
8427,2021-04-30,75341,0.09998568639239935,-0.1089988
8428,2021-04-30,75510,0.22286239149902443,-0.07433571
8429,2021-04-30,75591,0.01603293705204001,-0.122996494
8430,2021-04-30,75607,0.1536219028541277,-0.08665485
8431,2021-04-30,75819,0.0863914503275629,-0.1455329
8432,2021-04-30,75825,0.007747544269793627,-0.101059414
8433,2021-04-30,75828,0.01443033045354869,-0.09792772
8434,2021-04-30,76076,0.09511788192630988,-0.06761254
8435,2021-04-30,76082,-0.034155213019126274,-0.04611871
8436,2021-04-30,76095,0.14477493910576267,-0.087653026
8437,2021-04-30,76201,0.17098641896539513,-0.10340938
8438,2021-04-30,76226,0.0034244243009811104,0.06470462
8439,2021-04-30,76605,0.10890327594270421,-0.12159767
8440,2021-04-30,76614,0.19387804479135817,-0.0911571
8441,2021-04-30,76709,0.23595652907091091,-0.1554883
8442,2021-04-30,76712,-0.14268555635178037,-0.14924753
8443,2021-04-30,76744,-0.07617054981982618,-0.07286326
8444,2021-04-30,76795,0.1327393161317434,-0.13875711
8445,2021-04-30,76841,0.22219784689067423,-0.07831753
8446,2021-04-30,77037,0.0447651270514704,-0.1444663
8447,2021-04-30,77129,0.023510338729390234,-0.15550894
8448,2021-04-30,77178,0.08473714700010526,-0.052100547
8449,2021-04-30,77182,0.15958462800338236,0.037715316
8450,2021-04-30,77274,0.08715190839728049,0.047937833
8451,2021-04-30,77338,0.10185690049714813,-0.0962628
8452,2021-04-30,77357,0.1656734970211864,-0.11696781
8453,2021-04-30,77496,-0.051585302295129365,-0.12544002
8454,2021-04-30,77605,0.045871420764368676,-0.06048781
8455,2021-04-30,77649,0.03500182332019541,-0.12815592
8456,2021-04-30,77661,-0.02723321608378526,-0.11983612
8457,2021-04-30,77702,0.06496150773529141,-0.074125804
8458,2021-04-30,77730,-0.0721765446704089,-0.10432978
8459,2021-04-30,78975,0.2873419573168743,-0.11883366
8460,2021-04-30,78987,-0.04510089197815681,-0.11731022
8461,2021-04-30,79057,-0.011694847974100364,-0.1238341
8462,2021-04-30,79103,0.09217058625790098,-0.12159767
8463,2021-04-30,79145,-0.11592865372188266,-0.12565838
8464,2021-04-30,79323,0.03172674424157296,-0.08552873
8465,2021-04-30,79545,0.011578548544373568,-0.13113895
8466,2021-04-30,79547,0.14205850441150392,-0.083482444
8467,2021-04-30,79637,0.0822025544278362,-0.123677626
8468,2021-04-30,79678,-0.08301114191638415,0.0033325201
8469,2021-04-30,79698,0.3514913233131445,-0.12621644
8470,2021-04-30,79782,0.03663642552480528,-0.123677626
8471,2021-04-30,79785,0.040753350066184524,-0.12873206
8472,2021-04-30,79906,-0.0940536878712318,-0.0966567
8473,2021-04-30,80080,-0.0176190623434056,-0.14145961
8474,2021-04-30,80100,0.05032715137858568,-0.13605304
8475,2021-04-30,80183,0.23424911753454603,-0.122694105
8476,2021-04-30,80191,0.2280355037681565,-0.13034661
8477,2021-04-30,80204,0.03044245240680543,-0.14017211
8478,2021-04-30,80286,-0.03794820837972046,-0.1417273
8479,2021-04-30,80320,0.18063064109618043,-0.12444549
8480,2021-04-30,80381,0.19558567608604926,-0.08462087
8481,2021-04-30,80681,0.1371670563805294,-0.10312204
8482,2021-04-30,81045,0.027011461704034012,-0.09408323
8483,2021-04-30,81055,0.08739831249562946,-0.121873625
8484,2021-04-30,81061,0.08911729038252925,-0.13132691
8485,2021-04-30,81481,-0.13150583501919966,-0.12899013
8486,2021-04-30,81540,0.015159485434239173,-0.12466803
8487,2021-04-30,81655,0.0018727688848794166,-0.1455329
8488,2021-04-30,81677,0.03563553469405534,-0.11480302
8489,2021-04-30,81696,-0.06474052183447843,-0.088460505
8490,2021-04-30,81736,0.44891012664844077,-0.09313983
8491,2021-04-30,81774,0.012531159938294234,0.081917875
8492,2021-04-30,82303,-0.08152833853505792,-0.12689756
8493,2021-04-30,82307,0.03192450141224534,-0.12484541
8494,2021-04-30,82581,0.105518037687508,-0.12935482
8495,2021-04-30,82598,0.07213201445251372,-0.14723818
8496,2021-04-30,82642,0.06569383188270894,-0.14328451
8497,2021-04-30,82651,0.2999327264958065,-0.11480302
8498,2021-04-30,82686,-0.18397935769273654,-0.061617322
8499,2021-04-30,82775,-0.030310759934869758,-0.13790427
8500,2021-04-30,83111,0.08193228234215666,-0.12899013
8501,2021-04-30,83143,0.10541308548897876,-0.14621402
8502,2021-04-30,83443,0.012145548675877027,-0.07485313
8503,2021-04-30,83621,0.007658790102787583,-0.10491695
8504,2021-04-30,84032,-0.07625441870414296,0.016607173
8505,2021-04-30,84129,-0.05985276198177325,-0.12978162
8506,2021-04-30,84373,0.08021729879082873,-0.11176537
8507,2021-04-30,84381,0.16797775458372333,-0.13132691
8508,2021-04-30,84761,-0.011177846777403966,-0.122414306
8509,2021-04-30,84767,0.11856533507430789,-0.09282342
8510,2021-04-30,84769,0.07880336924957354,-0.12888539
8511,2021-04-30,84788,-0.040326338425148656,0.050106075
8512,2021-04-30,85035,0.007546772143769198,-0.12711984
8513,2021-04-30,85058,0.08267556660272435,-0.107049674
8514,2021-04-30,85072,-0.14345866984551736,-0.051344275
8515,2021-04-30,85257,0.03205082899099043,-0.12514983
8516,2021-04-30,85269,-0.08358500851531059,-0.067001455
8517,2021-04-30,85348,0.10389136575856428,-0.12326921
8518,2021-04-30,85459,-0.07660648430720385,-0.111583084
8519,2021-04-30,85592,0.10439272600081773,-0.09535483
8520,2021-04-30,85621,0.1221232026768444,-0.14376947
8521,2021-04-30,85631,0.10009928556460546,-0.12135201
8522,2021-04-30,85663,0.030005582588234603,-0.111672156
8523,2021-04-30,85753,-0.010970829903531598,-0.09805509
8524,2021-04-30,85792,-0.05876974800577428,-0.12845838
8525,2021-04-30,85913,-0.017102487602512095,-0.13627025
8526,2021-04-30,85914,-0.027561156809520426,-0.13054228
8527,2021-04-30,85926,0.15276001937475536,-0.10912046
8528,2021-04-30,86111,0.11525214328020428,-0.06485566
8529,2021-04-30,86136,-0.042469204439917974,-0.087888055
8530,2021-04-30,86158,-0.08234472962422801,-0.1273678
8531,2021-04-30,86228,0.1177515694944129,-0.124269076
8532,2021-04-30,86339,0.028307761506758178,-0.08395312
8533,2021-04-30,86356,0.2262342634639074,-0.10507876
8534,2021-04-30,86580,0.2994147558888174,0.004063372
8535,2021-04-30,86783,-0.11671380785991403,-0.015611542
8536,2021-04-30,86868,0.0794666967988722,-0.064009465
8537,2021-04-30,86964,0.10574907392770472,-0.11096443
8538,2021-04-30,86979,0.1167288841157259,-0.113434665
8539,2021-04-30,86996,0.1399885213528791,-0.06638753
8540,2021-04-30,87055,0.15702929907067986,0.013701867
8541,2021-04-30,87137,0.11804842146192374,-0.09499937
8542,2021-04-30,87267,0.06338707317290115,-0.12367351
8543,2021-04-30,87299,0.10321842008833015,-0.10090213
8544,2021-04-30,87432,0.1480811839698306,-0.14916784
8545,2021-04-30,87447,-0.056797098327025286,-0.04309231
8546,2021-04-30,87541,-0.0347523435492505,-0.13038895
8547,2021-04-30,87657,0.1753524815525247,-0.0824501
8548,2021-04-30,87717,0.172782632050277,-0.12621644
8549,2021-04-30,87842,-0.08664501943209557,-0.1422644
8550,2021-04-30,88031,-0.028134330485551695,-0.12714069
8551,2021-04-30,88352,0.14619328430051337,-0.019093107
8552,2021-04-30,88446,0.26196118051475037,-0.06157242
8553,2021-04-30,88661,-0.11598699265640244,-0.14655377
8554,2021-04-30,88664,0.07231421648283387,-0.09873622
8555,2021-04-30,88837,0.15082101112874247,-0.1444663
8556,2021-04-30,88860,0.16837288633077918,-0.10860331
8557,2021-04-30,88873,-0.09794966478601608,-0.084342316
8558,2021-04-30,89003,-0.022565344264323328,-0.07905012
8559,2021-04-30,89006,0.04554044009562741,-0.0903961
8560,2021-04-30,89017,-0.2017317097880139,-0.09731999
8561,2021-04-30,89070,-0.07622410570540505,-0.12642603
8562,2021-04-30,89071,0.09862555048366795,-0.07431096
8563,2021-04-30,89179,0.01513958918959446,-0.118782036
8564,2021-04-30,89195,-0.018179468194801318,-0.14518043
8565,2021-04-30,89217,0.06489890419977695,-0.12588422
8566,2021-04-30,89258,0.010005670009988865,-0.1263915
8567,2021-04-30,89269,0.11127398222522089,-0.046601776
8568,2021-04-30,89393,0.00798617750796371,0.091909945
8569,2021-04-30,89508,0.005325876566091514,-0.13135703
8570,2021-04-30,89525,0.052270124323689604,-0.07267882
8571,2021-04-30,89533,-0.2341895932157686,-0.108758226
8572,2021-04-30,89617,0.14282205179651108,-0.074220456
8573,2021-04-30,89626,0.054587056346731444,-0.0888804
8574,2021-04-30,89641,-0.04589712203853935,-0.11652783
8575,2021-04-30,89866,0.0864917028655181,-0.13603869
8576,2021-04-30,90038,0.01835916867165155,-0.10227264
8577,2021-04-30,90071,0.16038349439622968,-0.10670459
8578,2021-04-30,90199,0.1321605390278624,-0.13605304
8579,2021-04-30,90215,0.05041234576313691,-0.0702064
8580,2021-04-30,90305,0.17848523417767304,-0.12779033
8581,2021-04-30,90319,0.1449015871359831,0.11510626
8582,2021-04-30,90373,0.006169510176371018,-0.06698042
8583,2021-04-30,90386,-0.11049599536454313,-0.15034898
8584,2021-04-30,90454,-0.02577616677005501,-0.09885891
8585,2021-04-30,90505,-0.30868159175529153,-0.094903916
8586,2021-04-30,90520,-0.0011883004089040528,-0.14020406
8587,2021-04-30,90601,0.1596434840452361,-0.12192989
8588,2021-04-30,90805,-0.22968678137336473,0.0006212144
8589,2021-04-30,90808,-0.08715545743196784,-0.106219485
8590,2021-04-30,90829,-0.02301528768184169,-0.1299911
8591,2021-04-30,90880,0.0009902252614262252,-0.14430186
8592,2021-04-30,90979,-0.15878610979952634,0.042000335
8593,2021-04-30,90993,0.020950944652701864,-0.12645982
8594,2021-04-30,91041,-0.036512857985773306,-0.12883906
8595,2021-04-30,91068,0.24893099747738523,-0.14212297
8596,2021-04-30,91103,-0.14117499264243205,0.028848743
8597,2021-04-30,91152,0.044563717699698246,-0.13702981
8598,2021-04-30,91233,0.011355192958165672,-0.076617576
8599,2021-04-30,91416,-0.12623542915782981,-0.12405467
8600,2021-04-30,91461,-0.0903378034240242,-0.12534916
8601,2021-04-30,91547,0.05409786233145675,-0.09509997
8602,2021-04-30,91556,-0.060765091152626405,-0.11621889
8603,2021-04-30,91668,0.0048345520976196266,-0.121490784
8604,2021-04-30,91849,0.09758406321212099,-0.127169
8605,2021-04-30,91926,-0.14961795374075026,0.06275062
8606,2021-04-30,91937,0.08997868300592105,-0.13114266
8607,2021-04-30,92121,0.0947133766840651,-0.11812795
8608,2021-04-30,92157,0.10078130886807246,-0.12267476
8609,2021-04-30,92322,0.01958186236688686,-0.12675016
8610,2021-04-30,92402,0.228914116691755,-0.11506014
8611,2021-04-30,92602,0.06635163417823287,-0.12219805
8612,2021-04-30,92611,0.05644206205737379,0.016425142
8613,2021-04-30,92614,0.09473353234114157,-0.09992472
8614,2021-04-30,92655,0.03750022178857515,-0.07580844
8615,2021-04-30,92778,-0.1609431779302194,-0.11840959
8616,2021-04-30,93002,0.0722545142883051,-0.048261195
8617,2021-04-30,93089,0.010937379902037137,-0.09178978
8618,2021-04-30,93096,0.08538546820741022,-0.08698008
8619,2021-04-30,93132,0.3330063317271197,-0.12563983
8620,2021-04-30,93429,0.1394227662998062,-0.08275492
8621,2021-07-31,10104,0.1047168522382056,-0.096376725
8622,2021-07-31,10107,0.1661811771916435,0.16327825
8623,2021-07-31,10138,0.06769654864040264,-0.08497575
8624,2021-07-31,10145,-0.06113655085808789,-0.117140636
8625,2021-07-31,10516,0.08216003276662476,-0.12603943
8626,2021-07-31,10696,-0.14438577073407222,-0.03648425
8627,2021-07-31,10909,-0.07309382937114384,-0.020470353
8628,2021-07-31,11308,-0.004118441008705509,-0.073552
8629,2021-07-31,11403,0.17243484400666875,-0.12015826
8630,2021-07-31,11404,0.0323487688831503,-0.043798804
8631,2021-07-31,11600,-0.13211017070097308,-0.12609209
8632,2021-07-31,11618,0.04737356651615543,-0.057925157
8633,2021-07-31,11674,-0.026847572856201207,-0.08063758
8634,2021-07-31,11762,0.047194978514730535,-0.13450812
8635,2021-07-31,11786,0.3044568760731128,-0.012636207
8636,2021-07-31,11850,0.1368428492512952,-0.115331665
8637,2021-07-31,11891,0.25666806746268245,-0.012861767
8638,2021-07-31,11955,0.08472320001597566,-0.122211546
8639,2021-07-31,12052,0.04038232704338318,-0.123944186
8640,2021-07-31,12060,0.013035837626677926,-0.08437644
8641,2021-07-31,12062,-0.03083007543786276,-0.12198681
8642,2021-07-31,12073,0.10333857879116448,-0.11584739
8643,2021-07-31,12308,-0.09295285066234138,-0.11612367
8644,2021-07-31,12345,-0.05527437536205082,-0.123565346
8645,2021-07-31,12369,-0.04239876339534676,-0.074251935
8646,2021-07-31,12431,-0.10878315552330109,-0.13874924
8647,2021-07-31,12448,0.11042032326173534,-0.12639295
8648,2021-07-31,12449,-0.041865266465827,-0.06325739
8649,2021-07-31,12490,-0.10221147460710445,-0.117914975
8650,2021-07-31,12542,-0.14291965033623732,-0.12770694
8651,2021-07-31,12558,-0.020712649860307297,-0.088374585
8652,2021-07-31,12622,0.010993072362538658,-0.10514625
8653,2021-07-31,12623,-0.006186751377882604,-0.09679891
8654,2021-07-31,12650,0.16074476139303084,-0.105618425
8655,2021-07-31,12872,0.20607865758311394,-0.0897327
8656,2021-07-31,12981,0.04302889840024693,-0.12706734
8657,2021-07-31,13035,0.03981278730236726,-0.14313702
8658,2021-07-31,13103,0.03620126157495518,-0.12604284
8659,2021-07-31,13356,0.03148321762292161,-0.070334464
8660,2021-07-31,13407,-0.09186035665671499,0.073893905
8661,2021-07-31,13447,0.18689012669253113,-0.11661347
8662,2021-07-31,13586,0.006740565899958639,-0.13442397
8663,2021-07-31,13641,0.3976433197551641,-0.055586074
8664,2021-07-31,13721,-0.0022467836898030225,-0.122506775
8665,2021-07-31,13760,0.07032660803887181,-0.09718397
8666,2021-07-31,13788,0.06785202939819057,-0.119348586
8667,2021-07-31,13856,0.03667515300354851,-0.039611302
8668,2021-07-31,13901,-0.06472075920236542,-0.12052598
8669,2021-07-31,13911,0.05539149794475873,-0.13594374
8670,2021-07-31,13928,0.33696853253279135,-0.09586674
8671,2021-07-31,13936,0.04501927989255283,-0.117410176
8672,2021-07-31,13949,0.020066704009047198,-0.14140879
8673,2021-07-31,13963,-0.06601751149752189,-0.13399796
8674,2021-07-31,13964,-0.03592703172156886,-0.04841458
8675,2021-07-31,14008,-0.1366000800595949,-0.020715242
8676,2021-07-31,14277,0.12395976701474831,-0.08762995
8677,2021-07-31,14295,-0.23239912348498948,-0.08538391
8678,2021-07-31,14297,-0.058368196615922185,-0.11311744
8679,2021-07-31,14338,0.09509308970266317,-0.090298004
8680,2021-07-31,14541,0.14012992625626475,-0.10026419
8681,2021-07-31,14542,0.09650813293698857,0.13192561
8682,2021-07-31,14579,0.3696199354289371,-0.10837858
8683,2021-07-31,14593,0.028556720894329146,0.081760615
8684,2021-07-31,14702,-0.02167399315003027,-0.09246783
8685,2021-07-31,14704,0.12052224666688116,-0.11350307
8686,2021-07-31,14714,0.07702584531131129,-0.12198681
8687,2021-07-31,14776,-0.0074435668343845185,-0.0855108
8688,2021-07-31,14889,0.13296518752188824,-0.09941306
8689,2021-07-31,14939,0.09401720295324378,-0.14129996
8690,2021-07-31,15069,0.4142339510424442,0.016291745
8691,2021-07-31,15202,0.05839190388578541,-0.14165127
8692,2021-07-31,15408,-0.05669943876221151,-0.12722111
8693,2021-07-31,15488,-0.15584316028624023,-0.09781648
8694,2021-07-31,15579,-0.010442444953902896,-0.11658886
8695,2021-07-31,15707,0.018816111859800033,-0.13022234
8696,2021-07-31,15720,0.16823468861712576,-0.059785787
8697,2021-07-31,15980,0.07762950122511691,-0.08501971
8698,2021-07-31,16087,0.042938839231822845,0.03730615
8699,2021-07-31,16431,-0.15146423887241967,-0.10753579
8700,2021-07-31,16600,-0.014833298780841053,-0.12091313
8701,2021-07-31,16678,-0.011864295154132232,-0.015391577
8702,2021-07-31,16692,0.10006612553358707,-0.1298731
8703,2021-07-31,16851,-0.07261451382882378,-0.083721615
8704,2021-07-31,17005,0.09026443406844775,-0.11983321
8705,2021-07-31,17144,0.05867719704685648,-0.049453862
8706,2021-07-31,17478,0.10793828701165498,-0.032751895
8707,2021-07-31,17743,0.08985315881178746,-0.11513949
8708,2021-07-31,17750,-0.038007798584999475,0.003044552
8709,2021-07-31,17830,0.028222701018524088,-0.11032834
8710,2021-07-31,18143,0.04190880756907478,-0.09058598
8711,2021-07-31,18163,0.011618711639334922,-0.036029276
8712,2021-07-31,18411,-0.014438631647397226,-0.03734973
8713,2021-07-31,18420,0.12155106013942052,-0.11693173
8714,2021-07-31,18421,0.11961846748796878,-0.09181772
8715,2021-07-31,18428,-0.0897296072822209,-0.09208713
8716,2021-07-31,18542,-0.007793192282761985,-0.13749893
8717,2021-07-31,18592,0.011715739320394825,-0.14380397
8718,2021-07-31,18724,0.05415920720543621,-0.0792323
8719,2021-07-31,18729,-0.03589227972709308,-0.014483847
8720,2021-07-31,19166,-0.14466461758121607,-0.083648056
8721,2021-07-31,19285,-0.05257746386575968,-0.10551208
8722,2021-07-31,19286,-0.10079841637430265,-0.12172174
8723,2021-07-31,19350,-0.05048497578222222,-0.13543476
8724,2021-07-31,19393,-0.13240713464670417,-0.025373468
8725,2021-07-31,19502,0.007259015186412032,-0.07076594
8726,2021-07-31,19561,-0.08587805880953625,0.09870757
8727,2021-07-31,19583,0.04930599600771446,-0.059692178
8728,2021-07-31,20482,0.06946239013383648,-0.05119406
8729,2021-07-31,21020,-0.057899199539709234,-0.079993635
8730,2021-07-31,21178,-0.09941445306185037,-0.018402165
8731,2021-07-31,21186,-0.018020993525433404,-0.13474774
8732,2021-07-31,21207,-0.1321886060638533,-0.0022343076
8733,2021-07-31,21371,-0.18685793631463044,-0.081207916
8734,2021-07-31,21573,-0.08376295019121649,-0.146249
8735,2021-07-31,21776,0.14559210677312384,-0.104329154
8736,2021-07-31,21792,0.0289836043225693,-0.122826554
8737,2021-07-31,21936,0.021724792857438002,-0.036934298
8738,2021-07-31,22103,-0.033788967813053516,-0.10863731
8739,2021-07-31,22111,-0.04847763536599736,-0.033898864
8740,2021-07-31,22293,-0.14516906043607913,-0.12700757
8741,2021-07-31,22509,-0.014511204556748702,-0.10773934
8742,2021-07-31,22517,0.029304106077423953,-0.07728512
8743,2021-07-31,22592,-0.09042163677166692,-0.12268208
8744,2021-07-31,22752,0.15576986812817073,-0.03271014
8745,2021-07-31,22779,0.11344805209745323,-0.14160225
8746,2021-07-31,23026,0.015806792958982907,-0.12400395
8747,2021-07-31,23229,-0.016579342382771478,-0.07480735
8748,2021-07-31,23393,0.012003482175712898,-0.07099713
8749,2021-07-31,23473,0.035686265193650035,-0.12999049
8750,2021-07-31,23536,-0.03656071051526677,-0.058556378
8751,2021-07-31,23579,0.07043568822925828,-0.1331938
8752,2021-07-31,23660,0.10142078958203715,-0.08554208
8753,2021-07-31,23712,0.03353338415274054,-0.06080115
8754,2021-07-31,23819,0.21113846195614894,-0.09908303
8755,2021-07-31,23931,-0.047073088248276385,-0.04927831
8756,2021-07-31,24010,0.009695352572506977,-0.07162336
8757,2021-07-31,24053,-0.014910692664447556,-0.081872374
8758,2021-07-31,24109,-0.03068172731703478,-0.01264116
8759,2021-07-31,24205,0.1004078902416865,-0.024989517
8760,2021-07-31,24643,-0.09479705820832451,-0.12229582
8761,2021-07-31,24766,-0.011741030008400766,-0.017577674
8762,2021-07-31,24985,0.010823440652871996,-0.08021622
8763,2021-07-31,25081,0.25107744149849287,-0.12394466
8764,2021-07-31,25232,0.2421610959873295,-0.11910478
8765,2021-07-31,25320,-0.0782759523698745,-0.079498805
8766,2021-07-31,25419,-0.04231550682140306,-0.11495228
8767,2021-07-31,25582,0.02118846828335852,-0.117120385
8768,2021-07-31,25785,0.224377893775767,-0.06294629
8769,2021-07-31,25953,0.014608584904156618,-0.1100745
8770,2021-07-31,26403,-0.0394817866793008,-0.1165704
8771,2021-07-31,26710,0.04667667960887956,-0.118933104
8772,2021-07-31,26825,-0.02362036967226422,-0.068212494
8773,2021-07-31,27828,0.05767566996585449,-0.09070479
8774,2021-07-31,27887,0.024336104951697468,-0.0068786535
8775,2021-07-31,27959,-0.020448782643816776,-0.12150966
8776,2021-07-31,27991,-0.22812851505937082,-0.0777218
8777,2021-07-31,28222,0.03620084862586492,-0.016462894
8778,2021-07-31,28388,-0.00783808693368937,-0.11848146
8779,2021-07-31,28484,0.08411382462322381,-0.12096069
8780,2021-07-31,28804,-0.09012824340479586,-0.124436185
8781,2021-07-31,29946,-0.04030197983646233,-0.076561786
8782,2021-07-31,30681,-0.05593507805746012,-0.13020769
8783,2021-07-31,32870,-0.08230059924319033,-0.062642045
8784,2021-07-31,32986,-0.05971644009408883,-0.084234275
8785,2021-07-31,34032,0.10195427096558785,-0.08489494
8786,2021-07-31,34746,0.20780169068948484,-0.12191964
8787,2021-07-31,34817,0.0777079983611575,-0.05562986
8788,2021-07-31,34833,0.285183164820459,-0.09198312
8789,2021-07-31,35044,0.24056370651603354,-0.12275938
8790,2021-07-31,35554,0.10777816032229759,-0.112772174
8791,2021-07-31,36003,-0.07892645217688665,-0.072281085
8792,2021-07-31,36468,0.08987031274787771,-0.12032301
8793,2021-07-31,37584,0.07544634347619184,-0.13226399
8794,2021-07-31,38093,0.20753378171890957,-0.12622759
8795,2021-07-31,38156,0.1404039130099537,-0.12443362
8796,2021-07-31,38703,0.11836178088250926,-0.11168069
8797,2021-07-31,38762,0.004843920475467112,-0.09031723
8798,2021-07-31,39490,0.4011032474196361,-0.08862363
8799,2021-07-31,39642,-0.060226086347472396,-0.029324532
8800,2021-07-31,39917,0.07880968416217327,-0.10766448
8801,2021-07-31,40125,-0.1853418563219349,-0.11979063
8802,2021-07-31,40272,-0.01535782161990873,-0.12015826
8803,2021-07-31,40539,-0.044792591725436814,-0.121624514
8804,2021-07-31,41080,0.03981781966373199,-0.11903408
8805,2021-07-31,41355,-0.04625981682031155,-0.108087815
8806,2021-07-31,42200,-0.028922814604096403,-0.12097128
8807,2021-07-31,42585,-0.055838750787467806,-0.12898278
8808,2021-07-31,42877,0.1727178306039363,-0.112260856
8809,2021-07-31,42906,0.1290458857281893,-0.120272465
8810,2021-07-31,43350,-0.08412422581621448,-0.12498186
8811,2021-07-31,43449,0.017197390646384925,-0.12319437
8812,2021-07-31,43553,-0.08510320290399997,-0.09616133
8813,2021-07-31,44206,-0.008933161564345538,-0.05297985
8814,2021-07-31,44329,-0.10104552090095331,-0.047837384
8815,2021-07-31,44601,0.03653350357573926,-0.14519143
8816,2021-07-31,44644,0.07578901921756498,-0.13914634
8817,2021-07-31,45356,0.031073316367161485,-0.13381355
8818,2021-07-31,45751,0.13686673821301643,-0.119348586
8819,2021-07-31,45911,-0.09140714820103435,-0.07013326
8820,2021-07-31,46578,-0.09235595001157926,-0.018448167
8821,2021-07-31,46674,0.03988899568846227,-0.12400395
8822,2021-07-31,46703,0.05649388345579154,-0.13384177
8823,2021-07-31,46886,0.0740864465560187,-0.08790039
8824,2021-07-31,47896,0.12595101896356242,-0.08945187
8825,2021-07-31,48486,-0.11369246352501983,-0.09586674
8826,2021-07-31,48506,0.07663929168366468,-0.121066384
8827,2021-07-31,48653,0.08950992055522566,0.043588437
8828,2021-07-31,48725,0.10888130597199464,-0.1183996
8829,2021-07-31,49015,0.17769233489099379,-0.12321722
8830,2021-07-31,49154,-0.001959867294810902,-0.13551655
8831,2021-07-31,49656,0.15994142168341718,-0.07122169
8832,2021-07-31,49680,0.04871704788287978,-0.1203313
8833,2021-07-31,50876,0.04961688072985271,-0.13726263
8834,2021-07-31,51369,0.08940351795594226,-0.12942204
8835,2021-07-31,52038,0.04259337713461209,-0.14110376
8836,2021-07-31,52090,-0.04272438315229865,-0.070427306
8837,2021-07-31,52230,0.15556548858673058,-0.13203676
8838,2021-07-31,52329,0.039846891824445896,-0.14279743
8839,2021-07-31,52476,0.06607385048049341,-0.12443362
8840,2021-07-31,52695,0.04552372908500857,-0.12400395
8841,2021-07-31,52708,-0.04714562569763592,-0.08178157
8842,2021-07-31,52978,-0.0301664935707473,-0.10414067
8843,2021-07-31,53065,0.04172280752255331,-0.12135508
8844,2021-07-31,53613,-0.10805360623020444,-0.09584828
8845,2021-07-31,54148,-0.12122316688619783,-0.114488356
8846,2021-07-31,55976,0.05206431263954414,-0.03630083
8847,2021-07-31,56274,-0.020096686688685028,-0.06646667
8848,2021-07-31,56573,0.011040359337047834,-0.12556022
8849,2021-07-31,57568,0.13341552696094916,-0.047303118
8850,2021-07-31,57665,0.0003240506509067931,-0.13889107
8851,2021-07-31,57904,-0.018548362252377548,-0.11968929
8852,2021-07-31,58246,0.09695064140684817,-0.129523
8853,2021-07-31,58413,0.03337657274061545,-0.1353243
8854,2021-07-31,58683,-0.06413475584245376,-0.08655029
8855,2021-07-31,58819,-0.0266112466364109,-0.09002668
8856,2021-07-31,59010,-0.21821343151362338,-0.028893676
8857,2021-07-31,59176,0.021570101749089243,-0.10680911
8858,2021-07-31,59248,-0.09172436448878662,-0.12533635
8859,2021-07-31,59300,0.016656741965945576,-0.122826554
8860,2021-07-31,59328,-0.08197870362269954,-0.09909957
8861,2021-07-31,59408,0.2519429747229418,-0.11566168
8862,2021-07-31,59459,0.08632948692522269,-0.107706554
8863,2021-07-31,60097,-0.08279782512789291,-0.12486633
8864,2021-07-31,60206,-0.06236711153278862,-0.14584945
8865,2021-07-31,60442,0.16404267317543275,-0.10087689
8866,2021-07-31,60506,0.0844696926622257,-0.05003272
8867,2021-07-31,60599,-0.029051895281842377,-0.13234018
8868,2021-07-31,60628,-0.1563056029963077,-0.13749893
8869,2021-07-31,60871,0.04052830047599487,-0.13336948
8870,2021-07-31,60943,-0.01576158485669721,-0.05863311
8871,2021-07-31,60986,-0.06671755560208259,-0.12973292
8872,2021-07-31,61241,0.13221330463737302,-0.0127369305
8873,2021-07-31,61399,0.21780700201831094,-0.11945716
8874,2021-07-31,61516,0.07460023834255236,-0.12126307
8875,2021-07-31,61621,0.0889107206529327,-0.1410349
8876,2021-07-31,61735,0.23228145285516422,0.041011423
8877,2021-07-31,62092,0.17287264659478052,-0.11984668
8878,2021-07-31,62148,0.12227463850083709,-0.081427455
8879,2021-07-31,62308,-0.041838473958355604,-0.09148316
8880,2021-07-31,62498,0.04408572976200875,-0.12198681
8881,2021-07-31,64186,-0.06489236718303681,-0.123308085
8882,2021-07-31,64282,0.11918395574673157,0.00021415282
8883,2021-07-31,64311,0.14143920405392452,-0.07473268
8884,2021-07-31,64390,-0.0018616994795993547,-0.015504191
8885,2021-07-31,64653,0.06974125412066723,-0.13594374
8886,2021-07-31,64936,0.02225668822216398,-0.013813831
8887,2021-07-31,64995,0.19447635760399318,-0.13278553
8888,2021-07-31,65402,0.04307618964824389,-0.14474566
8889,2021-07-31,65541,-0.011497551684232166,-0.12400395
8890,2021-07-31,65875,-0.03874133373143318,-0.04738939
8891,2021-07-31,65947,-0.06764823547204146,-0.1250871
8892,2021-07-31,66093,-0.08217655930249534,-0.04462389
8893,2021-07-31,66157,0.09526129694633911,-0.10006449
8894,2021-07-31,66181,0.13847135873783123,-0.12043657
8895,2021-07-31,66384,-0.19467031436735405,-0.10604467
8896,2021-07-31,66800,0.2552733970895189,-0.11269032
8897,2021-07-31,67598,-0.03156167433579493,-0.122826554
8898,2021-07-31,69032,0.07816253993822553,-0.112438425
8899,2021-07-31,69649,0.1453623869006575,-0.13232614
8900,2021-07-31,69796,-0.03018387470616879,-0.12776648
8901,2021-07-31,70519,0.03031603395931759,-0.090556294
8902,2021-07-31,70578,0.008445515455457686,-0.033053048
8903,2021-07-31,71563,0.1756538913447434,-0.098925866
8904,2021-07-31,72726,0.13854861718896583,-0.09457295
8905,2021-07-31,73139,-0.015661463453861657,-0.1210106
8906,2021-07-31,75034,0.19086887029095378,-0.11772362
8907,2021-07-31,75107,0.01498007062369311,-0.07334131
8908,2021-07-31,75154,0.02355553540422517,-0.08576501
8909,2021-07-31,75186,0.21008687104730828,-0.09244937
8910,2021-07-31,75241,0.30346663106869975,-0.0888078
8911,2021-07-31,75341,0.11087190273670733,-0.12126307
8912,2021-07-31,75510,0.04621868984805433,-0.11973458
8913,2021-07-31,75591,-0.015686438368588074,-0.12461786
8914,2021-07-31,75607,0.030364772816787733,-0.122826554
8915,2021-07-31,75819,-0.09994875629283384,-0.1416499
8916,2021-07-31,75825,0.27478508825778025,-0.0888078
8917,2021-07-31,75828,-0.02462834879204856,-0.0009843803
8918,2021-07-31,76076,0.017732726149918054,-0.039317954
8919,2021-07-31,76082,0.3735992448041221,0.038927913
8920,2021-07-31,76095,-0.023052002021649254,-0.07533025
8921,2021-07-31,76185,0.10267450784897147,-0.123316355
8922,2021-07-31,76201,0.2012844341052762,-0.06731945
8923,2021-07-31,76226,-0.10961817053975631,-0.094100915
8924,2021-07-31,76605,0.0993311837172206,-0.11399572
8925,2021-07-31,76614,0.11369180819040858,-0.0068448344
8926,2021-07-31,76709,-0.018264974741822204,-0.13450812
8927,2021-07-31,76712,0.06033699245470103,-0.13386768
8928,2021-07-31,76744,-0.08259688634805096,-0.0019846396
8929,2021-07-31,76795,-0.03354255378777482,-0.140442
8930,2021-07-31,76841,-0.18379334077387144,-0.06864688
8931,2021-07-31,77037,0.269132761623041,-0.12198681
8932,2021-07-31,77129,0.06784850470432979,-0.12498071
8933,2021-07-31,77178,-0.10775989208861192,-0.09615117
8934,2021-07-31,77274,-0.04035625598815451,-0.015189135
8935,2021-07-31,77338,-0.005814122767170415,-0.020102752
8936,2021-07-31,77357,0.1569112998931097,-0.12388281
8937,2021-07-31,77496,-0.09076427375146479,-0.12322022
8938,2021-07-31,77605,-0.054167850567292675,0.021914242
8939,2021-07-31,77649,0.07456512262990844,-0.12400395
8940,2021-07-31,77661,-0.06256152151564198,-0.070489965
8941,2021-07-31,77702,-0.12311948221824875,-0.09640653
8942,2021-07-31,77730,0.12542913438410985,-0.12832592
8943,2021-07-31,78975,0.18267265551706013,-0.13516808
8944,2021-07-31,78987,0.03849460541283056,-0.07198286
8945,2021-07-31,79057,0.16298510176616055,-0.08364748
8946,2021-07-31,79103,0.030603288516938054,-0.06047052
8947,2021-07-31,79145,0.09835164540904384,-0.09140339
8948,2021-07-31,79323,-0.04333136502453927,-0.123944186
8949,2021-07-31,79545,-0.07616441163966237,-0.114697285
8950,2021-07-31,79547,0.03456908038768347,-0.12443362
8951,2021-07-31,79637,-0.225365696448401,-0.11158132
8952,2021-07-31,79678,-0.06493637237867045,0.058255963
8953,2021-07-31,79698,0.25376424622609495,-0.14256342
8954,2021-07-31,79782,0.08592572331527992,-0.13221301
8955,2021-07-31,79785,-0.06276456673127073,-0.10863659
8956,2021-07-31,79906,-0.13406966168973256,-0.07205939
8957,2021-07-31,80080,-0.07100231481967068,-0.13369386
8958,2021-07-31,80100,0.17170529910418098,-0.07933108
8959,2021-07-31,80183,0.0688831823854621,-0.122826554
8960,2021-07-31,80191,0.21768708131285508,-0.10707585
8961,2021-07-31,80204,0.0830450103602729,-0.12990443
8962,2021-07-31,80286,0.20344490259507642,-0.118816264
8963,2021-07-31,80320,0.05639215150589583,-0.12172174
8964,2021-07-31,80381,0.04625835934747902,-0.12198681
8965,2021-07-31,80681,0.04274366160196097,-0.122826554
8966,2021-07-31,81045,0.02324085597324066,-0.016428504
8967,2021-07-31,81055,-0.05923248029104489,-0.07277988
8968,2021-07-31,81061,0.022215327082733438,-0.115559205
8969,2021-07-31,81481,0.07986975260299212,-0.071886994
8970,2021-07-31,81540,0.0024461025839690453,-0.07634222
8971,2021-07-31,81655,-0.00495206856628938,-0.09259149
8972,2021-07-31,81677,0.07048449838603355,-0.110931545
8973,2021-07-31,81696,-0.01957732573034865,-0.115223475
8974,2021-07-31,81736,-0.03125776109247169,-0.12064806
8975,2021-07-31,81774,-0.007975525764950198,0.015395917
8976,2021-07-31,82303,0.040184528896108684,-0.09753389
8977,2021-07-31,82307,-0.1414568414256181,-0.12523249
8978,2021-07-31,82581,-0.04741246164905799,-0.091589406
8979,2021-07-31,82598,0.12816019264581757,-0.14313702
8980,2021-07-31,82642,-0.026960393130250226,-0.13979518
8981,2021-07-31,82651,-0.057103298475225994,-0.14005677
8982,2021-07-31,82686,-0.056540562598526245,-0.04165724
8983,2021-07-31,82775,0.15230606618212916,-0.12926498
8984,2021-07-31,83143,0.05715542967130216,-0.14401709
8985,2021-07-31,83443,0.0313300264544516,-0.12259267
8986,2021-07-31,83621,0.030180809534461783,-0.06364155
8987,2021-07-31,84129,0.21606750481836356,-0.13290663
8988,2021-07-31,84373,0.03966235941234175,-0.08151234
8989,2021-07-31,84381,0.04248166826769095,-0.122766785
8990,2021-07-31,84761,0.043715011416832095,-0.07114898
8991,2021-07-31,84767,0.019797581939654085,-0.057282984
8992,2021-07-31,84769,0.061113081714969875,-0.117120385
8993,2021-07-31,84788,0.013472295494578512,0.09351235
8994,2021-07-31,85035,-0.11266400816991173,-0.14370431
8995,2021-07-31,85058,-0.02332979339826391,-0.10924384
8996,2021-07-31,85072,0.12690285160899895,-0.082083404
8997,2021-07-31,85257,-0.04636887772399545,-0.12191848
8998,2021-07-31,85269,0.17232780082348054,-0.06986135
8999,2021-07-31,85348,-0.0454689947072181,-0.10358941
9000,2021-07-31,85459,0.09381028635776367,-0.08457419
9001,2021-07-31,85592,0.1375251981167216,-0.031919617
9002,2021-07-31,85621,0.004868876324492177,-0.12416855
9003,2021-07-31,85631,-0.010958979533349122,-0.119348586
9004,2021-07-31,85663,0.1503855672361818,-0.093164794
9005,2021-07-31,85753,0.02911694336809778,-0.07385641
9006,2021-07-31,85792,0.33491798057542077,-0.12626778
9007,2021-07-31,85913,0.09617966822934165,-0.09104524
9008,2021-07-31,85914,0.09482474891974668,0.03351254
9009,2021-07-31,85926,0.04867054912638835,-0.14343803
9010,2021-07-31,86111,0.0018318167035835664,-0.032020472
9011,2021-07-31,86136,-0.014789024562211428,-0.053182684
9012,2021-07-31,86158,0.06537701576134314,0.026824575
9013,2021-07-31,86228,0.14156357807089504,-0.12172174
9014,2021-07-31,86339,-0.05967609253664363,-0.12052598
9015,2021-07-31,86356,0.12740271513238333,-0.06836581
9016,2021-07-31,86580,0.31142970442155216,0.03166815
9017,2021-07-31,86783,0.11133521134186286,-0.08271281
9018,2021-07-31,86868,0.10795331128061636,-0.10904808
9019,2021-07-31,86964,0.022471601152764364,-0.11158132
9020,2021-07-31,86979,0.05627636681637194,-0.06918193
9021,2021-07-31,86996,0.014408979833222535,-0.062440053
9022,2021-07-31,87055,0.14570308320914283,-0.12200775
9023,2021-07-31,87137,0.578161459761434,0.004545229
9024,2021-07-31,87267,0.09277000539783264,-0.105165124
9025,2021-07-31,87299,-0.12058147288499688,-0.06996877
9026,2021-07-31,87432,0.029106144640779652,-0.13448751
9027,2021-07-31,87445,-0.007838368308845545,-0.110786624
9028,2021-07-31,87447,0.12143061660671628,-0.09116596
9029,2021-07-31,87541,-0.022642824364077385,-0.12872744
9030,2021-07-31,87657,0.067248582296354,-0.11983321
9031,2021-07-31,87717,-0.03890741352488458,-0.1416499
9032,2021-07-31,87842,0.09703191042986137,-0.09037756
9033,2021-07-31,88031,-0.09881358770472215,-0.06524346
9034,2021-07-31,88352,0.09271955723004499,-0.11983321
9035,2021-07-31,88446,-0.16276448886120687,-0.08343182
9036,2021-07-31,88661,-0.07280740671393626,-0.043415595
9037,2021-07-31,88664,-0.04117306586219793,-0.089446515
9038,2021-07-31,88837,-0.08290241370650264,-0.14023137
9039,2021-07-31,88860,-0.10265781356442993,-0.09252993
9040,2021-07-31,88873,-0.2596120616013148,-0.009575412
9041,2021-07-31,89003,-0.2547463388038361,-0.03043248
9042,2021-07-31,89006,-0.03414645207210554,-0.017813932
9043,2021-07-31,89017,0.17976897074762843,0.06171651
9044,2021-07-31,89070,-0.12281149692492577,-0.105915435
9045,2021-07-31,89071,0.13272399088778952,-0.1229914
9046,2021-07-31,89179,0.13656363523573267,-0.11945716
9047,2021-07-31,89195,0.09001066676538727,-0.13083902
9048,2021-07-31,89217,0.06859138856323765,-0.122826554
9049,2021-07-31,89258,0.1095030454430479,-0.12602438
9050,2021-07-31,89269,0.03833617082864449,-0.008644545
9051,2021-07-31,89393,0.33374983931764124,-0.036617994
9052,2021-07-31,89508,0.022170583672828093,-0.11191075
9053,2021-07-31,89525,-0.1219354335985321,-0.1229914
9054,2021-07-31,89533,-0.08674551524106933,-0.09655131
9055,2021-07-31,89617,0.02384335739442278,0.042578503
9056,2021-07-31,89626,0.04455209064464771,-0.12057658
9057,2021-07-31,89641,0.021634084851859914,-0.12860915
9058,2021-07-31,89866,0.0853129101807848,-0.13354391
9059,2021-07-31,90038,0.026162692175218938,-0.12475569
9060,2021-07-31,90071,-0.024852526598159175,-0.12324831
9061,2021-07-31,90199,0.07899817584890978,-0.12533553
9062,2021-07-31,90215,0.2387491199584597,-0.122016974
9063,2021-07-31,90248,-0.06777348373662762,-0.07073584
9064,2021-07-31,90305,0.14111933910293017,-0.14278854
9065,2021-07-31,90319,0.09886262615372465,0.12566677
9066,2021-07-31,90373,0.031374643596389085,-0.049054705
9067,2021-07-31,90386,0.3342306997881572,-0.1249166
9068,2021-07-31,90454,-0.13876553514703582,-0.054178055
9069,2021-07-31,90505,-0.08358787013648439,-0.06969588
9070,2021-07-31,90520,0.04121585457166499,-0.13044046
9071,2021-07-31,90601,0.12698589766502866,-0.12198681
9072,2021-07-31,90664,0.20891873388166093,0.04820445
9073,2021-07-31,90805,-0.19200248254588603,-0.044806246
9074,2021-07-31,90808,0.022006442037689533,-0.09329825
9075,2021-07-31,90829,0.20957242512022134,-0.13438758
9076,2021-07-31,90880,0.17804200489448796,-0.12431298
9077,2021-07-31,90979,0.07383641222628534,-0.07915188
9078,2021-07-31,90993,0.1586784130126242,-0.11867465
9079,2021-07-31,91041,0.28216141807218587,-0.12062094
9080,2021-07-31,91068,-0.04529602096494434,-0.066649064
9081,2021-07-31,91103,-0.012414556578262848,-0.08025866
9082,2021-07-31,91152,-0.02693929899077263,-0.12490582
9083,2021-07-31,91233,-0.1295628216791721,-0.051631406
9084,2021-07-31,91416,-0.05959399374460406,-0.099227846
9085,2021-07-31,91461,-0.2063505180832943,-0.08247473
9086,2021-07-31,91547,-0.05694064097064133,-0.088388726
9087,2021-07-31,91556,-0.07506634929392142,-0.107581675
9088,2021-07-31,91668,-0.27112921275739243,-0.07424208
9089,2021-07-31,91849,0.032236040988786074,-0.12126307
9090,2021-07-31,91926,-0.019297507408685632,-0.07986113
9091,2021-07-31,91937,-0.2012899348862769,-0.1229914
9092,2021-07-31,92121,-0.08495296858769441,-0.082889475
9093,2021-07-31,92157,-0.006600748546951807,-0.12090153
9094,2021-07-31,92322,0.09398908790249028,-0.12990443
9095,2021-07-31,92402,0.11750307896514123,-0.122211546
9096,2021-07-31,92602,-0.043450978861592326,-0.122366525
9097,2021-07-31,92611,-0.13932549608650624,-0.09827346
9098,2021-07-31,92614,0.027408155848414495,-0.062172234
9099,2021-07-31,92655,0.12106120389946895,-0.11426034
9100,2021-07-31,92778,-0.16783262904958118,-0.13343059
9101,2021-07-31,93002,0.1033545060025387,-0.14132494
9102,2021-07-31,93089,0.10859428202881682,-0.0538124
9103,2021-07-31,93096,-0.04586179013420988,-0.025977336
9104,2021-07-31,93132,0.23545776201284663,-0.13826664
9105,2021-07-31,93429,0.11801504256479722,-0.124055095
9106,2021-10-31,10104,-0.15092142152672938,-0.078467116
9107,2021-10-31,10107,-0.060525946302645184,0.16955088
9108,2021-10-31,10138,-0.28397527173425186,-0.08535695
9109,2021-10-31,10145,-0.06061027029799326,-0.06764373
9110,2021-10-31,10516,0.1740066786965644,-0.054196667
9111,2021-10-31,10696,0.07320158852310832,0.04342419
9112,2021-10-31,10909,0.23122654544024224,-0.04240925
9113,2021-10-31,11308,0.09098090172568152,-0.039670542
9114,2021-10-31,11403,-0.12113746340778375,-0.054144263
9115,2021-10-31,11404,0.1580152311630898,-0.031387057
9116,2021-10-31,11600,-0.06441775071357947,-0.07596863
9117,2021-10-31,11618,-0.007011642712710264,-0.030945985
9118,2021-10-31,11674,0.07052469105885661,-0.06657037
9119,2021-10-31,11762,-0.03417160527334451,-0.08571789
9120,2021-10-31,11786,-0.1860869531141084,0.025590137
9121,2021-10-31,11850,0.19437665769135015,-0.07912308
9122,2021-10-31,11891,-0.09409200799234707,0.012937179
9123,2021-10-31,11955,-0.05780240833776995,-0.05482986
9124,2021-10-31,12052,0.05200265546352956,-0.08793443
9125,2021-10-31,12060,-0.09827562251216126,-0.088320546
9126,2021-10-31,12062,-0.05456173250237295,-0.07590407
9127,2021-10-31,12073,0.14133992070827262,-0.085695595
9128,2021-10-31,12308,-0.12083203569145573,-0.03899927
9129,2021-10-31,12345,0.05529361129355359,-0.071237996
9130,2021-10-31,12369,-0.031234632895446812,-0.06595665
9131,2021-10-31,12431,-0.04031194494032597,-0.06863415
9132,2021-10-31,12448,-0.1965124917146831,-0.08096892
9133,2021-10-31,12449,-0.03698379310320832,0.006899477
9134,2021-10-31,12490,0.12944164413829173,0.007319253
9135,2021-10-31,12542,-0.06609235502883548,-0.0847489
9136,2021-10-31,12558,0.052682792925048405,-0.09124107
9137,2021-10-31,12622,-0.0396792137466786,-0.09824735
9138,2021-10-31,12623,-0.070760966056156,-0.07803798
9139,2021-10-31,12872,0.0980090983531614,-0.062386457
9140,2021-10-31,12981,-0.06901492467469639,-0.058808576
9141,2021-10-31,13035,-0.19403861895472985,-0.06953086
9142,2021-10-31,13103,-0.2100140537477473,-0.08724884
9143,2021-10-31,13356,0.1474063306284723,-0.020481644
9144,2021-10-31,13407,-0.03186441593239486,0.12056279
9145,2021-10-31,13447,-0.16048342625068257,-0.01463751
9146,2021-10-31,13586,-0.13603460579445148,-0.09727263
9147,2021-10-31,13641,0.18218353853350822,0.019414762
9148,2021-10-31,13721,0.20638145049435375,-0.06493467
9149,2021-10-31,13760,-0.1901277162486954,-0.07780928
9150,2021-10-31,13788,-0.07440335754613248,-0.032354955
9151,2021-10-31,13856,0.08094776527627778,-0.022914348
9152,2021-10-31,13901,0.17561994438501216,-0.073642105
9153,2021-10-31,13911,-0.06319346111696023,-0.08588808
9154,2021-10-31,13928,0.19298532425529014,-0.028122796
9155,2021-10-31,13936,-0.13070817350351116,-0.09138856
9156,2021-10-31,13949,0.015447765549805093,-0.08863249
9157,2021-10-31,13963,-0.028819483039099758,-0.10462635
9158,2021-10-31,13964,-0.014185697997324831,-0.08871648
9159,2021-10-31,14008,0.10676526354786109,-0.04672529
9160,2021-10-31,14277,0.21637780284735486,-0.026402682
9161,2021-10-31,14295,-0.2994010981024192,0.0073795663
9162,2021-10-31,14297,-0.040723135355495876,-0.08368355
9163,2021-10-31,14338,0.008059979350370838,-0.08013718
9164,2021-10-31,14541,0.16040613031277595,-0.078467116
9165,2021-10-31,14542,-0.0847952703039444,0.07627206
9166,2021-10-31,14579,-0.3879699446702298,-0.016882276
9167,2021-10-31,14593,0.16845656043841406,0.19080888
9168,2021-10-31,14702,0.012825988515713593,-0.087142274
9169,2021-10-31,14704,-0.1049588911765208,-0.058117513
9170,2021-10-31,14714,0.2136998091523825,-0.07378692
9171,2021-10-31,14763,-0.2461170671414208,-0.085227504
9172,2021-10-31,14776,-0.0831035329347034,-0.03400924
9173,2021-10-31,14889,0.09452173856930912,-0.07835721
9174,2021-10-31,14939,-0.06221522603485319,-0.08326623
9175,2021-10-31,15069,0.19729635678615742,-0.003969184
9176,2021-10-31,15202,0.0028297361771656426,-0.047734775
9177,2021-10-31,15291,-0.3734044794308624,0.021672446
9178,2021-10-31,15408,0.008830578200953898,-0.054108165
9179,2021-10-31,15488,-0.26075860319314337,0.031291198
9180,2021-10-31,15579,-0.03640863305579933,-0.072908975
9181,2021-10-31,15707,0.12337382939354735,-0.088936485
9182,2021-10-31,15720,0.008102058446359583,-0.046577793
9183,2021-10-31,15980,-0.15306914267689387,-0.049785778
9184,2021-10-31,16087,-0.06745217380826218,-0.04817585
9185,2021-10-31,16431,0.14222691169369672,-0.029009085
9186,2021-10-31,16600,0.12948460562862074,-0.043986082
9187,2021-10-31,16678,0.09459469023682132,-0.04091866
9188,2021-10-31,16692,0.0459228348703451,-0.062440462
9189,2021-10-31,16851,0.10486129134331357,-0.043827813
9190,2021-10-31,17005,0.19939116694673764,-0.08082278
9191,2021-10-31,17144,0.11959696961092336,-0.032364547
9192,2021-10-31,17478,-0.12285341728428778,-0.04743987
9193,2021-10-31,17743,0.07679512150547496,-0.039019518
9194,2021-10-31,17750,0.07195364598092269,-0.047816843
9195,2021-10-31,17830,0.020925546208824253,-0.08992771
9196,2021-10-31,18143,0.0016356347926604897,-0.061157707
9197,2021-10-31,18163,0.12813024245297933,-0.041051187
9198,2021-10-31,18411,0.12694274641531633,-0.048056908
9199,2021-10-31,18420,0.021891976178853412,-0.085695595
9200,2021-10-31,18421,0.005954220258266529,-0.050239854
9201,2021-10-31,18428,0.08032148122473237,-0.06861977
9202,2021-10-31,18542,-0.007056275352681829,-0.033499643
9203,2021-10-31,18592,0.11752668821997858,-0.060804427
9204,2021-10-31,18724,0.005170740497791426,-0.053530287
9205,2021-10-31,18729,0.08798103667974977,-0.04979847
9206,2021-10-31,19166,0.21860134837467293,-0.07703709
9207,2021-10-31,19285,-0.08450771907640753,-0.09324915
9208,2021-10-31,19286,0.06671676339341404,-0.074340135
9209,2021-10-31,19350,0.10296145426449321,-0.09155429
9210,2021-10-31,19393,0.12088847623669707,-0.036976904
9211,2021-10-31,19502,0.06847530969628957,-0.012130394
9212,2021-10-31,19561,-0.03279798649897547,-0.07041497
9213,2021-10-31,19583,-0.10228459694605496,-0.08655887
9214,2021-10-31,20482,-0.007507736154428679,-0.020883547
9215,2021-10-31,21020,-0.1421857504438786,-0.05239395
9216,2021-10-31,21178,0.18078642317786286,0.04392336
9217,2021-10-31,21186,-0.03538028722455244,-0.07756181
9218,2021-10-31,21207,0.1438344347672842,-0.04260099
9219,2021-10-31,21371,0.08892844026924562,-0.05060194
9220,2021-10-31,21573,-0.019474002338879526,-0.065830536
9221,2021-10-31,21776,0.09715209373762335,-0.025842164
9222,2021-10-31,21792,0.09603011306819864,-0.06006072
9223,2021-10-31,21936,0.22443717424647858,-0.06360444
9224,2021-10-31,22103,-0.047126974126030285,-0.09342524
9225,2021-10-31,22111,0.06479484763916954,-0.03938289
9226,2021-10-31,22293,0.18938381903498125,-0.044211064
9227,2021-10-31,22509,-0.02366253801593221,-0.045326382
9228,2021-10-31,22517,0.04550834823324257,-0.0647752
9229,2021-10-31,22592,-0.06315984744516645,-0.0464118
9230,2021-10-31,22752,-0.06595251514079614,0.045609254
9231,2021-10-31,22779,-0.06413638554282652,-0.07835314
9232,2021-10-31,23026,0.09993535432697853,-0.0640587
9233,2021-10-31,23229,0.07450992583771776,-0.06763883
9234,2021-10-31,23393,0.1783247361170821,-0.06646077
9235,2021-10-31,23473,-0.024445997276119957,-0.091829635
9236,2021-10-31,23536,0.08556005388678356,-0.067680076
9237,2021-10-31,23579,-0.07815125874717199,-0.095964715
9238,2021-10-31,23660,-0.09402342137071906,-0.044175718
9239,2021-10-31,23712,0.05110728783588847,-0.053356346
9240,2021-10-31,23819,0.2324165485234988,-0.023518555
9241,2021-10-31,23931,0.08593547481927155,-0.04233201
9242,2021-10-31,24010,0.09572360103771804,-0.06708151
9243,2021-10-31,24053,0.027943200704083404,-0.06763069
9244,2021-10-31,24109,0.07719608337538353,-0.046903215
9245,2021-10-31,24205,-0.08045489446226672,-0.020557618
9246,2021-10-31,24643,0.04782955350716622,-0.10622869
9247,2021-10-31,24766,0.0400887610933669,0.028822133
9248,2021-10-31,24985,0.05948523857996224,-0.06646077
9249,2021-10-31,25081,0.09922752573936444,-0.08400303
9250,2021-10-31,25232,-0.03116724106293467,-0.06491076
9251,2021-10-31,25320,0.11361029616336893,-0.082072966
9252,2021-10-31,25419,0.0030450704721229904,-0.051381547
9253,2021-10-31,25582,-0.08796634717506846,-0.068023264
9254,2021-10-31,25785,0.2007167763755744,-0.02988204
9255,2021-10-31,25953,0.007838198686093145,-0.079923585
9256,2021-10-31,26403,-0.15437699954715267,-0.06948244
9257,2021-10-31,26710,0.06518511055707887,-0.08471964
9258,2021-10-31,26825,0.037475389196695685,-0.072441705
9259,2021-10-31,27828,0.2191294162626909,-0.017187402
9260,2021-10-31,27887,0.08604531982173436,-0.042884015
9261,2021-10-31,27959,0.03988152740354023,-0.04948961
9262,2021-10-31,27991,0.10665889344214174,-0.018384807
9263,2021-10-31,28222,-0.05436337240648226,-0.032484956
9264,2021-10-31,28388,-0.013759287201665416,-0.0812202
9265,2021-10-31,28484,0.1213821510207651,0.0064027812
9266,2021-10-31,28804,0.0367418573210605,-0.09217339
9267,2021-10-31,29946,0.009966579429310674,-0.05967908
9268,2021-10-31,30681,0.11793080573631354,-0.09045374
9269,2021-10-31,32870,0.1276355088452905,-0.07061021
9270,2021-10-31,32986,0.1723927588846943,-0.07640334
9271,2021-10-31,34032,-0.03034859127828815,-0.045236036
9272,2021-10-31,34746,0.032324383610918606,-0.07772956
9273,2021-10-31,34817,-0.08781540359813689,-0.004094096
9274,2021-10-31,34833,0.12384336570206278,0.037689317
9275,2021-10-31,35044,-0.023974072970754934,-0.077132754
9276,2021-10-31,35554,0.16038715147562121,-0.07833833
9277,2021-10-31,36003,-0.11987647170380533,0.018564586
9278,2021-10-31,36468,-0.09356532100563075,-0.025923721
9279,2021-10-31,37584,0.024045260224976994,-0.088443145
9280,2021-10-31,38093,-0.05531364408236106,-0.058063515
9281,2021-10-31,38156,0.08227770261466993,-0.055933353
9282,2021-10-31,38703,0.05576183642203891,-0.06165562
9283,2021-10-31,38762,0.18281214356733555,-0.07969985
9284,2021-10-31,39490,0.27214716483750845,0.0035881249
9285,2021-10-31,39642,0.06448985750056835,-0.049475238
9286,2021-10-31,39917,0.1368547285480035,-0.052778102
9287,2021-10-31,40125,-0.07645198959799981,-0.094078176
9288,2021-10-31,40272,-0.10045572965273375,-0.06665952
9289,2021-10-31,40539,0.10304531267341477,-0.06811182
9290,2021-10-31,41080,-0.07319998375822545,-0.03280563
9291,2021-10-31,41355,0.048541103728863666,-0.07260022
9292,2021-10-31,42200,-0.02629253999740233,-0.07772574
9293,2021-10-31,42585,0.15310901075240158,-0.075565495
9294,2021-10-31,42877,-0.022095708864804275,-0.008885845
9295,2021-10-31,42906,-0.03355768117747837,-0.07835721
9296,2021-10-31,43350,-0.02387382915661984,-0.04315727
9297,2021-10-31,43449,0.06256618829004901,-0.033542745
9298,2021-10-31,43553,-0.09936022862974558,-0.04315727
9299,2021-10-31,44206,0.06104936971693342,-0.06488966
9300,2021-10-31,44329,-0.13010358457920157,-0.06480387
9301,2021-10-31,44601,-0.05337050260821019,-0.091829635
9302,2021-10-31,44644,-0.07750344207111426,-0.025291909
9303,2021-10-31,45356,-0.005171417972729575,-0.088296406
9304,2021-10-31,45751,-0.07569526502521018,-0.078207016
9305,2021-10-31,45911,-0.12018134410484216,-0.04315727
9306,2021-10-31,46578,0.036593928504144335,-0.0452022
9307,2021-10-31,46674,0.022543701006610517,-0.068444036
9308,2021-10-31,46703,0.030307262829329717,-0.09046889
9309,2021-10-31,46886,0.046942811030106446,-0.08553304
9310,2021-10-31,47896,-0.11997817348820883,-0.032265563
9311,2021-10-31,48486,0.049067588239605886,-0.090714715
9312,2021-10-31,48506,-0.14993432735099643,-0.055710524
9313,2021-10-31,48653,-0.1512915028439633,-0.022701934
9314,2021-10-31,48725,0.017975153326250215,-0.010465797
9315,2021-10-31,49015,-0.024107378622537312,-0.091254465
9316,2021-10-31,49154,-0.14808680566878285,-0.09083351
9317,2021-10-31,49656,0.006830641215570976,-0.08013718
9318,2021-10-31,49680,-0.0827403944092,-0.056385905
9319,2021-10-31,50876,-0.03363063777144204,-0.086050265
9320,2021-10-31,51369,-0.14996735520318183,0.038418796
9321,2021-10-31,52038,0.022246188642133014,-0.068384394
9322,2021-10-31,52090,0.2551202355477804,-0.07419046
9323,2021-10-31,52230,0.0049210802700401235,-0.09027154
9324,2021-10-31,52329,-0.07292563086728565,-0.068444036
9325,2021-10-31,52476,-0.13459052018162765,-0.021770712
9326,2021-10-31,52695,0.0727580655622424,-0.053530287
9327,2021-10-31,52708,-0.03435084757258766,-0.06602195
9328,2021-10-31,52978,-0.02715349840475878,-0.0746221
9329,2021-10-31,53065,-0.02025894716691179,-0.075665936
9330,2021-10-31,53613,0.19187119603116387,-0.0750833
9331,2021-10-31,54148,0.09893261862934044,-0.07550054
9332,2021-10-31,55976,-0.06059910349646258,-0.024474666
9333,2021-10-31,56274,0.08904736406531732,-0.07118961
9334,2021-10-31,56573,0.031652037793923116,-0.04831155
9335,2021-10-31,57568,0.06370516364425205,-0.04183631
9336,2021-10-31,57665,-0.11330808816329374,-0.040380992
9337,2021-10-31,57904,0.17722840294919617,-0.091750585
9338,2021-10-31,58246,-0.046435079315739314,-0.06045383
9339,2021-10-31,58413,0.067640426941739,-0.091829635
9340,2021-10-31,58683,-0.05329955040373646,-0.040926896
9341,2021-10-31,58819,0.06578067595530213,-0.06869915
9342,2021-10-31,59010,-0.19848854227051127,0.00032016603
9343,2021-10-31,59176,0.03732811358462085,-0.029436756
9344,2021-10-31,59248,0.08906516313568469,-0.08523919
9345,2021-10-31,59300,0.029965359445042195,-0.09822873
9346,2021-10-31,59328,0.0032035890721533455,0.061630182
9347,2021-10-31,59408,-0.029806071023660063,-0.06482756
9348,2021-10-31,59459,0.03886373206917537,-0.024440799
9349,2021-10-31,60097,-0.1312253374933674,-0.041231554
9350,2021-10-31,60206,0.03144701869070543,-0.08368355
9351,2021-10-31,60442,-0.01839114203808878,-0.08082278
9352,2021-10-31,60506,0.05974364862706616,-0.022925027
9353,2021-10-31,60599,0.061912573252783654,-0.09945827
9354,2021-10-31,60628,0.047038132014046496,-0.03568011
9355,2021-10-31,60871,-0.05126462958107425,-0.06512203
9356,2021-10-31,60986,0.02441508912588697,-0.07252068
9357,2021-10-31,61241,-0.0497387591449191,0.062218376
9358,2021-10-31,61399,0.01850914721684438,-0.017839098
9359,2021-10-31,61516,-0.24531889257404427,-0.05194056
9360,2021-10-31,61621,-0.03931210821688025,-0.054144263
9361,2021-10-31,61735,-0.13431571114908658,-0.08082278
9362,2021-10-31,62092,-0.0813986229814413,-0.011202754
9363,2021-10-31,62148,-0.05143201768545236,-0.020660087
9364,2021-10-31,62308,0.15147515000998335,-0.061759684
9365,2021-10-31,62498,-0.08443706175653154,-0.086019434
9366,2021-10-31,64186,0.08410908913721737,-0.045407936
9367,2021-10-31,64282,-0.18689821076013902,-0.061993957
9368,2021-10-31,64311,-0.06831019655974424,-0.021981083
9369,2021-10-31,64390,0.16335077015623667,-0.047031496
9370,2021-10-31,64653,0.08544869342433414,-0.056818947
9371,2021-10-31,64936,0.07161301565885214,-0.043195333
9372,2021-10-31,64995,0.08611982697291132,-0.07835721
9373,2021-10-31,65402,0.04972401030682949,-0.019669488
9374,2021-10-31,65541,-0.04458530465788524,-0.06361702
9375,2021-10-31,65875,0.01637830047099098,-0.041218005
9376,2021-10-31,65947,0.08529120878682561,-0.09445367
9377,2021-10-31,66093,0.029469351001015776,-0.04161899
9378,2021-10-31,66157,-0.028215994480526807,-0.08082278
9379,2021-10-31,66181,-0.008740014320094858,-0.014836495
9380,2021-10-31,66384,-0.010518053121118531,-0.015314586
9381,2021-10-31,66800,-0.016925153742842647,-0.079422235
9382,2021-10-31,67598,0.004784708377139513,-0.064830594
9383,2021-10-31,69032,0.004525938983353184,-0.06660585
9384,2021-10-31,69649,0.07739246190047977,-0.085227504
9385,2021-10-31,69796,0.10038517777459388,-0.043008607
9386,2021-10-31,70519,-0.05841583020165386,-0.08690617
9387,2021-10-31,70578,-0.14558651713589854,-0.04545466
9388,2021-10-31,71563,-0.0028070504224128046,-0.05761255
9389,2021-10-31,72726,-0.0352176239198051,-0.076532364
9390,2021-10-31,73139,-0.06533216306311185,-0.06606689
9391,2021-10-31,75034,0.10173025725908036,-0.032919202
9392,2021-10-31,75107,-0.10893206330023164,-0.06247976
9393,2021-10-31,75154,-0.1060488331987165,-0.08054144
9394,2021-10-31,75186,0.07150544529696967,-0.08082278
9395,2021-10-31,75241,0.19401100648849567,-0.03290951
9396,2021-10-31,75341,0.03235327273441424,-0.040781207
9397,2021-10-31,75510,-0.17845425639193635,-0.024279557
9398,2021-10-31,75591,-0.029721172234386972,-0.064993545
9399,2021-10-31,75607,0.027113679550480496,-0.060133923
9400,2021-10-31,75819,0.0021856356346965367,-0.085853286
9401,2021-10-31,75825,0.2430507505641426,-0.037835937
9402,2021-10-31,75828,-0.05284298191429215,-0.04196864
9403,2021-10-31,76076,0.0006462196947454313,-0.09289045
9404,2021-10-31,76082,0.042165351303926846,0.043163113
9405,2021-10-31,76095,-0.041874037588498725,-0.065461636
9406,2021-10-31,76185,-0.12779255412074686,-0.045509335
9407,2021-10-31,76201,0.07728074709484423,-0.019394692
9408,2021-10-31,76226,-0.06898993206096127,-0.07015103
9409,2021-10-31,76605,0.1129006133733177,-0.07863863
9410,2021-10-31,76614,-0.048988950556579036,0.038195487
9411,2021-10-31,76709,-0.2384468119249632,-0.09551159
9412,2021-10-31,76712,-0.10583028528437421,-0.047734775
9413,2021-10-31,76744,0.3142855488374223,-0.044167217
9414,2021-10-31,76795,-0.04650105871329269,-0.10104259
9415,2021-10-31,76841,-0.1525376691514252,-0.043388166
9416,2021-10-31,77037,-0.11498449267580702,-0.06951894
9417,2021-10-31,77129,0.0811721206993461,-0.079094395
9418,2021-10-31,77178,0.32621696761236185,-0.039877214
9419,2021-10-31,77274,0.06922868592942577,-0.046577405
9420,2021-10-31,77338,-0.10273783466477171,-0.051060386
9421,2021-10-31,77357,-0.0680754830936775,-0.054144263
9422,2021-10-31,77496,-0.10913547589996886,-0.059966836
9423,2021-10-31,77605,-0.005332389057803533,-0.046480067
9424,2021-10-31,77649,-0.03817512081709551,-0.05194056
9425,2021-10-31,77661,0.0016340652254962507,-0.043986082
9426,2021-10-31,77702,-0.06905412063228622,-0.04138212
9427,2021-10-31,77730,0.14317062728597607,-0.059735227
9428,2021-10-31,78975,-0.11197187344190396,-0.07696092
9429,2021-10-31,78987,0.048671491490177576,-0.08710168
9430,2021-10-31,79057,0.013846932794802314,-0.05269568
9431,2021-10-31,79103,0.04729500283615229,-0.06528647
9432,2021-10-31,79145,-0.07840782823464976,-0.08113224
9433,2021-10-31,79323,-0.01727348063521217,-0.094955735
9434,2021-10-31,79545,-0.02324951558535071,-0.0761892
9435,2021-10-31,79547,0.03380639882046599,-0.08986836
9436,2021-10-31,79637,0.049791852807103965,-0.054815188
9437,2021-10-31,79678,0.010484560827101808,-0.038014553
9438,2021-10-31,79698,-0.11454618677912876,-0.05771928
9439,2021-10-31,79782,0.027895534179919412,-0.091254465
9440,2021-10-31,79785,0.08834431719391467,-0.06793942
9441,2021-10-31,79906,0.1097368350099408,-0.07114749
9442,2021-10-31,80080,0.1507313110227151,-0.0588722
9443,2021-10-31,80100,0.01511270291912381,-0.0657596
9444,2021-10-31,80183,0.017122195994371037,-0.08993776
9445,2021-10-31,80191,-0.11720959785291651,0.013579764
9446,2021-10-31,80204,-0.007972677113935678,-0.041661873
9447,2021-10-31,80286,0.0075168446600293315,-0.07835721
9448,2021-10-31,80320,-0.16768366472584173,-0.05291527
9449,2021-10-31,80381,0.03842799856901169,-0.09014589
9450,2021-10-31,80681,-0.016052077031348366,-0.091829635
9451,2021-10-31,81045,0.014843161062910948,-0.034450226
9452,2021-10-31,81055,-0.02475136611839046,0.027392214
9453,2021-10-31,81061,0.23762459585367823,-0.07297115
9454,2021-10-31,81481,0.21770987652899598,-0.021300863
9455,2021-10-31,81540,0.12030315989175211,-0.063821204
9456,2021-10-31,81655,-0.02229550635267008,-0.09203067
9457,2021-10-31,81677,-0.018962409772733224,-0.08816228
9458,2021-10-31,81696,-0.23545075568961493,-0.096249245
9459,2021-10-31,81736,-0.12910657775087075,-0.07464514
9460,2021-10-31,81774,-0.0099184276958314,0.0005506274
9461,2021-10-31,82303,0.09029653534331894,-0.06628286
9462,2021-10-31,82307,0.049690512412291055,-0.0360285
9463,2021-10-31,82515,-0.0741260535564543,-0.04639
9464,2021-10-31,82581,-0.01375296193383424,-0.075802974
9465,2021-10-31,82598,-0.026046547512655338,-0.06906379
9466,2021-10-31,82642,-0.03696578127317207,-0.07115164
9467,2021-10-31,82651,-0.12904691503028176,-0.09944221
9468,2021-10-31,82686,0.08107786028841746,-0.017500725
9469,2021-10-31,82775,-0.008793724638206712,-0.08326623
9470,2021-10-31,83143,0.01901839844840847,-0.09046889
9471,2021-10-31,83443,0.09063106697966039,-0.066437304
9472,2021-10-31,83621,-0.104247747035488,-0.059445698
9473,2021-10-31,84129,0.08295743617592133,-0.091254465
9474,2021-10-31,84373,-0.07601241638818301,-0.031387057
9475,2021-10-31,84381,-0.09145567855640768,-0.05263774
9476,2021-10-31,84761,-0.09756646614220477,-0.031387057
9477,2021-10-31,84767,-0.040637943617667704,-0.060333498
9478,2021-10-31,84769,0.03929044389749836,-0.06183678
9479,2021-10-31,84788,-0.11296435645249303,0.105548136
9480,2021-10-31,85035,-0.18397448959504958,-0.072351575
9481,2021-10-31,85058,-0.005370588205439675,-0.097829945
9482,2021-10-31,85072,-0.12304306646197727,-0.085227504
9483,2021-10-31,85257,0.03447594777441898,-0.0666058
9484,2021-10-31,85269,0.08724926835677116,-0.07787601
9485,2021-10-31,85348,0.005786293672596976,-0.07295083
9486,2021-10-31,85459,0.08470266433407292,-0.0555501
9487,2021-10-31,85592,0.08604579314933636,-0.021195594
9488,2021-10-31,85621,-0.005536207961347905,-0.078842476
9489,2021-10-31,85631,-0.21353068409434295,-0.04485062
9490,2021-10-31,85663,-0.1556021673315917,-0.0152487
9491,2021-10-31,85753,-0.024654126255949316,-0.06006072
9492,2021-10-31,85792,-0.15250303555566702,-0.055103987
9493,2021-10-31,85913,0.006877205375081852,-0.08013718
9494,2021-10-31,85914,-0.18215470278496848,-0.022925027
9495,2021-10-31,85926,0.14860541286817952,-0.06938903
9496,2021-10-31,86111,-0.10361341757452869,-0.045106463
9497,2021-10-31,86136,0.09172343107207914,-0.046903215
9498,2021-10-31,86158,0.09710082195296255,-0.03227339
9499,2021-10-31,86228,-0.04843474930994285,-0.056351084
9500,2021-10-31,86339,0.019887527240482816,-0.045407936
9501,2021-10-31,86356,-0.21493270498024253,-0.018211624
9502,2021-10-31,86580,-0.04215964154658436,0.06511175
9503,2021-10-31,86783,0.014602702060270367,-0.07633607
9504,2021-10-31,86868,-0.1373792885815449,-0.06798407
9505,2021-10-31,86964,-0.016716851085244677,-0.09335659
9506,2021-10-31,86979,0.1871164958664373,-0.040355045
9507,2021-10-31,86996,-0.05603414313759825,-0.04264975
9508,2021-10-31,87055,0.027646758300633456,-0.013080981
9509,2021-10-31,87137,0.2867691910656234,0.035581075
9510,2021-10-31,87267,-0.12372409187301003,-0.05540718
9511,2021-10-31,87299,0.08619289166395205,-0.06519462
9512,2021-10-31,87432,-0.11418475327357736,-0.090219714
9513,2021-10-31,87445,-0.061863281774438006,-0.07734083
9514,2021-10-31,87447,-0.048114083631956794,-0.014408435
9515,2021-10-31,87541,0.10496648288464305,-0.07443393
9516,2021-10-31,87657,-0.08863077722538892,-0.08553304
9517,2021-10-31,87717,-0.0668009242781551,-0.07980701
9518,2021-10-31,87842,0.07587761936505633,-0.081332296
9519,2021-10-31,88031,0.020232403375732844,-0.050141696
9520,2021-10-31,88352,-0.21308187252764577,-0.07633607
9521,2021-10-31,88446,-0.15959324347954373,-0.07189965
9522,2021-10-31,88661,-0.020483663713297462,-0.1000533
9523,2021-10-31,88664,0.01103607731572187,-0.075334884
9524,2021-10-31,88837,-0.1292361123052692,-0.03801471
9525,2021-10-31,88860,-0.2072669073316672,-0.026900621
9526,2021-10-31,88873,0.05023005709930328,0.043871533
9527,2021-10-31,89003,0.08693872929745461,0.032471623
9528,2021-10-31,89006,0.10943351458037864,-0.05037827
9529,2021-10-31,89017,-0.03108280407385089,-0.01802415
9530,2021-10-31,89070,-0.13882388487279207,-0.060999848
9531,2021-10-31,89071,-0.011984446434601836,-0.07601482
9532,2021-10-31,89179,0.01633453154192388,0.0024881642
9533,2021-10-31,89195,0.09914643944131196,-0.085227504
9534,2021-10-31,89217,0.030852008124707897,-0.06703309
9535,2021-10-31,89258,0.024659924259855526,-0.08064669
9536,2021-10-31,89269,0.09152425117912211,-0.032808397
9537,2021-10-31,89393,-0.3812343433530584,0.06792701
9538,2021-10-31,89508,-0.1880696875458563,-0.08756108
9539,2021-10-31,89525,-0.023158564322186326,-0.068599194
9540,2021-10-31,89533,-0.048442177969945766,-0.049712244
9541,2021-10-31,89617,-0.13087768985583115,-0.04127474
9542,2021-10-31,89626,0.059491633911216146,-0.054603625
9543,2021-10-31,89641,0.21069495568478347,-0.016853267
9544,2021-10-31,89866,0.000895656116929322,-0.085227504
9545,2021-10-31,90038,-0.050466841840528964,-0.05908684
9546,2021-10-31,90071,0.009774514447441263,-0.080368266
9547,2021-10-31,90199,-0.02632693130690844,-0.08326623
9548,2021-10-31,90215,-0.22376575893430972,-0.014571165
9549,2021-10-31,90248,-0.06852226237341097,-0.04240925
9550,2021-10-31,90305,0.010142142939686405,-0.08136907
9551,2021-10-31,90319,-0.08606956905354435,0.061978173
9552,2021-10-31,90373,-0.047810498453950134,-0.038938336
9553,2021-10-31,90386,-0.03682593195783279,-0.05149071
9554,2021-10-31,90454,-0.15570328713905268,-0.07114749
9555,2021-10-31,90505,0.12857412998533913,0.037256315
9556,2021-10-31,90520,-0.035911359667184395,-0.06693597
9557,2021-10-31,90601,-0.14380058120228234,-0.07914813
9558,2021-10-31,90664,-0.3092572658564574,-0.017491387
9559,2021-10-31,90805,0.19069794766279902,-0.020509249
9560,2021-10-31,90808,0.11483807512928346,-0.08760474
9561,2021-10-31,90829,0.2181353454785977,-0.012927476
9562,2021-10-31,90880,0.010946292549599779,-0.08326623
9563,2021-10-31,90979,-0.14253316760321577,-0.07025775
9564,2021-10-31,90993,-0.08300578019357363,-0.021981083
9565,2021-10-31,91041,0.08265012770286573,-0.009988027
9566,2021-10-31,91068,-0.1649500903080724,-0.09436796
9567,2021-10-31,91103,-0.07065436600451225,-0.008522309
9568,2021-10-31,91152,-0.012228749901793234,-0.071968086
9569,2021-10-31,91233,0.15311071494466666,0.035121042
9570,2021-10-31,91547,-0.10167402181437557,-0.06899974
9571,2021-10-31,91556,-0.1343019115655989,-0.043925013
9572,2021-10-31,91668,-0.028556522071748414,-0.05010394
9573,2021-10-31,91849,-0.10434270166241721,-0.05860551
9574,2021-10-31,91926,0.014309575437706279,-0.0035026711
9575,2021-10-31,91937,-0.05963735525800884,-0.034458067
9576,2021-10-31,92121,0.02572301786651021,-0.011577358
9577,2021-10-31,92157,-0.017495748912584763,-0.07482558
9578,2021-10-31,92322,-0.009853413156374335,-0.022072699
9579,2021-10-31,92402,-0.19235304073461523,-0.081332296
9580,2021-10-31,92602,0.10253891699414752,-0.07319656
9581,2021-10-31,92611,0.06985859295269226,0.0352
9582,2021-10-31,92614,-0.07353781033785445,-0.059445698
9583,2021-10-31,92655,0.029590626993256652,0.017882934
9584,2021-10-31,92778,0.21232184685180444,-0.04655973
9585,2021-10-31,93002,0.10895254420767841,-0.0556588
9586,2021-10-31,93089,-0.06604426989263279,-0.045606304
9587,2021-10-31,93096,-0.057185152481965096,-0.046903215
9588,2021-10-31,93132,-0.11625288985472337,-0.061471708
9589,2021-10-31,93429,-0.09831334629711397,-0.085227504
9590,2022-01-31,10104,-0.09206445264721752,-0.091636576
9591,2022-01-31,10107,-0.10574792660514687,0.047341287
9592,2022-01-31,10138,-0.19628055135095424,-0.054979235
9593,2022-01-31,10145,-0.048562279674631115,-0.07511663
9594,2022-01-31,10516,0.20041803577591888,-0.07962483
9595,2022-01-31,10696,-0.07360321955780669,-0.061213277
9596,2022-01-31,10909,0.029713829296754923,-0.044467412
9597,2022-01-31,11308,0.06696860371007296,-0.06622341
9598,2022-01-31,11403,-0.008478563089396984,-0.08746509
9599,2022-01-31,11404,0.08317472321975616,-0.033612564
9600,2022-01-31,11600,-0.24949910598222347,-0.0920087
9601,2022-01-31,11618,-0.013381023251143764,-0.058697518
9602,2022-01-31,11674,0.0957393044958339,-0.08195989
9603,2022-01-31,11762,-0.07963964089877629,-0.08665195
9604,2022-01-31,11786,-0.16485231724387261,-0.07401154
9605,2022-01-31,11850,0.13480055223440912,-0.08867073
9606,2022-01-31,11891,-0.039267953568015934,-0.09892693
9607,2022-01-31,11955,0.09765972647551235,-0.09922759
9608,2022-01-31,12052,0.12094925638293352,-0.09578952
9609,2022-01-31,12060,-0.21020490431501182,-0.07667219
9610,2022-01-31,12062,-0.11453180225335591,-0.06448557
9611,2022-01-31,12073,0.0015493272565507699,-0.083117835
9612,2022-01-31,12308,-0.2778352407483441,-0.07520049
9613,2022-01-31,12345,0.10889469462343926,-0.035418287
9614,2022-01-31,12369,-0.28105317098404636,-0.0698125
9615,2022-01-31,12431,-0.18836616997957212,-0.08758845
9616,2022-01-31,12448,-0.13885808461664417,-0.07555557
9617,2022-01-31,12449,0.04725772528217709,-0.07910215
9618,2022-01-31,12490,0.0019775512564799147,-0.059178893
9619,2022-01-31,12542,0.4263187024144808,-0.087299906
9620,2022-01-31,12558,0.061493201782373275,-0.06481192
9621,2022-01-31,12622,-0.10434239636469056,-0.08498602
9622,2022-01-31,12623,0.14341702179874027,-0.1014684
9623,2022-01-31,12872,0.22516488057034456,-0.087000616
9624,2022-01-31,12981,-0.24089962454507463,-0.090342775
9625,2022-01-31,13035,-0.23094598268768085,-0.092629164
9626,2022-01-31,13103,-0.22096942987582868,-0.05920273
9627,2022-01-31,13323,0.14900176032891066,-0.063920304
9628,2022-01-31,13356,0.034300984111318655,-0.04254853
9629,2022-01-31,13407,-0.3600529463565306,0.06984138
9630,2022-01-31,13447,-0.1838234954764275,-0.06477231
9631,2022-01-31,13586,-0.2001639891364595,-0.10162429
9632,2022-01-31,13641,0.005029510172879892,-0.10722239
9633,2022-01-31,13721,0.08250071421978933,-0.08002688
9634,2022-01-31,13760,-0.03840922589299067,-0.08157423
9635,2022-01-31,13788,-0.11128453236704983,-0.08498602
9636,2022-01-31,13856,-0.003914129376243691,-0.06622341
9637,2022-01-31,13901,0.11089716863160026,-0.058569625
9638,2022-01-31,13911,-0.10988286275510628,-0.084633276
9639,2022-01-31,13928,0.0863754588964285,-0.08811902
9640,2022-01-31,13936,-0.2335891697189031,-0.10280113
9641,2022-01-31,13949,-0.13432639158488324,0.04914426
9642,2022-01-31,13963,-0.10278251664624682,-0.09980247
9643,2022-01-31,13964,-0.10058915451855388,-0.09239786
9644,2022-01-31,14008,0.03551850012833624,-0.060160805
9645,2022-01-31,14277,0.001674556637134561,-0.07578458
9646,2022-01-31,14295,0.30685275878040974,-0.035267018
9647,2022-01-31,14297,-0.06583731698697026,-0.0920087
9648,2022-01-31,14338,0.07015255587771208,-0.08252886
9649,2022-01-31,14541,0.20556521183945464,-0.08867073
9650,2022-01-31,14542,-0.15277830851985497,0.037193015
9651,2022-01-31,14579,-0.16054091295574924,-0.07021892
9652,2022-01-31,14593,-0.09685966463688112,0.067984216
9653,2022-01-31,14702,-0.19993539922593762,-0.06940175
9654,2022-01-31,14714,-0.07030898790616313,-0.07654425
9655,2022-01-31,14763,-0.12864766943893802,-0.09363861
9656,2022-01-31,14776,-0.12626649391326983,-0.09681414
9657,2022-01-31,14889,-0.23450582784584928,-0.08396013
9658,2022-01-31,14939,-0.16911275648799307,-0.06717221
9659,2022-01-31,15069,0.28427723890336964,-0.10031982
9660,2022-01-31,15202,-0.09269180404367383,0.0558989
9661,2022-01-31,15291,-0.4067362311654089,-0.058939938
9662,2022-01-31,15408,0.20347152589266182,-0.07367325
9663,2022-01-31,15488,-0.4885998544556537,-0.06384298
9664,2022-01-31,15579,-0.05148413033898491,-0.073707454
9665,2022-01-31,15707,-0.04941452473357422,-0.06230746
9666,2022-01-31,15720,0.10659898094181419,-0.07464238
9667,2022-01-31,15980,-0.1125690093234002,-0.10593609
9668,2022-01-31,16087,-0.1839718803555901,0.026425017
9669,2022-01-31,16431,0.03337864639524568,-0.07904793
9670,2022-01-31,16600,0.15074527767883983,0.024420837
9671,2022-01-31,16678,0.24358300395464494,-0.03475626
9672,2022-01-31,16692,-0.21759056926755838,-0.07349525
9673,2022-01-31,16851,-0.13565643210093548,-0.060012113
9674,2022-01-31,17005,-0.09273800254755704,-0.08048488
9675,2022-01-31,17144,0.03737500922424419,-0.06254735
9676,2022-01-31,17478,-0.09153660811106812,-0.08856029
9677,2022-01-31,17743,0.18201622047702481,-0.07750672
9678,2022-01-31,17750,0.017605550709377082,-0.059537325
9679,2022-01-31,17830,0.05802784422873519,-0.06464154
9680,2022-01-31,18143,-0.01703988214203589,-0.07986922
9681,2022-01-31,18163,0.006240670569200857,-0.093072
9682,2022-01-31,18411,0.06705532270515824,-0.06467696
9683,2022-01-31,18420,-0.11232377383241265,-0.07328174
9684,2022-01-31,18421,-0.10027151507364485,-0.08549474
9685,2022-01-31,18428,0.12640507572466597,-0.05734655
9686,2022-01-31,18542,0.04990882209669256,-0.06745421
9687,2022-01-31,18592,0.20310334689176157,0.03961947
9688,2022-01-31,18724,-0.002362075941591435,-0.0790288
9689,2022-01-31,18729,-0.060101084708309216,-0.06516049
9690,2022-01-31,19166,0.20566543179812502,-0.0864445
9691,2022-01-31,19285,-0.19430143349002726,-0.086591855
9692,2022-01-31,19286,-0.14468780052201757,-0.052202743
9693,2022-01-31,19350,0.005590116916333043,-0.060862727
9694,2022-01-31,19393,0.1685359346671298,-0.06006845
9695,2022-01-31,19502,-0.13921678511599378,-0.060146593
9696,2022-01-31,19561,-0.25669242144432447,-0.07517915
9697,2022-01-31,19583,-0.18296607922020713,-0.09404487
9698,2022-01-31,20057,-0.3041711929063661,-0.074446216
9699,2022-01-31,20482,-0.10601840636419702,-0.07281021
9700,2022-01-31,21020,0.13964816631517785,-0.081585035
9701,2022-01-31,21178,0.11764867549722857,-0.06101912
9702,2022-01-31,21186,0.0787479359782508,-0.08504154
9703,2022-01-31,21207,0.19956156219887178,-0.058112208
9704,2022-01-31,21371,0.13539606681006466,-0.063924745
9705,2022-01-31,21573,-0.03121059917264668,-0.08277296
9706,2022-01-31,21776,0.14936789039224996,-0.09220842
9707,2022-01-31,21792,0.08616236301653157,-0.07948856
9708,2022-01-31,21936,-0.06870505412719119,-0.08066156
9709,2022-01-31,22103,-0.014034349097676202,-0.07351539
9710,2022-01-31,22111,0.05421762097407967,-0.06910292
9711,2022-01-31,22293,-0.15743747024146015,-0.046471152
9712,2022-01-31,22509,-0.1773598222082473,-0.05801645
9713,2022-01-31,22517,-0.03901249733497836,-0.08195989
9714,2022-01-31,22592,-0.12260250582345233,-0.07537339
9715,2022-01-31,22752,0.09814629111183537,-0.076516636
9716,2022-01-31,22779,-0.07535592974238114,-0.08816777
9717,2022-01-31,23026,0.041902133049644075,-0.08601638
9718,2022-01-31,23229,0.07480483315859443,-0.079883054
9719,2022-01-31,23393,-0.047028291346351114,-0.041086633
9720,2022-01-31,23473,0.046421673463697744,-0.09234774
9721,2022-01-31,23536,0.03923945602648793,0.03644548
9722,2022-01-31,23579,0.017782039531057947,-0.08815693
9723,2022-01-31,23660,0.01723724499659207,-0.08966081
9724,2022-01-31,23712,0.05563831329905167,0.014176088
9725,2022-01-31,23819,0.16308204284329375,-0.05649297
9726,2022-01-31,23931,0.05905806705263106,-0.055700865
9727,2022-01-31,24010,0.07343569374779202,-0.06777033
9728,2022-01-31,24053,0.053878214981328165,-0.08377479
9729,2022-01-31,24109,0.10591909996539517,-0.065156735
9730,2022-01-31,24205,-0.08595182244445898,-0.06881591
9731,2022-01-31,24643,0.09813038015168729,-0.07264392
9732,2022-01-31,24766,0.19243968004297063,-0.074823715
9733,2022-01-31,24985,0.05391743021324191,-0.080204874
9734,2022-01-31,25081,-0.11065670410003736,-0.07307625
9735,2022-01-31,25232,0.05907856768833897,0.022332003
9736,2022-01-31,25320,0.07908073209338373,-0.07467958
9737,2022-01-31,25419,-0.12877244544283217,-0.063924745
9738,2022-01-31,25582,0.11464470092329826,-0.07334251
9739,2022-01-31,25785,-0.2978727192128018,-0.058949932
9740,2022-01-31,25953,-0.2130024923447459,-0.06549016
9741,2022-01-31,26403,-0.21920810632319276,-0.07827269
9742,2022-01-31,26710,0.05438106662638287,-0.0763629
9743,2022-01-31,26825,0.09716733629066976,-0.06777033
9744,2022-01-31,27828,0.004275353301265383,-0.08162567
9745,2022-01-31,27887,-0.1655559490088967,-0.065156735
9746,2022-01-31,27959,0.05900305279752227,-0.071970016
9747,2022-01-31,27991,0.035053456623986845,-0.081170626
9748,2022-01-31,28222,-0.16493964344144352,-0.07590794
9749,2022-01-31,28388,-0.056086347176322326,-0.0963128
9750,2022-01-31,28484,0.12123351121283044,-0.07809352
9751,2022-01-31,28804,-0.0063939642915120665,-0.078161255
9752,2022-01-31,29946,0.002927888177861604,-0.07118011
9753,2022-01-31,30681,0.01941170154106242,-0.07017324
9754,2022-01-31,32870,0.10908722289965023,0.037840813
9755,2022-01-31,32986,0.064382851970892,-0.07707866
9756,2022-01-31,34032,-0.16380536029560966,-0.08276508
9757,2022-01-31,34746,-0.15338821641116773,-0.059818264
9758,2022-01-31,34817,0.5315393240435535,-0.07171648
9759,2022-01-31,34833,0.46574090895361464,-0.079518676
9760,2022-01-31,35044,-0.08979668170108401,-0.07910379
9761,2022-01-31,35554,-0.009727936386263347,-0.07038867
9762,2022-01-31,36003,0.09066040717661994,-0.0902989
9763,2022-01-31,36468,-0.03815777390674313,-0.088144995
9764,2022-01-31,37584,-0.22298716055288892,-0.07264392
9765,2022-01-31,38093,0.07023125275321851,0.026573801
9766,2022-01-31,38156,0.16027075470849494,-0.044486403
9767,2022-01-31,38703,-0.1853568063684793,-0.0880592
9768,2022-01-31,38762,0.013954931054029451,-0.07346084
9769,2022-01-31,39490,0.23610693199361532,-0.10378567
9770,2022-01-31,39642,-0.0014793209404435625,-0.06625418
9771,2022-01-31,39917,0.06214202131584878,0.05006786
9772,2022-01-31,40125,-0.0458783039049967,-0.09833078
9773,2022-01-31,40272,-0.07482553182358442,-0.0659786
9774,2022-01-31,40539,-0.14543765533442488,-0.05841323
9775,2022-01-31,41080,-0.13779434558970616,-0.05276462
9776,2022-01-31,41355,-0.12345744722599394,-0.05900277
9777,2022-01-31,42200,-0.14808294569323555,-0.08942508
9778,2022-01-31,42585,-0.01874430014495554,-0.07346084
9779,2022-01-31,42877,-0.11082001059682578,-0.08516222
9780,2022-01-31,42906,-0.11791462280049325,-0.076840796
9781,2022-01-31,43350,-0.30849263176039576,-0.05166553
9782,2022-01-31,43449,-0.034242858045379854,-0.06679122
9783,2022-01-31,43553,-0.19512225596407928,-0.053776685
9784,2022-01-31,44206,-0.015641718387331638,0.05071774
9785,2022-01-31,44329,-0.07831450069302048,-0.09452283
9786,2022-01-31,44601,-0.11724489977756591,-0.09440584
9787,2022-01-31,44644,0.06350415117631569,-0.08398944
9788,2022-01-31,45356,-0.17173971893946938,-0.07951646
9789,2022-01-31,45751,0.055773159733665256,-0.08665195
9790,2022-01-31,45911,-0.2235530251204304,-0.07872697
9791,2022-01-31,46578,-0.13852136594236586,-0.068784446
9792,2022-01-31,46674,-0.016814426705940133,-0.07990386
9793,2022-01-31,46703,0.17535533245881063,-0.07017324
9794,2022-01-31,46886,-0.1775180839809356,-0.067380145
9795,2022-01-31,47896,-0.19074582172598964,-0.10286136
9796,2022-01-31,48486,-0.20802505551798744,-0.06773289
9797,2022-01-31,48506,-0.0753105472921326,-0.08895819
9798,2022-01-31,48653,0.13466721700636386,-0.06370562
9799,2022-01-31,48725,-0.03736508172296826,-0.06684493
9800,2022-01-31,49015,-0.1344498662408834,-0.089854665
9801,2022-01-31,49154,0.041798511364922186,-0.07726432
9802,2022-01-31,49656,-0.2845478579370062,-0.08103532
9803,2022-01-31,49680,-0.12050909171976354,-0.08261091
9804,2022-01-31,50876,0.1954438581998339,-0.085273415
9805,2022-01-31,51369,-0.10108350578332681,-0.08250896
9806,2022-01-31,52038,0.1000888936740909,-0.064109415
9807,2022-01-31,52090,0.006221285985719804,0.027368385
9808,2022-01-31,52230,-0.12880581839050087,-0.07612523
9809,2022-01-31,52329,0.06634540750674889,-0.093060024
9810,2022-01-31,52476,-0.14959703749665476,-0.070997424
9811,2022-01-31,52695,0.013438563588260344,0.05028808
9812,2022-01-31,52708,-0.20039391200155277,-0.073307976
9813,2022-01-31,52978,-0.04022169769966899,-0.08109916
9814,2022-01-31,53065,-0.07492763570857208,-0.08400217
9815,2022-01-31,53613,-0.1699942081794622,-0.059178893
9816,2022-01-31,54148,-0.20475177376729192,-0.07017324
9817,2022-01-31,55976,0.09850045318293432,-0.1058788
9818,2022-01-31,56274,0.013630525395251114,-0.06411141
9819,2022-01-31,56573,-0.15256933876425383,-0.0742404
9820,2022-01-31,57568,-0.16229729594180642,0.052375197
9821,2022-01-31,57665,-0.1558759088774524,-0.07686641
9822,2022-01-31,57904,-0.08254041077223362,-0.057502944
9823,2022-01-31,58246,-0.11066438840026749,-0.077396825
9824,2022-01-31,58413,-0.07339003866679583,-0.0867984
9825,2022-01-31,58683,0.04378934503361642,-0.05276462
9826,2022-01-31,58819,-0.010682138478774639,-0.08601065
9827,2022-01-31,59176,-0.025648781176326074,-0.087507494
9828,2022-01-31,59248,0.14444869494966772,-0.07666427
9829,2022-01-31,59300,-0.057812256738976164,-0.078760035
9830,2022-01-31,59328,-0.10033954033323811,-0.06745421
9831,2022-01-31,59408,-0.22287774064617571,-0.11268686
9832,2022-01-31,59459,0.03464845026251817,-0.064718686
9833,2022-01-31,60097,0.014377417594593211,-0.08257773
9834,2022-01-31,60206,0.0272976986090796,-0.081299186
9835,2022-01-31,60442,-0.1869220776846795,-0.085846476
9836,2022-01-31,60506,-0.10367635003244824,0.056668025
9837,2022-01-31,60599,-0.16703008227377836,-0.07017324
9838,2022-01-31,60628,-0.18882454944051796,-0.06060401
9839,2022-01-31,60871,-0.054005841262539045,-0.073707454
9840,2022-01-31,60986,0.006947576631888275,-0.081170626
9841,2022-01-31,61241,-0.25146823772327664,0.00022390514
9842,2022-01-31,61399,-0.16364422515025412,-0.081013046
9843,2022-01-31,61516,-0.14617999089704825,-0.09481312
9844,2022-01-31,61621,0.07617068202118071,-0.0862992
9845,2022-01-31,61735,0.04380728133368339,-0.08860544
9846,2022-01-31,62092,-0.048303227557446426,-0.07483754
9847,2022-01-31,62148,0.006430237600356881,-0.07568651
9848,2022-01-31,62308,-0.03927593008182351,-0.08652472
9849,2022-01-31,62498,-0.19838016678876502,-0.07446685
9850,2022-01-31,64186,0.0760500995361284,-0.05841323
9851,2022-01-31,64282,-0.05309831957585953,-0.098177746
9852,2022-01-31,64311,-0.04761522237343485,-0.07537339
9853,2022-01-31,64390,-0.011120311894863844,-0.05803507
9854,2022-01-31,64653,0.042012916489704955,-0.083136655
9855,2022-01-31,64936,0.020517774745296036,-0.06796053
9856,2022-01-31,64995,-0.2234566690143749,-0.09821786
9857,2022-01-31,65402,-0.231835188674674,-0.079464905
9858,2022-01-31,65541,-0.09354502697952627,-0.08058113
9859,2022-01-31,65875,-0.11962059731015695,-0.07196056
9860,2022-01-31,65947,0.05592873632963413,-0.07615361
9861,2022-01-31,66093,-0.020730361095777528,-0.065785356
9862,2022-01-31,66157,-0.15853533926582142,-0.081966236
9863,2022-01-31,66181,-0.1765239868481715,-0.11654343
9864,2022-01-31,66384,0.02570427184251778,-0.0752586
9865,2022-01-31,66800,0.01858556670663769,-0.08715965
9866,2022-01-31,67598,-0.06372690375073176,-0.07261448
9867,2022-01-31,69032,-0.20746637977926952,-0.08193978
9868,2022-01-31,69649,-0.07656247612388445,-0.07349525
9869,2022-01-31,69796,0.0383723965297218,-0.0548965
9870,2022-01-31,70519,-0.24607075937960776,-0.075130485
9871,2022-01-31,70578,-0.1033853828378899,-0.07619763
9872,2022-01-31,71563,-0.22462264634336326,-0.06745421
9873,2022-01-31,72726,-0.28668801507716946,-0.06388068
9874,2022-01-31,73139,-0.024862607608622467,-0.07537339
9875,2022-01-31,75034,0.13812542027871366,-0.055168275
9876,2022-01-31,75107,-0.031395261054728785,-0.087722704
9877,2022-01-31,75154,-0.12670578373933516,-0.074991904
9878,2022-01-31,75186,-0.24204241610915045,-0.07971922
9879,2022-01-31,75241,0.07954822243182114,-0.087766275
9880,2022-01-31,75341,-0.0475277272142125,-0.073121965
9881,2022-01-31,75510,-0.2589354254511309,-0.08040043
9882,2022-01-31,75591,-0.11891943299571306,-0.0920087
9883,2022-01-31,75607,-0.032988901804384296,-0.0763629
9884,2022-01-31,75819,0.05534971855591819,-0.06798929
9885,2022-01-31,75825,0.06281990121766823,-0.08101167
9886,2022-01-31,75828,-0.10890168695280278,-0.058821544
9887,2022-01-31,76076,-0.11408622332046658,-0.08367202
9888,2022-01-31,76082,0.3428069992354239,-0.068488255
9889,2022-01-31,76095,0.024913669305831387,-0.07934505
9890,2022-01-31,76185,-0.16692303775334505,-0.09867435
9891,2022-01-31,76226,-0.12360732313668232,-0.06027378
9892,2022-01-31,76230,-0.07566542839842205,-0.092629164
9893,2022-01-31,76605,-0.01554995403944559,-0.078576855
9894,2022-01-31,76614,0.08300921362184965,-0.07537339
9895,2022-01-31,76709,-0.15142967394866147,-0.08736589
9896,2022-01-31,76712,-0.07243847329085173,-0.094415225
9897,2022-01-31,76744,0.1241298725644211,-0.059207167
9898,2022-01-31,76795,-0.2739259045480671,-0.06601584
9899,2022-01-31,76841,-0.08212632219955274,-0.049867935
9900,2022-01-31,77037,-0.07133741279062056,-0.067924164
9901,2022-01-31,77129,0.05239620545087109,-0.07307625
9902,2022-01-31,77178,-0.20203148185825737,-0.056651503
9903,2022-01-31,77274,-0.12514693964112622,-0.06060401
9904,2022-01-31,77338,0.07632528887660706,-0.075799726
9905,2022-01-31,77357,-0.07636237421270231,-0.084633276
9906,2022-01-31,77496,-0.10648075024988968,-0.10152386
9907,2022-01-31,77605,-0.018413680828049617,-0.065778255
9908,2022-01-31,77649,0.00030981179062483655,-0.081506
9909,2022-01-31,77661,-0.2179573425389939,-0.06698873
9910,2022-01-31,77702,-0.2369416673291006,-0.07537339
9911,2022-01-31,77730,0.030063049634070138,0.05263153
9912,2022-01-31,78975,-0.2447456587509541,-0.086894356
9913,2022-01-31,78987,-0.15552673576541887,-0.057124663
9914,2022-01-31,79057,0.05044988703477582,-0.07461831
9915,2022-01-31,79103,-0.06935342573396241,-0.078991435
9916,2022-01-31,79145,-0.0010279837305796624,-0.07718233
9917,2022-01-31,79323,0.055820022057124774,-0.05525542
9918,2022-01-31,79545,-0.15660674067476255,-0.094081596
9919,2022-01-31,79547,-0.07503589430966706,0.034805715
9920,2022-01-31,79637,-0.056590635862018734,-0.08194999
9921,2022-01-31,79678,-0.03747220458430589,-0.051773667
9922,2022-01-31,79698,-0.011367349491496759,-0.09684185
9923,2022-01-31,79782,-0.03150243123015417,-0.09056477
9924,2022-01-31,79785,-0.1785166545495207,-0.06798929
9925,2022-01-31,79906,0.008473574955940144,-0.07017324
9926,2022-01-31,80080,-0.13053157969277662,-0.06475038
9927,2022-01-31,80100,-0.18839033743639388,-0.08066029
9928,2022-01-31,80183,-0.043363484302264554,-0.074265786
9929,2022-01-31,80191,-0.12467686986776882,-0.07454883
9930,2022-01-31,80204,-0.08822098708771864,-0.09964628
9931,2022-01-31,80286,-0.07325340776877953,-0.09734105
9932,2022-01-31,80320,-0.12069996348697065,0.0007011582
9933,2022-01-31,80381,-0.06270670729864158,0.039951187
9934,2022-01-31,80681,-0.0034693798534366493,-0.0904679
9935,2022-01-31,81045,0.01016800371011839,-0.063937485
9936,2022-01-31,81055,-0.1474181086986761,-0.085846476
9937,2022-01-31,81061,0.20808999227097558,-0.08139143
9938,2022-01-31,81481,0.2379977404195961,-0.050438635
9939,2022-01-31,81540,0.11443654975246931,0.047119614
9940,2022-01-31,81655,-0.04997352628853147,-0.08058113
9941,2022-01-31,81677,0.012991925032476814,-0.090342775
9942,2022-01-31,81696,-0.09203835891514367,-0.10381057
9943,2022-01-31,81736,-0.12375028347402728,-0.0037996792
9944,2022-01-31,81774,0.0927703984298145,-0.08443984
9945,2022-01-31,82303,-0.025278321851677554,-0.0763629
9946,2022-01-31,82307,-5.514364683767425e-07,-0.07222101
9947,2022-01-31,82515,-0.1476545270261188,-0.083496295
9948,2022-01-31,82581,0.07702279103785625,-0.09133307
9949,2022-01-31,82598,-0.14790619246940306,-0.080170475
9950,2022-01-31,82642,-0.15139368408320797,-0.08498602
9951,2022-01-31,82651,-0.05341499161272478,-0.09666223
9952,2022-01-31,82686,-0.018049870455104533,-0.060142137
9953,2022-01-31,82775,-0.02160417838577111,-0.076964706
9954,2022-01-31,83143,0.1851461606957674,-0.07612523
9955,2022-01-31,83443,0.03133957107796714,-0.09230633
9956,2022-01-31,83621,-0.18917169371291032,-0.0064432914
9957,2022-01-31,84129,-0.1624800412366122,-0.075763755
9958,2022-01-31,84373,-0.0038464204364813126,-0.08043092
9959,2022-01-31,84381,-0.1227269590617539,-0.070331156
9960,2022-01-31,84761,-0.26833486427890385,-0.06285693
9961,2022-01-31,84767,-0.05975869735995143,-0.062819645
9962,2022-01-31,84769,-0.09927974745408952,-0.078991435
9963,2022-01-31,84788,-0.169094013670405,0.06980932
9964,2022-01-31,85035,-0.17118325042552052,-0.0946391
9965,2022-01-31,85058,0.05711004615980442,-0.06798929
9966,2022-01-31,85072,-0.05293452611613059,-0.10577304
9967,2022-01-31,85257,-0.07528725683253057,0.05155567
9968,2022-01-31,85269,0.35881830595286934,-0.08042776
9969,2022-01-31,85348,-0.06087623603780157,-0.05949881
9970,2022-01-31,85459,0.019770292682963264,-0.0739657
9971,2022-01-31,85592,0.02727721368398317,-0.07934419
9972,2022-01-31,85621,-0.13251439420750122,0.06435359
9973,2022-01-31,85631,-0.24224314883501652,-0.077207066
9974,2022-01-31,85663,-0.011242375421736228,-0.09440669
9975,2022-01-31,85753,-0.17722614901985834,-0.081506
9976,2022-01-31,85792,0.12967761015935642,-0.09949612
9977,2022-01-31,85913,0.10178798178475446,-0.08066029
9978,2022-01-31,85914,-0.08592654277259104,-0.0799995
9979,2022-01-31,85926,-0.05167594719178614,-0.0922164
9980,2022-01-31,86111,-0.03645177401404298,-0.07520049
9981,2022-01-31,86136,0.17633870888919856,-0.056737285
9982,2022-01-31,86158,-0.049938702695972226,-0.05734655
9983,2022-01-31,86228,0.05542974879763296,0.008072183
9984,2022-01-31,86339,0.023423179485361878,-0.073558725
9985,2022-01-31,86356,-0.13209558086417728,-0.05920273
9986,2022-01-31,86580,-0.2424200549897022,-0.046361707
9987,2022-01-31,86783,-0.10008207400023439,-0.06745421
9988,2022-01-31,86868,-0.13343917626988622,-0.08895819
9989,2022-01-31,86964,-0.1936738232130366,-0.07832136
9990,2022-01-31,86979,-0.08914706970789055,-0.07963808
9991,2022-01-31,86996,0.06890943228092228,-0.072818466
9992,2022-01-31,87055,0.05591860856550013,-0.07989589
9993,2022-01-31,87137,0.1698993943005982,-0.082081735
9994,2022-01-31,87267,-0.23560012098865568,-0.07717953
9995,2022-01-31,87299,-0.019817237642063446,-0.07036465
9996,2022-01-31,87432,-0.1425801980900291,-0.07516085
9997,2022-01-31,87445,0.024013260582289586,-0.08496192
9998,2022-01-31,87447,-0.10347208398967933,-0.08665195
9999,2022-01-31,87541,0.07705912815192129,-0.071478605
10000,2022-01-31,87657,-0.03131801844844162,-0.08647906
10001,2022-01-31,87717,-0.13460656508228652,-0.08516222
10002,2022-01-31,87842,-0.013755607650243085,-0.060564376
10003,2022-01-31,88031,-0.011994848285080129,-0.064718686
10004,2022-01-31,88352,-0.15793100842036434,-0.08996763
10005,2022-01-31,88446,-0.1495620238876295,-0.052793182
10006,2022-01-31,88661,-0.12709706248220887,-0.08483798
10007,2022-01-31,88664,0.1327428113514042,-0.07264392
10008,2022-01-31,88837,-0.11258267246551956,-0.093554035
10009,2022-01-31,88860,-0.4142756141313556,-0.05296007
10010,2022-01-31,88873,-0.08427244099433118,-0.058235735
10011,2022-01-31,89003,-0.16889879898924864,-0.060862727
10012,2022-01-31,89006,-0.03267935825082524,-0.06361403
10013,2022-01-31,89017,-0.07850020551282888,-0.05087423
10014,2022-01-31,89070,0.003646152359273458,-0.043050975
10015,2022-01-31,89071,-0.147986309615442,-0.08534429
10016,2022-01-31,89179,0.14131838402659014,-0.081013046
10017,2022-01-31,89195,-0.058325334797087236,-0.073897235
10018,2022-01-31,89217,-0.1314904215418342,-0.073846795
10019,2022-01-31,89258,-0.017346038297451516,-0.07936647
10020,2022-01-31,89269,0.03587742168305108,-0.06919649
10021,2022-01-31,89393,-0.554339748962065,0.073755525
10022,2022-01-31,89508,-0.22838960040704326,-0.09256401
10023,2022-01-31,89525,-0.20016015928282316,-0.07499581
10024,2022-01-31,89533,-0.17518998011218156,-0.07550084
10025,2022-01-31,89617,-0.0037616738647598957,-0.07726432
10026,2022-01-31,89626,-0.04011803295693517,-0.06060401
10027,2022-01-31,89641,-0.22853348336916324,-0.101544775
10028,2022-01-31,89866,-0.09105150500280523,-0.092078805
10029,2022-01-31,90038,0.19739448257586933,-0.09755346
10030,2022-01-31,90071,-0.09215708874996653,-0.080631934
10031,2022-01-31,90199,-0.18057938011123642,0.033066146
10032,2022-01-31,90215,-0.24369165575906604,-0.07376795
10033,2022-01-31,90248,-0.2544545387624929,-0.09603615
10034,2022-01-31,90305,-0.033812102195973526,0.051379293
10035,2022-01-31,90319,-0.156642954118139,0.054746248
10036,2022-01-31,90373,-0.011829427408006632,-0.074306704
10037,2022-01-31,90386,0.5657164100864531,-0.097882874
10038,2022-01-31,90454,-0.23330488412327643,-0.08863978
10039,2022-01-31,90505,-0.19109578072920252,-0.04236175
10040,2022-01-31,90520,-0.047269005962542354,-0.08163245
10041,2022-01-31,90601,-0.11902136075840164,-0.071144365
10042,2022-01-31,90664,-0.05087234068138746,-0.06959284
10043,2022-01-31,90805,-0.12468628652182534,-0.05680097
10044,2022-01-31,90808,-0.04659441126500674,-0.059818264
10045,2022-01-31,90829,0.411884257704632,-0.09922216
10046,2022-01-31,90880,-0.12444876698694507,-0.059818264
10047,2022-01-31,90979,-0.18428034221795286,-0.10280113
10048,2022-01-31,90993,-0.08302282968666985,-0.07491135
10049,2022-01-31,91041,-0.042276753914579523,-0.0986487
10050,2022-01-31,91068,-0.020174339586468082,-0.077207066
10051,2022-01-31,91103,0.17770698373675464,-0.075365886
10052,2022-01-31,91152,-0.0346917304024984,0.037354566
10053,2022-01-31,91233,-0.05820799469311899,-0.09096472
10054,2022-01-31,91547,0.16124894766426068,-0.09177059
10055,2022-01-31,91556,0.024353818871553523,-0.053556465
10056,2022-01-31,91668,-0.3883604748457046,-0.08201034
10057,2022-01-31,91849,-0.09073357149643757,-0.09056533
10058,2022-01-31,91926,0.08414508926921571,-0.041692823
10059,2022-01-31,91937,0.13839455920264587,-0.07258914
10060,2022-01-31,92121,-0.024592208949031025,-0.058286864
10061,2022-01-31,92157,-0.1244523847971698,-0.08014179
10062,2022-01-31,92322,0.09088406321193143,-0.09607663
10063,2022-01-31,92402,-0.21272061354614036,-0.08961488
10064,2022-01-31,92602,-0.014394803428044556,-0.05736176
10065,2022-01-31,92611,-0.05609192418672804,-0.0929991
10066,2022-01-31,92614,-0.03807908472829025,0.026474854
10067,2022-01-31,92655,0.07936898527649916,-0.10873331
10068,2022-01-31,92778,-0.10713139785200432,-0.07214308
10069,2022-01-31,93002,-0.04729563218467392,-0.07989589
10070,2022-01-31,93089,0.04211542017556735,-0.05166553
10071,2022-01-31,93096,0.1421116772823321,-0.07264077
10072,2022-01-31,93132,-0.027685699803567942,-0.0698013
10073,2022-01-31,93429,-0.042925396776968494,-0.10235397
10074,2022-01-31,93436,-0.07041732387918842,0.08124214
10075,2022-04-30,10104,0.06523017010519738,-0.096688434
10076,2022-04-30,10107,0.014069196353924784,-0.01916935
10077,2022-04-30,10138,0.014673699045931077,-0.08168675
10078,2022-04-30,10145,-0.00037420579618796523,-0.07897933
10079,2022-04-30,10516,-0.07164369589713315,-0.09182403
10080,2022-04-30,10696,0.07924685565593048,-0.07898387
10081,2022-04-30,11308,0.0005689754110911327,-0.09571271
10082,2022-04-30,11403,0.2335436686962915,-0.09432772
10083,2022-04-30,11404,0.07926615017354388,-0.09245483
10084,2022-04-30,11600,-0.09262877182207696,-0.04012401
10085,2022-04-30,11618,-0.06538277889573385,-0.093209185
10086,2022-04-30,11674,0.0019021268074117526,-0.09149027
10087,2022-04-30,11762,0.029083698505688593,-0.09558485
10088,2022-04-30,11786,-0.17244496321456515,-0.071666054
10089,2022-04-30,11850,0.14860045289663293,-0.09601513
10090,2022-04-30,11891,-0.20242795001799352,-0.058195032
10091,2022-04-30,11955,0.004810093434121088,-0.09182403
10092,2022-04-30,12052,-0.036228368360527896,-0.09456737
10093,2022-04-30,12060,-0.007393424347347355,-0.07777571
10094,2022-04-30,12062,0.0944256496790461,-0.07875471
10095,2022-04-30,12084,0.0813526363159891,-0.08007406
10096,2022-04-30,12308,0.008426155593234341,-0.07777571
10097,2022-04-30,12345,-0.10947484634253679,-0.07569329
10098,2022-04-30,12369,-0.043525100045662346,-0.07944916
10099,2022-04-30,12431,0.05580396780823693,-0.08007406
10100,2022-04-30,12448,0.0922664837575582,-0.08138638
10101,2022-04-30,12449,-0.11794682585272409,-0.0450727
10102,2022-04-30,12490,0.0013957545332858867,-0.08075622
10103,2022-04-30,12542,-0.10456604838435701,-0.065250404
10104,2022-04-30,12558,0.006472795600927617,-0.08940845
10105,2022-04-30,12622,-0.006879594992723281,-0.090628885
10106,2022-04-30,12623,0.024961586079980336,-0.015869323
10107,2022-04-30,12872,0.05667108583139879,-0.09182403
10108,2022-04-30,12981,-0.01812087549994512,-0.05795704
10109,2022-04-30,13035,0.14746101532565636,-0.012181156
10110,2022-04-30,13103,-0.014193521477445237,-0.08095137
10111,2022-04-30,13323,0.7607193286474043,-0.082690805
10112,2022-04-30,13356,0.03642878549767703,-0.08529059
10113,2022-04-30,13407,-0.20636785574031868,0.06372779
10114,2022-04-30,13447,-0.06576217253026084,-0.083825596
10115,2022-04-30,13586,-0.032368171296448645,-0.03611097
10116,2022-04-30,13641,0.038871250625294174,-0.06834558
10117,2022-04-30,13721,-0.013789343352535677,-0.09149466
10118,2022-04-30,13760,-0.3934070683936286,-0.049119845
10119,2022-04-30,13788,0.031799359993025744,-0.09373586
10120,2022-04-30,13856,0.025960535916509375,-0.094809234
10121,2022-04-30,13901,-0.1953834819437209,-0.094903216
10122,2022-04-30,13911,0.10220818033674672,-0.072060406
10123,2022-04-30,13928,0.03221862607759829,-0.06797282
10124,2022-04-30,13936,-0.14876742975476753,0.10527
10125,2022-04-30,13949,0.11595778890083563,-0.09228992
10126,2022-04-30,13963,-0.13695781440230126,-0.025942303
10127,2022-04-30,13964,-0.1320975057623729,0.08404133
10128,2022-04-30,14008,0.06968056282793555,-0.0797033
10129,2022-04-30,14277,-0.04714440805624598,-0.088903934
10130,2022-04-30,14295,-0.15116327710168143,0.08963764
10131,2022-04-30,14297,-0.07098701695659804,-0.025789503
10132,2022-04-30,14338,-0.1743907053114434,-0.0904185
10133,2022-04-30,14541,0.05421607832758646,-0.07300799
10134,2022-04-30,14542,0.014558278082499543,0.05458333
10135,2022-04-30,14579,0.17415493652454983,-0.051587436
10136,2022-04-30,14593,0.032336923340164914,-0.019481886
10137,2022-04-30,14702,-0.03730123977652122,-0.0698505
10138,2022-04-30,14714,0.009172469642760639,-0.06653198
10139,2022-04-30,14763,0.24889669237764633,-0.0523335
10140,2022-04-30,14776,-0.08421688699899677,-0.0470927
10141,2022-04-30,14882,-0.310652964551851,-0.047695357
10142,2022-04-30,14889,-0.026757085855143914,-0.06685302
10143,2022-04-30,14939,0.15919004940348613,-0.0942685
10144,2022-04-30,15069,-0.002009493484943059,-0.057692945
10145,2022-04-30,15202,-0.03806141182808087,-0.08527758
10146,2022-04-30,15291,0.11299932089235099,0.041417602
10147,2022-04-30,15408,-0.12672825587752357,-0.064689815
10148,2022-04-30,15488,-0.015920810662967244,0.016570972
10149,2022-04-30,15579,0.06476377304662484,-0.093749456
10150,2022-04-30,15707,-0.06813534102539243,-0.06716648
10151,2022-04-30,15720,-0.004012957810229589,-0.068827584
10152,2022-04-30,16087,0.1221625920246614,-0.0769469
10153,2022-04-30,16431,0.20980095455357528,-0.028375125
10154,2022-04-30,16600,0.014134058976503994,-0.09245483
10155,2022-04-30,16678,-0.13603012085812527,-0.08940845
10156,2022-04-30,16692,0.13336173743822766,-0.037976783
10157,2022-04-30,16851,-0.06168426328480103,-0.08172746
10158,2022-04-30,17005,0.0011914714600924636,-0.099974796
10159,2022-04-30,17144,0.0649661843046696,-0.09505235
10160,2022-04-30,17478,0.003557900074960818,-0.095951565
10161,2022-04-30,17743,-0.051258582651858564,-0.04191166
10162,2022-04-30,17750,-0.04207111441091549,-0.073277384
10163,2022-04-30,17830,-0.011929490645325336,-0.08940845
10164,2022-04-30,18143,-0.028527685646924317,-0.08941084
10165,2022-04-30,18163,-0.12917132636495643,-0.06878597
10166,2022-04-30,18411,0.05736400383917317,-0.0902429
10167,2022-04-30,18420,-0.0761724721107101,0.025419882
10168,2022-04-30,18421,-0.07039670102301876,-0.023020107
10169,2022-04-30,18428,-0.19173822711949606,-0.07702897
10170,2022-04-30,18542,-0.05207830811481584,-0.06761734
10171,2022-04-30,18592,0.00015958363382173602,-0.09245483
10172,2022-04-30,18724,0.10201698247811408,0.037452247
10173,2022-04-30,18729,0.028283238810764333,-0.07897933
10174,2022-04-30,19166,-0.15765359379390675,-0.040133126
10175,2022-04-30,19285,0.06362142732686538,-0.09708204
10176,2022-04-30,19286,0.07745756469545384,-0.08105267
10177,2022-04-30,19350,-0.08761456606102513,-0.08756536
10178,2022-04-30,19393,-0.012921501079938502,-0.092976026
10179,2022-04-30,19502,-0.05457811941571533,-0.081615545
10180,2022-04-30,19561,0.0703448014708219,-0.077413194
10181,2022-04-30,19583,-0.024600307025940182,-0.060444694
10182,2022-04-30,20057,-0.05227992933239212,-0.022340339
10183,2022-04-30,20482,-0.03679412656271652,-0.07971926
10184,2022-04-30,21020,-0.26958014926171103,-0.04496746
10185,2022-04-30,21178,-0.036281021584025686,-0.09245483
10186,2022-04-30,21186,-0.14050721212785544,0.03677297
10187,2022-04-30,21207,-0.3733648430680139,-0.09034933
10188,2022-04-30,21371,0.03574370777766567,-0.035644945
10189,2022-04-30,21573,-0.06706116315466093,-0.014130523
10190,2022-04-30,21776,0.0011173865476690192,-0.09182403
10191,2022-04-30,21792,0.041021692268880194,-0.06310344
10192,2022-04-30,21936,0.04569800065251117,-0.099420145
10193,2022-04-30,22103,0.004996510737762527,-0.08536357
10194,2022-04-30,22111,-0.02682700477080746,-0.018453583
10195,2022-04-30,22293,0.052529156157120394,-0.07933867
10196,2022-04-30,22509,0.014843177210222658,-0.07817224
10197,2022-04-30,22517,0.03631354348814675,-0.09219468
10198,2022-04-30,22592,0.003276132308164037,-0.07707455
10199,2022-04-30,22752,0.015554376242516321,-0.09463661
10200,2022-04-30,22779,0.12086145184496777,-0.10064958
10201,2022-04-30,23026,-0.04231356187043356,-0.09017416
10202,2022-04-30,23229,0.007400252901280435,-0.06101811
10203,2022-04-30,23393,-0.0958872526167166,-0.10076196
10204,2022-04-30,23473,-0.2015651887852622,0.013182796
10205,2022-04-30,23536,0.045069078957822084,-0.08177485
10206,2022-04-30,23579,-0.051844539564203984,0.019745553
10207,2022-04-30,23660,0.07376920512623952,-0.09113872
10208,2022-04-30,23712,-0.04969438737428178,-0.090873696
10209,2022-04-30,23819,-0.17499451304388858,-0.062966436
10210,2022-04-30,23931,0.0063013842121164565,-0.07569329
10211,2022-04-30,24010,-0.0230575576982448,-0.077423096
10212,2022-04-30,24053,0.014680299632604088,0.037410088
10213,2022-04-30,24109,0.0022317396498705566,-0.09182403
10214,2022-04-30,24205,0.19619443541762216,-0.096688434
10215,2022-04-30,24643,0.08883312972920843,0.03651338
10216,2022-04-30,24766,0.09390001306260554,-0.09182403
10217,2022-04-30,24985,0.008677180273376273,-0.059541207
10218,2022-04-30,25081,-0.04179731286031119,-0.0730415
10219,2022-04-30,25232,-0.0419243468043744,-0.08940845
10220,2022-04-30,25320,0.05310397934728561,0.04586905
10221,2022-04-30,25419,-0.03795194764929455,-0.05715511
10222,2022-04-30,25582,0.03800553127783002,-0.08940845
10223,2022-04-30,25785,0.037430580954813,-0.10309153
10224,2022-04-30,25953,0.006577518551967865,-0.073610835
10225,2022-04-30,26403,-0.049540199261203566,-0.078847036
10226,2022-04-30,26710,-0.07213841893900586,0.03584531
10227,2022-04-30,26825,0.08809676140061362,-0.07864724
10228,2022-04-30,27828,-0.08266394283115042,-0.07647649
10229,2022-04-30,27887,-0.17127556656089526,-0.08007406
10230,2022-04-30,27959,0.006942917640594848,-0.09456737
10231,2022-04-30,27991,0.04381906310070516,-0.008001663
10232,2022-04-30,28222,0.06764257845131927,-0.08007406
10233,2022-04-30,28388,-0.2034584196086644,-0.04259146
10234,2022-04-30,28484,0.09461019042817465,-0.09034933
10235,2022-04-30,28804,-0.1849653446661632,-0.03492297
10236,2022-04-30,29946,0.10367508442751472,-0.0008726384
10237,2022-04-30,30681,-0.07342442634454793,-0.045186322
10238,2022-04-30,32870,-0.05306437764669725,-0.0069424203
10239,2022-04-30,32986,0.07697854036682195,-0.01987261
10240,2022-04-30,34032,0.05620451684465011,-0.04437758
10241,2022-04-30,34746,-0.08288793343340461,-0.0942685
10242,2022-04-30,34817,-0.11849912022053133,-0.065382026
10243,2022-04-30,34833,0.19588781362047714,-0.061125796
10244,2022-04-30,35044,0.030135636812401723,-0.06614501
10245,2022-04-30,35554,0.07197499226953807,-0.08843416
10246,2022-04-30,36003,0.15339348448247137,0.039930165
10247,2022-04-30,36468,-0.11805570790427988,-0.07946228
10248,2022-04-30,37584,0.1302174046445188,0.018374614
10249,2022-04-30,38093,0.06561579891152891,-0.09034933
10250,2022-04-30,38156,0.006039965616582155,-0.09182403
10251,2022-04-30,38703,0.011116824810162296,-0.09523305
10252,2022-04-30,38762,0.05215011868239161,-0.048011687
10253,2022-04-30,39490,-0.08845440013484629,-0.058625102
10254,2022-04-30,39642,-0.008277347396254076,-0.08286432
10255,2022-04-30,39917,-0.11477966495917546,-0.07602913
10256,2022-04-30,40125,0.10104770756716253,-0.03877352
10257,2022-04-30,40272,0.02961311222524876,-0.07971926
10258,2022-04-30,40539,0.003393054713673571,-0.081615545
10259,2022-04-30,41080,0.1781754857113269,-0.08065099
10260,2022-04-30,41355,0.07290974828686214,-0.07971926
10261,2022-04-30,42200,0.045235887053125756,-0.052242745
10262,2022-04-30,42585,-0.027055765482486116,0.034515213
10263,2022-04-30,42877,0.0751849861287941,-0.06855696
10264,2022-04-30,42906,0.023877660675408086,-0.038136374
10265,2022-04-30,43350,-0.18460909415178006,-0.041480593
10266,2022-04-30,43449,0.06290401773551024,-0.095056765
10267,2022-04-30,43553,-0.1318976478181968,-0.041095916
10268,2022-04-30,44206,0.016595218661942912,-0.0754327
10269,2022-04-30,44329,-0.15708543094852478,-0.042941786
10270,2022-04-30,44601,0.05917596304899031,-0.03833314
10271,2022-04-30,44644,0.11047298537756012,-0.08940845
10272,2022-04-30,45356,-0.09287541533957255,-0.095469356
10273,2022-04-30,45751,0.017756373535878556,-0.08940845
10274,2022-04-30,45911,-0.033746379678346705,-0.050786477
10275,2022-04-30,46578,-0.0033262666321779433,-0.036589358
10276,2022-04-30,46674,0.1831614572941802,0.044731338
10277,2022-04-30,46703,-0.12147482225153583,-0.05762312
10278,2022-04-30,46886,0.20509478860242103,-0.092549644
10279,2022-04-30,47896,-0.024928505083621988,-0.083657674
10280,2022-04-30,48486,0.07819464472886661,-0.07093066
10281,2022-04-30,48506,-0.017261240577889914,-0.095951565
10282,2022-04-30,48653,0.08603974225977984,-0.064353965
10283,2022-04-30,48725,-0.024164190355699722,-0.0998057
10284,2022-04-30,49015,-0.13836051675505923,-0.039499946
10285,2022-04-30,49154,-0.28247116951526674,-0.08594807
10286,2022-04-30,49656,0.04223367792567312,-0.09388856
10287,2022-04-30,49680,0.1617714431936521,-0.10179491
10288,2022-04-30,50876,0.13237007439642223,-0.092969365
10289,2022-04-30,51369,-0.042272362737809877,-0.044636644
10290,2022-04-30,52038,-0.0010399467819975916,-0.064689815
10291,2022-04-30,52090,-0.12753600391006514,-0.060737576
10292,2022-04-30,52230,-0.19097308684658387,-0.06270524
10293,2022-04-30,52329,-0.00568708876854207,0.037788093
10294,2022-04-30,52476,0.028575425897625184,-0.09109283
10295,2022-04-30,52695,0.09090783000056146,-0.091115035
10296,2022-04-30,52708,0.11669418606746862,-0.055795204
10297,2022-04-30,52978,-0.09811427489000357,-0.026377074
10298,2022-04-30,53065,-0.07576099955171767,-0.03517525
10299,2022-04-30,53613,-0.09106696372486178,-0.08168675
10300,2022-04-30,54148,0.04810524704881147,-0.044792995
10301,2022-04-30,55976,-0.13370854093064544,-0.0369122
10302,2022-04-30,56274,-0.02061432956508935,-0.03510045
10303,2022-04-30,56573,0.06114666502504518,-0.08007406
10304,2022-04-30,57568,-0.092818015771442,-0.0807222
10305,2022-04-30,57665,-0.07610194667412506,-0.0904447
10306,2022-04-30,57904,0.007339831530231322,-0.10333558
10307,2022-04-30,58246,-0.025355475159438035,-0.033384442
10308,2022-04-30,58413,-0.08762837878967378,-0.03282762
10309,2022-04-30,58683,-0.18407352373769859,-0.06380303
10310,2022-04-30,58819,0.04342540901510983,0.035394438
10311,2022-04-30,59176,-0.11511910427781158,-0.096242055
10312,2022-04-30,59248,0.11138532004243218,0.042556223
10313,2022-04-30,59300,-0.08268462524339404,0.020671375
10314,2022-04-30,59328,-0.16019316585713184,-0.08039405
10315,2022-04-30,59408,-0.046987099700310564,-0.09583658
10316,2022-04-30,59459,-0.06722647879181853,-0.09113872
10317,2022-04-30,60097,-0.10665411010616066,-0.0676286
10318,2022-04-30,60206,0.06136546242263452,-0.009474928
10319,2022-04-30,60442,0.00857375615442435,-0.09013378
10320,2022-04-30,60506,0.10645904484512281,-0.09192106
10321,2022-04-30,60599,0.10415570392756845,-0.04431838
10322,2022-04-30,60628,0.1783854555444888,-0.08095137
10323,2022-04-30,60871,0.11892925977817059,-0.09279956
10324,2022-04-30,60986,-0.1178204582839123,-0.015869323
10325,2022-04-30,61241,0.10465434306979882,0.023484048
10326,2022-04-30,61399,-0.025970614039789175,-0.09362036
10327,2022-04-30,61516,0.09999246689757957,-0.047754
10328,2022-04-30,61621,0.018996574928207055,-0.08940845
10329,2022-04-30,61735,0.012533331789724711,-0.09158995
10330,2022-04-30,62092,0.0829117677361797,-0.088658705
10331,2022-04-30,62148,-0.05559257760932834,-0.08871179
10332,2022-04-30,62308,0.02914055681405303,-0.028161328
10333,2022-04-30,62498,0.09111429416793237,-0.08414801
10334,2022-04-30,64186,0.12057626621172801,-0.064353965
10335,2022-04-30,64282,-0.324611120326478,-0.049598932
10336,2022-04-30,64311,-0.021318711970284787,-0.09257526
10337,2022-04-30,64390,0.07261059276418047,-0.09201486
10338,2022-04-30,64653,-0.07983482184486135,-0.092079595
10339,2022-04-30,64936,0.012194345024573616,-0.0845102
10340,2022-04-30,64995,-0.0429797178228436,-0.060482465
10341,2022-04-30,65402,0.08780745334840989,-0.040811826
10342,2022-04-30,65541,-0.09419377375149596,-0.036016017
10343,2022-04-30,65875,0.01021751463741749,-0.07971926
10344,2022-04-30,65947,-0.04261123703350911,-0.08940845
10345,2022-04-30,66093,0.00903942871164376,-0.078062035
10346,2022-04-30,66157,-0.018314145648137825,-0.08007406
10347,2022-04-30,66181,0.008205137851790889,-0.078999236
10348,2022-04-30,66384,-0.0748053935616193,-0.04149148
10349,2022-04-30,66800,-0.10975475482957564,-0.09113872
10350,2022-04-30,67598,-0.1496368876151306,0.025343655
10351,2022-04-30,69032,0.05580780979072797,-0.09362036
10352,2022-04-30,69649,0.014206542885478513,-0.07085073
10353,2022-04-30,69796,0.004054971687127429,-0.06977155
10354,2022-04-30,70519,0.0871193693490957,-0.07817224
10355,2022-04-30,70578,-0.02127160724551369,-0.07898387
10356,2022-04-30,71563,0.054630048265802644,-0.08058906
10357,2022-04-30,72726,0.07058241982999625,-0.07681073
10358,2022-04-30,73139,-0.10678216610620284,-0.0894464
10359,2022-04-30,75034,-0.16781487492105884,-0.06815455
10360,2022-04-30,75107,0.022435785293295707,0.0023345724
10361,2022-04-30,75154,-0.4762999782824333,-0.04434417
10362,2022-04-30,75186,0.04421792869633934,-0.09073408
10363,2022-04-30,75241,0.04613684538160778,-0.068394385
10364,2022-04-30,75341,0.1486143874929049,-0.039376
10365,2022-04-30,75510,0.03578613754955495,-0.08168675
10366,2022-04-30,75591,0.10693636513851379,0.029000122
10367,2022-04-30,75607,-0.015429789341838918,0.03333463
10368,2022-04-30,75819,-0.023390587819693942,-0.08151314
10369,2022-04-30,75825,-0.02677291242377533,-0.07080997
10370,2022-04-30,75828,0.11314424305811444,-0.07971926
10371,2022-04-30,75912,0.08029020563674893,0.022656292
10372,2022-04-30,76076,-0.06531349689567345,-0.096688434
10373,2022-04-30,76082,0.08444931622760166,-0.0725424
10374,2022-04-30,76095,-0.00847401595401398,-0.047965843
10375,2022-04-30,76185,0.010873204315014595,-0.007356093
10376,2022-04-30,76226,-0.1801726324230637,-0.02043539
10377,2022-04-30,76230,0.040925448937473075,0.017882146
10378,2022-04-30,76605,0.09302764167495803,-0.09412053
10379,2022-04-30,76614,-0.11746414510987735,-0.08940845
10380,2022-04-30,76709,-0.07270819722532507,-0.08168675
10381,2022-04-30,76712,0.09588853273158482,-0.052906245
10382,2022-04-30,76744,0.026315087855335095,-0.09349128
10383,2022-04-30,76795,-0.032381844142427396,-0.056572895
10384,2022-04-30,76841,0.03673346836257507,-0.077665985
10385,2022-04-30,77037,0.08475999068153417,-0.08932893
10386,2022-04-30,77129,-0.11926254322838414,0.032167338
10387,2022-04-30,77178,0.04400656947764525,-0.08607059
10388,2022-04-30,77274,0.019628815218591944,-0.07971926
10389,2022-04-30,77338,-0.06932353802811564,-0.076693125
10390,2022-04-30,77357,0.2814230997851197,-0.09747393
10391,2022-04-30,77496,-0.08918094610934246,-0.039481625
10392,2022-04-30,77605,-0.02516867055274863,-0.08870682
10393,2022-04-30,77649,0.009191316888709222,-0.021675395
10394,2022-04-30,77661,0.12488265563215295,-0.07271745
10395,2022-04-30,77702,0.1438162867823103,-0.08095137
10396,2022-04-30,77730,-0.0504315641827201,-0.09258974
10397,2022-04-30,78975,0.09117964558987102,-0.09073408
10398,2022-04-30,78987,0.06055544977679084,-0.08386786
10399,2022-04-30,79057,-0.0822551255341103,-0.09023771
10400,2022-04-30,79103,0.1599877995429584,-0.09000372
10401,2022-04-30,79145,-0.5019931585472488,-0.05286367
10402,2022-04-30,79323,-0.06976903088882458,-0.082096756
10403,2022-04-30,79545,0.048659416495069996,-0.035293773
10404,2022-04-30,79547,-0.02979040447196102,-0.10064958
10405,2022-04-30,79637,-0.08063090361181613,-0.041564874
10406,2022-04-30,79678,0.057537705704135966,-0.080464475
10407,2022-04-30,79698,-0.08628165170117374,-0.09547054
10408,2022-04-30,79782,-0.05358724154400807,0.032710698
10409,2022-04-30,79785,0.003860721979762838,0.030057296
10410,2022-04-30,79906,0.03628584281490488,-0.013908917
10411,2022-04-30,80080,-0.05826777597675359,-0.024037372
10412,2022-04-30,80100,-0.06481011849110663,-0.09789192
10413,2022-04-30,80183,-0.04852972099803532,-0.099494144
10414,2022-04-30,80191,0.26903900393272906,-0.099685036
10415,2022-04-30,80204,-0.00425424881054548,-0.093200095
10416,2022-04-30,80286,-0.04436380379715177,-0.099685036
10417,2022-04-30,80320,0.12714393747988284,-0.088974215
10418,2022-04-30,80381,-0.051855552049253295,-0.1004587
10419,2022-04-30,80563,-0.055234694280115626,0.05802015
10420,2022-04-30,80681,-0.12250162353799132,-0.019016888
10421,2022-04-30,81045,0.07809027445962546,-0.08224515
10422,2022-04-30,81055,-0.11413859131026938,-0.08235093
10423,2022-04-30,81061,0.10483649840371112,-0.074278235
10424,2022-04-30,81481,0.017915088516009314,-0.09182403
10425,2022-04-30,81540,-0.0325249938351051,-0.09139322
10426,2022-04-30,81655,-0.045211294521012246,-0.039692286
10427,2022-04-30,81677,0.04138693373316071,0.027752379
10428,2022-04-30,81696,-0.39074034055719276,-0.03459596
10429,2022-04-30,81736,0.20541969014639028,-0.08664657
10430,2022-04-30,81774,-0.21730212746217226,-0.08365536
10431,2022-04-30,82303,-0.04290545134847035,0.033378776
10432,2022-04-30,82307,-0.22340072372515374,-0.028746942
10433,2022-04-30,82515,-0.11512200567973008,-0.055400386
10434,2022-04-30,82581,-0.027988317702761667,0.036907867
10435,2022-04-30,82598,-0.018699773494467387,-0.055661384
10436,2022-04-30,82642,0.036698126017915556,-0.07933867
10437,2022-04-30,82651,0.20134080380429964,-0.051398575
10438,2022-04-30,82686,0.013086737456097453,0.04697965
10439,2022-04-30,82775,-0.07318028036288715,-0.085558824
10440,2022-04-30,83143,-0.08571865211617724,0.016681377
10441,2022-04-30,83443,-0.06885832159161176,-0.050044987
10442,2022-04-30,83621,0.011971920126752966,-0.07681116
10443,2022-04-30,84129,-0.027765964220928918,-0.058381956
10444,2022-04-30,84373,0.02543552077816047,-0.048035905
10445,2022-04-30,84381,0.015881507888865665,-0.09441065
10446,2022-04-30,84761,0.11062272570900333,-0.03395262
10447,2022-04-30,84767,-0.08249185182378627,-0.10113348
10448,2022-04-30,84769,0.0821682071725558,-0.09639473
10449,2022-04-30,84788,0.08583807825313627,0.008231957
10450,2022-04-30,85035,-0.08534039994906228,-0.03692074
10451,2022-04-30,85058,-0.21638961456702488,0.034854427
10452,2022-04-30,85072,-0.046818185155655834,0.08790883
10453,2022-04-30,85257,-0.020047003439148448,-0.07971926
10454,2022-04-30,85269,0.0017160013810539887,-0.09208575
10455,2022-04-30,85348,0.0523300686306134,-0.09031864
10456,2022-04-30,85459,0.04819733463930653,-0.05848734
10457,2022-04-30,85592,-0.16731974062525734,-0.09449518
10458,2022-04-30,85621,0.05651583592350318,-0.093265556
10459,2022-04-30,85631,0.14285719404446828,-0.06751176
10460,2022-04-30,85663,0.019427832691025326,-0.083926916
10461,2022-04-30,85753,0.058588174754643285,-0.06921983
10462,2022-04-30,85792,0.19682824766670137,-0.057904616
10463,2022-04-30,85913,-0.10372720498049826,-0.08757624
10464,2022-04-30,85914,-0.13303996949156183,-0.05303965
10465,2022-04-30,85926,-0.04500625614861831,-0.038730353
10466,2022-04-30,86111,0.13054525710941367,-0.0813533
10467,2022-04-30,86136,0.03549637342036882,-0.090039246
10468,2022-04-30,86158,-0.15672541178553057,-0.097553425
10469,2022-04-30,86228,0.036322672565028746,-0.09245483
10470,2022-04-30,86339,-0.015490184151000896,-0.07898042
10471,2022-04-30,86356,-0.059136731816331944,-0.093940355
10472,2022-04-30,86580,-0.020495225787983573,0.0061176056
10473,2022-04-30,86783,-0.12424495562181426,-0.07971926
10474,2022-04-30,86868,0.09800480184942839,-0.08235093
10475,2022-04-30,86964,-0.000297495032173023,-0.06847926
10476,2022-04-30,86979,-0.1046355819760808,-0.084331416
10477,2022-04-30,86996,-0.03042753168611434,-0.09182403
10478,2022-04-30,87055,0.019719235289089365,-0.09149466
10479,2022-04-30,87137,0.09897673440407373,-0.06302018
10480,2022-04-30,87267,0.07901426332160932,-0.08168675
10481,2022-04-30,87299,-0.1430318943376715,-0.048492093
10482,2022-04-30,87432,0.12632219066279937,-0.08172746
10483,2022-04-30,87445,-0.093037052446445,-0.05915288
10484,2022-04-30,87447,0.09208543775269074,-0.09441065
10485,2022-04-30,87541,-0.12015844468114745,0.03394588
10486,2022-04-30,87657,-0.04953656945863438,-0.08994894
10487,2022-04-30,87717,0.07907127957180382,-0.040768046
10488,2022-04-30,87842,-0.029663682194459695,-0.092541106
10489,2022-04-30,88031,0.16269712905333655,-0.07069303
10490,2022-04-30,88352,-0.03815006518919817,-0.08521236
10491,2022-04-30,88446,-0.26957528071963033,-0.08168675
10492,2022-04-30,88661,0.02883270124507442,-0.043067005
10493,2022-04-30,88664,0.09882486855609485,0.035647903
10494,2022-04-30,88837,-0.103439863045649,-0.063845776
10495,2022-04-30,88860,-0.030836187138280513,-0.012311676
10496,2022-04-30,88873,-0.10519650715097906,-0.06220845
10497,2022-04-30,89003,0.03521071053734559,-0.06729348
10498,2022-04-30,89006,-0.0012224905064929237,-0.088069305
10499,2022-04-30,89017,-0.032908485927576225,-0.07875471
10500,2022-04-30,89070,-0.08377985990402226,-0.0702537
10501,2022-04-30,89071,0.023277795086548148,-0.102096125
10502,2022-04-30,89179,-0.04696532231874684,-0.09182403
10503,2022-04-30,89195,-0.008831965257251273,-0.031713445
10504,2022-04-30,89217,-0.021310275451839833,-0.060070142
10505,2022-04-30,89258,-0.0676120895989496,-0.09365899
10506,2022-04-30,89269,0.15419099711783457,-0.09113872
10507,2022-04-30,89393,0.18144724082702623,0.09288397
10508,2022-04-30,89508,0.16041319101190776,-0.040827893
10509,2022-04-30,89525,-0.049940937699967436,-0.08095137
10510,2022-04-30,89533,-0.09931743338857713,-0.04141885
10511,2022-04-30,89617,-0.016646669953176096,-0.08410458
10512,2022-04-30,89626,-0.08595047597146965,-0.09860971
10513,2022-04-30,89641,-0.015464010118977134,-0.040047087
10514,2022-04-30,89866,0.11048787341393407,0.027008746
10515,2022-04-30,90038,-0.029916622795160164,-0.017154908
10516,2022-04-30,90071,0.061283291158451325,-0.03830287
10517,2022-04-30,90199,0.031073386653920787,-0.096954495
10518,2022-04-30,90215,0.045924461115521176,-0.0698505
10519,2022-04-30,90248,0.16347165581016299,-0.054198943
10520,2022-04-30,90305,0.00689723807730136,-0.097645156
10521,2022-04-30,90319,0.019370759263651616,0.05867671
10522,2022-04-30,90373,-0.08467499987996674,-0.07109257
10523,2022-04-30,90386,-0.15420339820741213,-0.062001184
10524,2022-04-30,90454,0.02991081097862769,-0.028389554
10525,2022-04-30,90455,0.18705092729757822,-0.06179687
10526,2022-04-30,90505,0.06378554123386371,-0.06412335
10527,2022-04-30,90520,-0.1954865847534698,-0.032603107
10528,2022-04-30,90601,0.15403665273529743,-0.09572388
10529,2022-04-30,90664,-0.1964354875238623,-0.0992845
10530,2022-04-30,90808,-0.3931334221454157,-0.091108285
10531,2022-04-30,90829,-0.010038384035529702,-0.058830533
10532,2022-04-30,90880,0.021448548429837455,-0.10064958
10533,2022-04-30,90993,-0.11577773951888093,-0.09975552
10534,2022-04-30,91041,-0.10383090649004856,-0.09831994
10535,2022-04-30,91068,0.07461662376766509,-0.08741598
10536,2022-04-30,91103,-0.27228033227875614,-0.045702543
10537,2022-04-30,91152,0.046286403306402324,-0.09458648
10538,2022-04-30,91233,-0.02491635851553642,-0.079322666
10539,2022-04-30,91547,0.03751555765778858,0.026777312
10540,2022-04-30,91556,-0.18242162102310222,-0.0687981
10541,2022-04-30,91849,0.11922396055325812,0.025201926
10542,2022-04-30,91926,-0.2609811708897475,-0.06548067
10543,2022-04-30,91937,0.16176365110548252,-0.066788085
10544,2022-04-30,92121,-0.09689787577897224,-0.07719498
10545,2022-04-30,92157,0.0766242986387371,-0.07971926
10546,2022-04-30,92322,-0.019884824181749305,-0.09082292
10547,2022-04-30,92402,0.14571159039053794,-0.09205739
10548,2022-04-30,92602,-0.016200718753909493,-0.084336445
10549,2022-04-30,92611,-0.002862376854332105,-0.079322666
10550,2022-04-30,92614,0.013351697214222247,-0.09421975
10551,2022-04-30,92655,0.07030454376615247,-0.033088613
10552,2022-04-30,93002,-0.026252081288489104,-0.100429825
10553,2022-04-30,93089,-0.06579925421351052,-0.09113872
10554,2022-04-30,93096,0.0482270726747116,-0.07736052
10555,2022-04-30,93132,0.0319727285899114,-0.06775248
10556,2022-04-30,93246,0.22299551200554446,-0.02368284
10557,2022-04-30,93429,0.09674221594753618,0.022871634
10558,2022-04-30,93436,0.023756864259521837,-0.063757636
10559,2022-07-31,10104,0.008098217900681881,-0.06157803
10560,2022-07-31,10107,-0.1713873126277381,0.034004614
10561,2022-07-31,10138,-0.13117344485202898,-0.03131145
10562,2022-07-31,10145,0.06530088313954985,-0.0684254
10563,2022-07-31,10516,0.17709480065289784,-0.07436238
10564,2022-07-31,10696,-0.027823101672399764,-0.054603327
10565,2022-07-31,11308,-0.06042601671035375,-0.10993075
10566,2022-07-31,11403,-0.18642596464340422,-0.048070475
10567,2022-07-31,11404,-0.10693358335763248,-0.10991365
10568,2022-07-31,11600,-0.14402150711853867,-0.08759048
10569,2022-07-31,11618,-0.05274200931101236,-0.105977036
10570,2022-07-31,11674,-0.1337409763825086,-0.11417696
10571,2022-07-31,11762,0.01680347038429808,-0.060799524
10572,2022-07-31,11786,-0.42767738046106807,0.019710705
10573,2022-07-31,11850,0.15398734715348117,-0.04132713
10574,2022-07-31,11891,0.08685224031363181,-0.116366625
10575,2022-07-31,11955,-0.034010467767300434,-0.10767534
10576,2022-07-31,12052,0.10825428278283877,-0.10486639
10577,2022-07-31,12060,0.05407658080574551,-0.029498374
10578,2022-07-31,12062,-0.1514126823998344,-0.051081058
10579,2022-07-31,12084,-0.20135882635058755,0.0311983
10580,2022-07-31,12308,-0.1492290994040032,-0.027759451
10581,2022-07-31,12345,-0.13041071029693552,-0.076382495
10582,2022-07-31,12369,0.08495006099975777,0.00012519187
10583,2022-07-31,12431,0.09063122471976204,0.007297138
10584,2022-07-31,12448,-0.2601716672866824,-0.07522063
10585,2022-07-31,12449,-0.15434729782414547,-0.10004356
10586,2022-07-31,12490,0.07081839001058343,-0.106779814
10587,2022-07-31,12542,0.17082790485232002,-0.11503548
10588,2022-07-31,12558,0.02294962615296159,-0.04962348
10589,2022-07-31,12622,0.026515084161297997,-0.02658555
10590,2022-07-31,12623,0.19132184016396403,-0.11939697
10591,2022-07-31,12872,0.24702211912784988,-0.0026911017
10592,2022-07-31,12981,-0.1307133533040793,-0.1018662
10593,2022-07-31,13035,0.11667002294016515,-0.09361766
10594,2022-07-31,13103,-0.1317571294236649,-0.05337432
10595,2022-07-31,13323,0.08030432730093917,-0.032138895
10596,2022-07-31,13356,0.18444354747511693,-0.046903554
10597,2022-07-31,13407,-0.41445644654791947,0.02460846
10598,2022-07-31,13447,-0.05803104408394122,-0.029894523
10599,2022-07-31,13586,-0.11676689886537606,-0.10080142
10600,2022-07-31,13641,0.2564906710243062,0.033826835
10601,2022-07-31,13721,0.030204122505785413,-0.109720275
10602,2022-07-31,13760,0.39012704216347194,0.07545888
10603,2022-07-31,13788,-0.17225367350754384,-0.10960496
10604,2022-07-31,13856,0.04474259821620552,-0.10895698
10605,2022-07-31,13901,0.07869308142254261,-0.10982667
10606,2022-07-31,13911,-0.12735839033692153,-0.058282476
10607,2022-07-31,13928,0.31773992246570226,-0.059264135
10608,2022-07-31,13949,-0.045456106179660005,-0.11438814
10609,2022-07-31,13963,-0.0099043970761713,-0.09971738
10610,2022-07-31,13964,-0.0028851696996148313,-0.078656845
10611,2022-07-31,14008,0.10091205973903006,-0.10679193
10612,2022-07-31,14277,0.41165297927894917,-0.07518648
10613,2022-07-31,14295,0.3025706754157216,0.06836526
10614,2022-07-31,14297,-0.004433566114949938,-0.100404836
10615,2022-07-31,14338,0.0573008737391385,-0.05542518
10616,2022-07-31,14541,0.11439340486637173,-0.09724867
10617,2022-07-31,14542,-0.18844133298418742,0.07545611
10618,2022-07-31,14579,0.046933025928407535,-0.09454879
10619,2022-07-31,14593,-0.05511238022522247,0.0843869
10620,2022-07-31,14702,-0.16478171149948306,-0.035214994
10621,2022-07-31,14714,0.036268152955687194,-0.07979028
10622,2022-07-31,14763,-0.41883371871085573,-0.10989146
10623,2022-07-31,14776,0.06899609504273152,0.023883177
10624,2022-07-31,14882,-0.04289756141118939,0.004639105
10625,2022-07-31,14889,0.08920917314346433,-0.111769654
10626,2022-07-31,14939,0.07103390067070392,-0.113662936
10627,2022-07-31,15069,0.23208555585713597,0.0875368
10628,2022-07-31,15202,-0.0076372537532930496,-0.10004356
10629,2022-07-31,15291,-0.09458259950386527,0.037845828
10630,2022-07-31,15408,0.05535104922200773,-0.056517612
10631,2022-07-31,15488,-0.034092392480355116,-0.0029879245
10632,2022-07-31,15579,-0.0951716215536953,-0.0615093
10633,2022-07-31,15707,0.011059492670103754,-0.12245849
10634,2022-07-31,15720,-0.10327218073560962,-0.11865352
10635,2022-07-31,16087,-0.007444836929758836,-0.0931896
10636,2022-07-31,16431,0.0856330388292752,-0.11205185
10637,2022-07-31,16600,0.05212617502615302,-0.06892143
10638,2022-07-31,16678,0.02391205947879471,-0.06849208
10639,2022-07-31,16692,0.014427524305406392,-0.11796716
10640,2022-07-31,16851,-0.06581583174929972,-0.08030085
10641,2022-07-31,17005,-0.004258881426831951,-0.1094174
10642,2022-07-31,17144,0.09864693619243403,-0.048157576
10643,2022-07-31,17478,-0.14581284225683955,-0.06572254
10644,2022-07-31,17743,0.19137530229387822,-0.08963634
10645,2022-07-31,17750,-0.04689100835536231,-0.05800697
10646,2022-07-31,17830,0.023178542950097913,-0.10727517
10647,2022-07-31,18143,-0.011268500946487792,-0.111680135
10648,2022-07-31,18163,-0.023550744471356966,-0.112136975
10649,2022-07-31,18312,-0.08385928384895636,0.012644453
10650,2022-07-31,18411,-0.14098480370823074,-0.10714474
10651,2022-07-31,18420,-0.12168626972906516,-0.12223252
10652,2022-07-31,18421,-0.11278689650577745,-0.12223252
10653,2022-07-31,18428,-0.10962385073487935,-0.05670688
10654,2022-07-31,18542,0.09874075033433338,-0.11141856
10655,2022-07-31,18592,0.13818703546221878,-0.107040964
10656,2022-07-31,18724,-0.09692194190612546,-0.10895785
10657,2022-07-31,18729,-0.05595360754892875,-0.10791476
10658,2022-07-31,19166,0.07554097704590768,-0.123400375
10659,2022-07-31,19285,-0.015110559877613228,-0.077555336
10660,2022-07-31,19286,-0.09306381003986919,-0.06889408
10661,2022-07-31,19350,0.15721240088775712,-0.10212549
10662,2022-07-31,19393,0.05808420281248372,-0.10832524
10663,2022-07-31,19502,-0.06718330395986993,-0.06348531
10664,2022-07-31,19561,-0.10545556056246541,-0.01707999
10665,2022-07-31,19583,-0.12765555084206714,-0.1018771
10666,2022-07-31,20057,0.057767833724672535,-0.06480089
10667,2022-07-31,20482,-0.08678843564068606,-0.11412524
10668,2022-07-31,21020,0.034280408022387965,0.048254337
10669,2022-07-31,21124,-0.1671993028451274,-0.10801399
10670,2022-07-31,21178,0.18392931768723741,-0.112136975
10671,2022-07-31,21186,-0.191150601582028,-0.10494974
10672,2022-07-31,21207,-0.05323492799695395,-0.04821126
10673,2022-07-31,21371,0.28381637450526864,-0.11338526
10674,2022-07-31,21573,-0.20600339994521755,-0.10585539
10675,2022-07-31,21776,-0.1638582121163228,-0.048681725
10676,2022-07-31,21792,-0.09218912375023114,-0.12122521
10677,2022-07-31,21936,-0.07839783901496233,-0.105186425
10678,2022-07-31,22103,-0.03286507336500033,-0.045399323
10679,2022-07-31,22111,0.0035703019703552386,-0.06285315
10680,2022-07-31,22293,-0.11802421464743529,-0.08336048
10681,2022-07-31,22509,-0.11256932781366069,-0.06609459
10682,2022-07-31,22517,-0.0821427128848512,-0.11340904
10683,2022-07-31,22592,-0.11280750653572302,-0.045615148
10684,2022-07-31,22752,0.14174778201411486,-0.10895698
10685,2022-07-31,22779,0.050017754543720594,-0.11811073
10686,2022-07-31,23026,-0.0732478177227106,-0.120501034
10687,2022-07-31,23229,-0.16437768325987678,-0.11944511
10688,2022-07-31,23393,-0.15480170667392568,-0.116010375
10689,2022-07-31,23473,0.06877085846261832,-0.079513654
10690,2022-07-31,23536,-0.11408442028077237,-0.12107707
10691,2022-07-31,23579,0.042980652292462285,-0.12245849
10692,2022-07-31,23660,0.007500839558959305,-0.08331818
10693,2022-07-31,23712,-0.13939256342418715,-0.11578728
10694,2022-07-31,23819,0.24805908068242766,0.04079529
10695,2022-07-31,23931,-0.10451494260470895,-0.07498858
10696,2022-07-31,24010,-0.06144818308465916,-0.11807384
10697,2022-07-31,24053,-0.09722877582926004,-0.12030262
10698,2022-07-31,24109,-0.10103332316785651,-0.0813829
10699,2022-07-31,24205,-0.07825511117374317,-0.078557625
10700,2022-07-31,24643,-0.04203909534330097,-0.117483735
10701,2022-07-31,24766,0.15048618966395066,-0.08961199
10702,2022-07-31,24985,-0.11896705504900773,-0.116545744
10703,2022-07-31,25081,-0.08576796626675987,-0.122808896
10704,2022-07-31,25232,0.008616572239127818,-0.10697945
10705,2022-07-31,25320,0.08047451437350883,-0.11314406
10706,2022-07-31,25419,-0.192006455570918,-0.08671509
10707,2022-07-31,25582,0.032143003204654796,-0.0696539
10708,2022-07-31,25785,-0.08104519689089706,-0.050319146
10709,2022-07-31,25953,-0.01844972649198162,-0.09478681
10710,2022-07-31,26403,0.0041460417182088705,-0.04277922
10711,2022-07-31,26710,-0.02007342228830533,-0.11384393
10712,2022-07-31,26825,0.04766227425838099,-0.073090404
10713,2022-07-31,27828,-0.16513696244651566,-0.056028944
10714,2022-07-31,27887,-0.06874571324741785,-0.08122488
10715,2022-07-31,27959,-0.14451995827921726,-0.109884016
10716,2022-07-31,27991,-0.0734344392506715,-0.116272
10717,2022-07-31,28222,0.015762508973395928,-0.081561506
10718,2022-07-31,28388,-0.2088851869821713,-0.09895836
10719,2022-07-31,28484,0.25824797744889016,-0.04513429
10720,2022-07-31,28804,0.002927899180310334,-0.08435041
10721,2022-07-31,29946,-0.0813962632035512,-0.10712515
10722,2022-07-31,30681,0.05281358811126369,-0.12245849
10723,2022-07-31,32870,-0.05312201307082842,-0.11177543
10724,2022-07-31,32986,-0.1171932489430434,-0.12122521
10725,2022-07-31,34032,-0.16022452837075407,-0.11380455
10726,2022-07-31,34746,0.05678021397506772,-0.1091538
10727,2022-07-31,34817,-0.02795079558638891,-0.055231176
10728,2022-07-31,34833,0.10637082318165758,-0.006186283
10729,2022-07-31,35044,0.04604717589612539,-0.117384925
10730,2022-07-31,35554,-0.04490710756162286,-0.10825691
10731,2022-07-31,36003,0.09395192560213994,-0.11796716
10732,2022-07-31,36468,-0.06764779192169545,-0.056945067
10733,2022-07-31,37584,-0.13456068780044794,-0.095409274
10734,2022-07-31,38093,0.04813105813550855,-0.11882953
10735,2022-07-31,38156,-0.027143245908206493,-0.070941314
10736,2022-07-31,38703,0.05567624468030985,-0.10935176
10737,2022-07-31,38762,-0.14726233040648962,-0.120527804
10738,2022-07-31,39490,0.23039171823787874,0.108616106
10739,2022-07-31,39642,-0.030912331577127805,-0.08380841
10740,2022-07-31,39917,-0.14390309845124127,-0.08527141
10741,2022-07-31,40125,-0.09019260271028107,-0.092572734
10742,2022-07-31,40272,-0.2066137649100782,-0.093293086
10743,2022-07-31,40539,0.18439514690265435,-0.06404206
10744,2022-07-31,41080,0.11236840101024392,-0.0632684
10745,2022-07-31,41355,0.010132487532688694,-0.011321752
10746,2022-07-31,42200,-0.12741099952534818,-0.09984318
10747,2022-07-31,42585,0.14736233629452777,-0.11654788
10748,2022-07-31,42877,-0.06450702799921726,-0.11874051
10749,2022-07-31,42906,0.15512639857720578,-0.10765982
10750,2022-07-31,43350,-0.18604635955858217,0.052146368
10751,2022-07-31,43449,0.04094042282406196,-0.10679193
10752,2022-07-31,43553,-0.36043603484745745,-0.06607753
10753,2022-07-31,44206,-0.12899520240099194,-0.1170838
10754,2022-07-31,44329,-0.10652866237822456,-0.09194057
10755,2022-07-31,44601,-0.10614988307106155,-0.10170812
10756,2022-07-31,44644,0.0067182188309573565,-0.09037891
10757,2022-07-31,45356,0.0803109680159404,0.008385299
10758,2022-07-31,45751,-0.011373955916390566,-0.10956528
10759,2022-07-31,45911,-0.20535790834337941,-0.06783272
10760,2022-07-31,46578,0.03826574406042971,-0.07786137
10761,2022-07-31,46674,0.17011134585249477,-0.1110822
10762,2022-07-31,46703,0.06813456727384115,-0.12408005
10763,2022-07-31,46886,-0.1721078842937006,-0.045266636
10764,2022-07-31,47896,0.10107932824387222,-0.06963071
10765,2022-07-31,48486,-0.187947407701181,-0.02285287
10766,2022-07-31,48506,-0.14439952855884963,-0.0152775785
10767,2022-07-31,48653,0.159701467248887,-0.09213896
10768,2022-07-31,48725,-0.12768048032525758,-0.11281106
10769,2022-07-31,49015,0.05914370757549925,-0.10562942
10770,2022-07-31,49154,0.01134750234622417,-0.031762954
10771,2022-07-31,49656,-0.022378592305153155,-0.09525412
10772,2022-07-31,49680,-0.1357265430841652,-0.085750416
10773,2022-07-31,50876,0.10176641694078437,-0.090662055
10774,2022-07-31,51369,-0.19264393483703246,-0.08642405
10775,2022-07-31,52038,0.02637260585602985,-0.06542599
10776,2022-07-31,52090,-0.0951789467296168,-0.11654788
10777,2022-07-31,52230,-0.02857604145503756,-0.11546098
10778,2022-07-31,52329,-0.15904559014024655,-0.11381714
10779,2022-07-31,52476,-0.18666987001236734,-0.09162028
10780,2022-07-31,52695,0.07842397957407843,-0.10935921
10781,2022-07-31,52708,-0.04593592841699656,0.014886756
10782,2022-07-31,52978,-0.1622218397049886,-0.11828761
10783,2022-07-31,53065,0.007785010215005883,-0.10585539
10784,2022-07-31,53613,-0.12354098289472482,-0.043376107
10785,2022-07-31,54148,-0.07972277276076623,-0.09923016
10786,2022-07-31,55976,0.08249403753192452,-0.111035325
10787,2022-07-31,56274,0.08316568334525076,-0.11114186
10788,2022-07-31,56573,0.035092672290969684,-0.040643692
10789,2022-07-31,57568,-0.3248842746794429,-0.120238826
10790,2022-07-31,57665,-0.1911991305007622,-0.030138941
10791,2022-07-31,57904,0.1436777440800332,-0.11693886
10792,2022-07-31,58246,-0.14823033219125703,-0.1215685
10793,2022-07-31,58413,-0.05192942998784411,-0.11602307
10794,2022-07-31,58683,-0.04643015678950824,0.039276816
10795,2022-07-31,58819,-0.13678178177440337,-0.119682394
10796,2022-07-31,59176,-0.03261940190895951,-0.07120039
10797,2022-07-31,59248,-0.14974027160851422,-0.11357332
10798,2022-07-31,59300,-0.17030615563481177,-0.11552076
10799,2022-07-31,59328,-0.20900939190838042,-0.036157433
10800,2022-07-31,59408,0.07296508618668529,-0.0846832
10801,2022-07-31,59459,0.1688914992174524,-0.080776125
10802,2022-07-31,60097,-0.048305465060533126,-0.047055464
10803,2022-07-31,60206,-0.0028590343525203288,-0.11359438
10804,2022-07-31,60442,-0.01499535934318763,-0.10956528
10805,2022-07-31,60506,0.061813707466619405,-0.10927634
10806,2022-07-31,60599,-0.30772947453222876,-0.11657809
10807,2022-07-31,60628,-0.30863373931101246,-0.039422844
10808,2022-07-31,60871,-0.1665587925086518,-0.09167433
10809,2022-07-31,60986,-0.3081930055983273,-0.10494974
10810,2022-07-31,61241,-0.36424225339316885,0.060251024
10811,2022-07-31,61399,0.023385949806425943,-0.11295216
10812,2022-07-31,61516,-0.3755792399245649,-0.094212055
10813,2022-07-31,61621,-0.07223363088548129,-0.07621931
10814,2022-07-31,61735,-0.030888649942125368,-0.104595646
10815,2022-07-31,62092,-0.1406447346389159,-0.09470882
10816,2022-07-31,62148,-0.09830981382322868,-0.11374247
10817,2022-07-31,62308,0.1490590293401346,-0.11939697
10818,2022-07-31,62498,-0.33024787099237674,-0.07362242
10819,2022-07-31,64186,0.1778330519799407,-0.09167433
10820,2022-07-31,64282,-0.056113836354535485,-0.056504577
10821,2022-07-31,64311,-0.08748293691965614,-0.105569415
10822,2022-07-31,64390,0.11685323732654629,-0.10574186
10823,2022-07-31,64653,-0.0452507847913437,0.011942882
10824,2022-07-31,64936,-0.13958145533740685,-0.10292219
10825,2022-07-31,64995,-0.012922188137849622,-0.099469505
10826,2022-07-31,65402,-0.12941225073447205,-0.09443767
10827,2022-07-31,65541,-0.16394542501907383,-0.10585539
10828,2022-07-31,65875,-0.17699922930845702,-0.10425705
10829,2022-07-31,65947,-0.28757878704659967,-0.088881746
10830,2022-07-31,66093,-0.011701542679513843,-0.10425705
10831,2022-07-31,66157,-0.09003565286234871,-0.10955861
10832,2022-07-31,66181,-0.00950052283857139,-0.11142653
10833,2022-07-31,66384,-0.2999978337012309,-0.07650143
10834,2022-07-31,66800,0.10752499342245447,-0.07464267
10835,2022-07-31,67598,-0.13143081342617802,-0.088768356
10836,2022-07-31,69032,-0.016076858699275665,-0.060939778
10837,2022-07-31,69649,0.20388323443888878,-0.12098229
10838,2022-07-31,69796,0.006430816802814432,-0.067898944
10839,2022-07-31,70519,-0.1163785196274778,-0.020452594
10840,2022-07-31,70578,-0.04600832093489282,0.013221914
10841,2022-07-31,71563,-0.10349824829890364,-0.10676198
10842,2022-07-31,72726,0.05245605612987769,-0.066609465
10843,2022-07-31,73139,0.07108606587050703,-0.061970826
10844,2022-07-31,75034,0.08466957314133916,-0.0505465
10845,2022-07-31,75107,-0.1396887742523898,-0.10357316
10846,2022-07-31,75154,-2.3553818119248504e-06,0.08346634
10847,2022-07-31,75186,0.15729892536800083,-0.10565993
10848,2022-07-31,75241,0.12048995592215239,-0.050515134
10849,2022-07-31,75510,-0.22339740796123464,-0.027613439
10850,2022-07-31,75591,0.06809945618655666,-0.095409274
10851,2022-07-31,75607,-0.07665853124943689,-0.12088883
10852,2022-07-31,75819,-0.26425378906020947,-0.11534612
10853,2022-07-31,75825,0.24972756816260389,-0.02678311
10854,2022-07-31,75828,-0.0387173878888869,-0.05744189
10855,2022-07-31,75912,-0.044980814905360766,-0.09922463
10856,2022-07-31,76076,0.010421329426737014,-0.07183865
10857,2022-07-31,76082,0.04073410749096196,0.029608065
10858,2022-07-31,76095,-0.05015593138309293,-0.120334506
10859,2022-07-31,76185,-0.18964768843612578,-0.10164398
10860,2022-07-31,76226,-0.21689000725958119,0.02259994
10861,2022-07-31,76230,-0.13351688643495652,-0.09988218
10862,2022-07-31,76605,0.1850287379424309,-0.035193406
10863,2022-07-31,76614,0.2871933085027518,-0.10836888
10864,2022-07-31,76709,-0.09895356277753209,0.02028608
10865,2022-07-31,76712,0.18442602814481046,-0.11722153
10866,2022-07-31,76744,0.11265840888558998,-0.110352
10867,2022-07-31,76795,-0.20819737414019657,-0.09977303
10868,2022-07-31,76841,0.31795420506956873,0.014991229
10869,2022-07-31,77037,-0.09425460658910023,-0.06004487
10870,2022-07-31,77129,-0.023194550863097074,-0.123400375
10871,2022-07-31,77178,-0.18428931871552878,-0.104498684
10872,2022-07-31,77274,0.32784924542101823,-0.10630926
10873,2022-07-31,77338,-0.049130791942134655,-0.021079885
10874,2022-07-31,77357,-0.2039467905784791,-0.052353963
10875,2022-07-31,77496,-0.2625338942467609,-0.09574696
10876,2022-07-31,77605,0.05018357840037391,-0.05992076
10877,2022-07-31,77649,-0.23337039457988373,-0.11463498
10878,2022-07-31,77661,-0.011747016081416373,0.05310368
10879,2022-07-31,77702,0.027085202743324377,-0.01665121
10880,2022-07-31,77730,-0.21864288320696168,-0.101719946
10881,2022-07-31,78975,-0.06107264298373716,-0.026231661
10882,2022-07-31,78987,-0.09968452631864744,0.016910534
10883,2022-07-31,79057,0.14407064557526228,-0.11147751
10884,2022-07-31,79103,0.18985295025158222,-0.0389981
10885,2022-07-31,79145,0.37897098199416135,0.059909668
10886,2022-07-31,79323,0.08683429794913877,-0.053980317
10887,2022-07-31,79545,-0.019779789392791125,-0.10305868
10888,2022-07-31,79547,-0.1887240431726923,-0.11196181
10889,2022-07-31,79637,0.032339141178660435,-0.10227369
10890,2022-07-31,79678,-0.08943215442056174,-0.10103558
10891,2022-07-31,79698,0.13726084568058772,-0.12245849
10892,2022-07-31,79782,-0.05087338881493697,-0.116010144
10893,2022-07-31,79785,-0.03536284524806832,-0.10102854
10894,2022-07-31,79906,-0.042997213505577725,-0.119682394
10895,2022-07-31,80080,-0.1919006054813982,-0.10585539
10896,2022-07-31,80100,0.020245922338369526,-0.096826464
10897,2022-07-31,80183,-0.14503652629474528,-0.12089564
10898,2022-07-31,80191,0.14713493850578896,-0.05207371
10899,2022-07-31,80204,-0.04392261616346138,-0.09551572
10900,2022-07-31,80286,0.15293772825133045,-0.058449067
10901,2022-07-31,80320,-0.1021092830115592,-0.08854651
10902,2022-07-31,80381,-0.17428349088993145,-0.10635341
10903,2022-07-31,80681,-0.21722601123751117,-0.099227674
10904,2022-07-31,81045,-0.14837029956436742,-0.054116525
10905,2022-07-31,81055,-0.029245771547575905,0.043334275
10906,2022-07-31,81061,0.1415845120000807,0.017558515
10907,2022-07-31,81481,-0.041487048238319724,0.008350797
10908,2022-07-31,81540,0.08066206256420516,-0.11218692
10909,2022-07-31,81655,0.16055917962626376,-0.09263471
10910,2022-07-31,81677,-0.0004814259256370468,-0.120362066
10911,2022-07-31,81696,-0.14162616985578125,0.020750877
10912,2022-07-31,81736,-0.06824229373826585,-0.09611236
10913,2022-07-31,81774,0.009568889589629093,0.031533767
10914,2022-07-31,82303,0.24205950168133228,-0.09106543
10915,2022-07-31,82307,-0.13248572309854723,-0.10210631
10916,2022-07-31,82515,-0.14725813453490166,-0.050029553
10917,2022-07-31,82581,-0.13155192090587153,-0.11503548
10918,2022-07-31,82598,-0.021631309856615433,-0.116818644
10919,2022-07-31,82642,-0.26416249321225105,-0.05493022
10920,2022-07-31,82651,-0.17817249619206244,-0.11865352
10921,2022-07-31,82775,0.12988473979385273,-0.119593985
10922,2022-07-31,83143,0.044348410757425905,-0.124245785
10923,2022-07-31,83443,-0.018330685146598413,-0.09194467
10924,2022-07-31,83621,-0.207287181659214,-0.09007824
10925,2022-07-31,84129,-0.04119136246562527,-0.1231744
10926,2022-07-31,84373,0.057379649840027414,-0.12030262
10927,2022-07-31,84381,0.004421532651635474,0.010785388
10928,2022-07-31,84761,-0.10736025618150569,0.027245816
10929,2022-07-31,84767,-0.11606411977351139,-0.07816213
10930,2022-07-31,84769,-0.014167283081956139,-0.06569494
10931,2022-07-31,84788,-0.2409022793802884,0.040903408
10932,2022-07-31,85035,-0.17286446900654884,-0.09606134
10933,2022-07-31,85058,-0.19203495635851375,-0.108920634
10934,2022-07-31,85072,-0.05214649430200147,-0.083768554
10935,2022-07-31,85257,0.051755974079731315,-0.09505075
10936,2022-07-31,85269,0.1437348920311865,0.009758496
10937,2022-07-31,85348,-0.030105240091127583,-0.07976176
10938,2022-07-31,85459,-0.11302869410300442,-0.12190489
10939,2022-07-31,85592,-0.15908167006447083,-0.110838935
10940,2022-07-31,85621,-0.06282707457408421,-0.08543839
10941,2022-07-31,85631,-0.00934157511594047,0.03825559
10942,2022-07-31,85663,-0.021567357164721246,7.972648e-05
10943,2022-07-31,85753,0.059735012271959764,-0.0991635
10944,2022-07-31,85792,0.02442024608357385,-0.10790537
10945,2022-07-31,85913,0.009967049083623891,-0.08405746
10946,2022-07-31,85914,-0.10087041357494175,0.019625852
10947,2022-07-31,85926,-0.21800425583542138,-0.12249473
10948,2022-07-31,86111,-0.22920127092904363,-0.09063211
10949,2022-07-31,86136,-0.08328085250416883,-0.083403096
10950,2022-07-31,86158,-0.08044560692186964,-0.053980317
10951,2022-07-31,86228,-0.040078691410514344,-0.03283062
10952,2022-07-31,86339,-0.25585726975082324,-0.11111328
10953,2022-07-31,86356,-0.1766703709654478,0.025636526
10954,2022-07-31,86580,-0.25668176958969036,0.05431797
10955,2022-07-31,86783,-0.03420585880539129,-0.06887647
10956,2022-07-31,86868,0.04112212654942837,-0.03934833
10957,2022-07-31,86964,-0.14609156157560244,-0.102968976
10958,2022-07-31,86979,0.0997524277538866,-0.11868834
10959,2022-07-31,86996,-0.19450988811685133,-0.11795145
10960,2022-07-31,87055,-0.07184821587158174,-0.10996924
10961,2022-07-31,87137,0.25855193324329906,0.054894492
10962,2022-07-31,87267,-0.027654044514457632,-0.04061457
10963,2022-07-31,87299,-0.08199907045536758,-0.08716395
10964,2022-07-31,87432,0.033408130063151464,-0.08172476
10965,2022-07-31,87445,0.016809182027087255,-0.11206047
10966,2022-07-31,87447,-0.13277267304282392,-0.09167433
10967,2022-07-31,87541,-0.13556811902943133,-0.123400375
10968,2022-07-31,87657,-0.27959167159750253,-0.10661543
10969,2022-07-31,87717,-0.07905865913527677,-0.09793198
10970,2022-07-31,87842,0.1666672558429243,-0.08405746
10971,2022-07-31,88031,-0.05922453460185584,-0.068281956
10972,2022-07-31,88281,-0.15283162869756184,-0.0990989
10973,2022-07-31,88352,0.0708167008705256,-0.018611649
10974,2022-07-31,88446,0.056026663892227324,0.056803618
10975,2022-07-31,88661,-0.049809360497934274,-0.09817349
10976,2022-07-31,88664,-0.03954177627081801,-0.11181611
10977,2022-07-31,88837,-0.09068159080543858,-0.074335404
10978,2022-07-31,88860,-0.30846531149659606,0.04959801
10979,2022-07-31,88873,-0.06411825864990661,-0.058245722
10980,2022-07-31,89003,-0.18319147563486138,-0.03408127
10981,2022-07-31,89006,-0.03344613415454778,-0.10993075
10982,2022-07-31,89017,0.0587351728878065,-0.11654788
10983,2022-07-31,89070,0.029115404642978016,-0.08701401
10984,2022-07-31,89071,-0.06885691747268419,-0.10996924
10985,2022-07-31,89179,0.1490275268111152,-0.10980278
10986,2022-07-31,89195,0.327737580208155,-0.12227023
10987,2022-07-31,89217,-0.01032704048544053,-0.12142997
10988,2022-07-31,89258,0.064742185098702,-0.11795145
10989,2022-07-31,89269,-0.08432657035121238,-0.069294214
10990,2022-07-31,89393,0.29782041305108686,0.07504825
10991,2022-07-31,89508,-0.366988465254409,-0.08695682
10992,2022-07-31,89525,-0.1466834911666287,-0.03555901
10993,2022-07-31,89533,0.006613577796146464,-0.07142291
10994,2022-07-31,89617,-0.191592669039234,-0.066256665
10995,2022-07-31,89626,-0.12693952232135686,-0.11308303
10996,2022-07-31,89641,-0.37184371211108447,-0.10238051
10997,2022-07-31,89866,0.019203567615850403,-0.11822937
10998,2022-07-31,90038,-0.22385101652662764,-0.122808896
10999,2022-07-31,90071,0.18542882173177566,-0.118776746
11000,2022-07-31,90199,-0.17145698670858867,-0.096289046
11001,2022-07-31,90215,-0.11645733361857602,-0.035760697
11002,2022-07-31,90248,-0.14994433310636246,0.05598004
11003,2022-07-31,90305,-0.0564094821649499,-0.11613691
11004,2022-07-31,90319,-0.18750012353256962,0.06458236
11005,2022-07-31,90373,-0.2351586740458984,-0.08695285
11006,2022-07-31,90386,0.023541826827566448,0.015865743
11007,2022-07-31,90454,-0.09642935906515593,-0.08721573
11008,2022-07-31,90455,-0.268059468205713,-0.09845606
11009,2022-07-31,90505,0.008492713648536432,0.034024075
11010,2022-07-31,90520,-0.1760656125947574,-0.09130194
11011,2022-07-31,90601,0.03555790395430414,-0.08550182
11012,2022-07-31,90664,0.4714892512842279,0.04137019
11013,2022-07-31,90808,-0.1186249956727492,0.053744975
11014,2022-07-31,90829,0.11703907067531416,0.0077312943
11015,2022-07-31,90880,0.15054740189382598,-0.112277344
11016,2022-07-31,90993,-0.059325828823432514,-0.043641496
11017,2022-07-31,91041,-0.15299517535254503,-0.12408005
11018,2022-07-31,91068,-0.04212341823195298,0.034301892
11019,2022-07-31,91103,0.1722426521554512,0.036460515
11020,2022-07-31,91152,-0.048736211070789515,-0.11423772
11021,2022-07-31,91233,-0.07087251781550297,-0.070268966
11022,2022-07-31,91547,-0.04688498865675694,-0.113618165
11023,2022-07-31,91556,0.18175178500242528,0.025826002
11024,2022-07-31,91849,-0.06127598865038042,-0.1019011
11025,2022-07-31,91926,0.06698342722495876,0.03732478
11026,2022-07-31,91937,0.0594161829158959,-0.09167433
11027,2022-07-31,92121,0.040200074006663256,-0.0035685105
11028,2022-07-31,92157,-0.08225964304317113,-0.071308754
11029,2022-07-31,92322,0.07832453209903734,-0.060546942
11030,2022-07-31,92402,-0.023499196468103722,0.021424685
11031,2022-07-31,92602,-0.04075992730598832,-0.11094301
11032,2022-07-31,92611,-0.021599932843269665,-0.0684254
11033,2022-07-31,92614,-0.06102808624187106,-0.11519503
11034,2022-07-31,92655,0.02684254678815745,-0.048514504
11035,2022-07-31,93002,-0.11458642114321549,-0.112172805
11036,2022-07-31,93089,-0.037399792573530766,-0.11375344
11037,2022-07-31,93096,0.028938799665133352,-0.08027527
11038,2022-07-31,93132,-0.041744432160984,-0.048289586
11039,2022-07-31,93246,-0.5679832539578034,-0.06624461
11040,2022-07-31,93429,0.013188099783109752,-0.111419514
11041,2022-07-31,93436,-0.23426115824134208,0.05679036
11042,2022-10-31,10104,0.13728239535901254,-0.059984986
11043,2022-10-31,10107,0.07055247188856395,0.02288898
11044,2022-10-31,10138,0.10887483960574817,-0.021874959
11045,2022-10-31,10145,0.02690705639128521,-0.072561316
11046,2022-10-31,10516,-0.1420872252704648,0.015297018
11047,2022-10-31,10696,0.038351028967489986,-0.089714065
11048,2022-10-31,11308,0.03164815230618667,-0.08417763
11049,2022-10-31,11403,0.20767795416738077,-0.048618097
11050,2022-10-31,11404,0.09310433842255028,-0.11594585
11051,2022-10-31,11600,0.19962869342716294,-0.08941616
11052,2022-10-31,11618,0.045932987249508894,-0.066299245
11053,2022-10-31,11674,0.046533597341047894,-0.06214971
11054,2022-10-31,11762,0.0864944351912611,-0.0701214
11055,2022-10-31,11786,0.3094922422530053,0.08880152
11056,2022-10-31,11850,0.05533053208073624,0.040904872
11057,2022-10-31,11891,0.1642580202469428,-0.045517977
11058,2022-10-31,11955,-0.019197601124979147,-0.089318186
11059,2022-10-31,12052,-0.06193844311326324,-0.062840745
11060,2022-10-31,12060,0.33270302313558675,-0.056301706
11061,2022-10-31,12062,0.139742008624127,-0.08983206
11062,2022-10-31,12084,0.2679158388655376,-0.003268724
11063,2022-10-31,12308,0.04539746843921666,-0.014733088
11064,2022-10-31,12345,0.28208837822719457,-0.09906558
11065,2022-10-31,12369,0.004013665083113072,0.022720445
11066,2022-10-31,12431,0.1263161899632339,-0.06389975
11067,2022-10-31,12448,0.1753195851609164,-0.004818638
11068,2022-10-31,12449,0.12191318387094374,-0.09946173
11069,2022-10-31,12490,-0.014037938245440196,-0.07934016
11070,2022-10-31,12558,0.02546815884609921,-0.06866466
11071,2022-10-31,12622,0.17559860545901929,-0.017634163
11072,2022-10-31,12623,-0.1374271888337265,-0.0975483
11073,2022-10-31,12872,0.1382088178477574,0.0429143
11074,2022-10-31,13035,0.018141098862631377,-0.07509715
11075,2022-10-31,13103,0.24179034285200296,-0.025450017
11076,2022-10-31,13323,-0.27889156162466533,-0.002542311
11077,2022-10-31,13356,-0.02988711312635539,-0.032733314
11078,2022-10-31,13407,0.5990782983105543,0.009945082
11079,2022-10-31,13447,0.08173454440644279,0.0035286688
11080,2022-10-31,13586,0.2953115065501284,-0.08833536
11081,2022-10-31,13641,-0.05672725140562829,-0.02499693
11082,2022-10-31,13688,0.06497233390356594,0.0552292
11083,2022-10-31,13721,0.019037380939313175,-0.05873116
11084,2022-10-31,13760,-0.0994668523250346,0.040241797
11085,2022-10-31,13788,0.10010140932173228,-0.08053132
11086,2022-10-31,13856,-0.052330145971284714,-0.06988871
11087,2022-10-31,13901,-0.006511816366846168,-0.07426725
11088,2022-10-31,13911,0.09414616494456718,-0.0051835105
11089,2022-10-31,13928,-0.02396079964860731,0.025102753
11090,2022-10-31,13949,0.13790536349404858,-0.10191589
11091,2022-10-31,13963,0.2009432856063691,-0.09506533
11092,2022-10-31,13964,0.1932251539137697,-0.085802905
11093,2022-10-31,14008,-0.06001169161494624,-0.05946416
11094,2022-10-31,14277,0.0989068040481873,-0.0066463277
11095,2022-10-31,14297,0.126337268068331,-0.08758186
11096,2022-10-31,14338,0.07391068035037596,-0.06509371
11097,2022-10-31,14541,-0.030608698098932074,0.014455164
11098,2022-10-31,14542,0.055037009970805295,0.041320283
11099,2022-10-31,14579,-0.06375803731822505,-0.056494135
11100,2022-10-31,14593,-0.05745770750478141,0.008325547
11101,2022-10-31,14702,0.26582071976429544,-0.004309697
11102,2022-10-31,14714,0.0426888558504257,-0.020380998
11103,2022-10-31,14763,-0.18530330254751015,0.02000317
11104,2022-10-31,14776,0.03289985035744425,-0.023178624
11105,2022-10-31,14882,0.19048614528865482,0.002672362
11106,2022-10-31,14889,0.08079688465125168,-0.07679638
11107,2022-10-31,14939,0.029859063445017986,-0.098096535
11108,2022-10-31,15069,-0.095399954946919,0.05640917
11109,2022-10-31,15202,0.12247442373810702,-0.101784624
11110,2022-10-31,15291,0.46502031067652405,0.08098392
11111,2022-10-31,15408,0.06438460222381481,-0.0694438
11112,2022-10-31,15488,-0.02500712813965611,0.033080555
11113,2022-10-31,15579,0.11111892638680665,-0.085435085
11114,2022-10-31,15707,0.1386923848521624,-0.086466536
11115,2022-10-31,15720,0.16071101546847544,-0.108182855
11116,2022-10-31,15850,0.25277583834484174,0.053652935
11117,2022-10-31,16087,0.0657702973826968,-0.09538557
11118,2022-10-31,16431,0.16188728173259093,-0.04203271
11119,2022-10-31,16600,-0.05494998482645652,-0.04999326
11120,2022-10-31,16678,-0.05098047134719064,-0.06866466
11121,2022-10-31,16692,0.10930950278866525,-0.098360516
11122,2022-10-31,16851,0.298977693568484,-0.09084234
11123,2022-10-31,17005,-0.06198489162329324,-0.028929126
11124,2022-10-31,17144,-0.033345898721021894,0.0052600275
11125,2022-10-31,17478,0.1698991051569847,-0.06960215
11126,2022-10-31,17700,0.09200636563670828,-0.03964315
11127,2022-10-31,17743,-0.049230201409784624,-0.07638002
11128,2022-10-31,17750,0.053453761329790295,-0.075671494
11129,2022-10-31,17830,0.05917586533467545,-0.08438333
11130,2022-10-31,18143,0.11682843543777599,-0.08454045
11131,2022-10-31,18163,0.06403115794612746,-0.08301132
11132,2022-10-31,18312,0.17115914452674286,0.029683296
11133,2022-10-31,18411,0.044319700625872205,-0.09411481
11134,2022-10-31,18420,0.1756167226512606,-0.09307342
11135,2022-10-31,18421,0.1654393664968663,-0.099332586
11136,2022-10-31,18428,0.2873395186014236,-0.065713845
11137,2022-10-31,18542,0.17121567792135983,-0.030289054
11138,2022-10-31,18592,-0.011423539089101431,-0.018482788
11139,2022-10-31,18724,0.05208956904898088,-0.10719619
11140,2022-10-31,18729,0.015631701414273946,-0.08191072
11141,2022-10-31,19166,0.12487767614147782,-0.101321526
11142,2022-10-31,19285,0.15015545657976337,-0.038240463
11143,2022-10-31,19286,0.16843289715697174,-0.10100552
11144,2022-10-31,19350,0.0712556597285694,-0.052819464
11145,2022-10-31,19393,-0.05478322213682407,-0.07309007
11146,2022-10-31,19502,0.021820904415694065,-0.061471064
11147,2022-10-31,19561,0.4946267031936318,-0.0067747184
11148,2022-10-31,19583,0.22246282460367728,-0.07397127
11149,2022-10-31,20057,0.21340680544550028,-0.08858435
11150,2022-10-31,20482,0.12246188819154291,-0.08200273
11151,2022-10-31,21020,0.13822124927584478,0.04546895
11152,2022-10-31,21124,0.16392176595616492,-0.09865519
11153,2022-10-31,21178,-0.042235914491446924,-0.03116573
11154,2022-10-31,21186,0.16125434795975013,-0.09329485
11155,2022-10-31,21207,0.2652852811530282,-0.06938622
11156,2022-10-31,21371,0.024351553810459947,-0.0033887299
11157,2022-10-31,21573,0.2601666930697737,-0.09270416
11158,2022-10-31,21776,0.10298464615185443,-0.07231967
11159,2022-10-31,21792,0.05921068014658859,-0.1094181
11160,2022-10-31,21936,-0.03433116950209114,-0.08417763
11161,2022-10-31,22103,0.047814445426074936,-0.071650244
11162,2022-10-31,22111,-0.05461169115704412,-0.03782228
11163,2022-10-31,22293,0.08456813348270042,-0.091323346
11164,2022-10-31,22509,0.14773413877240982,-0.08780824
11165,2022-10-31,22517,0.1260528052911838,-0.106567495
11166,2022-10-31,22592,-0.0744213775614414,-0.067566134
11167,2022-10-31,22752,0.0683095746620137,-0.045856673
11168,2022-10-31,22779,0.03264009201592977,-0.096508406
11169,2022-10-31,23026,0.09709722066237725,-0.09915414
11170,2022-10-31,23229,0.11657682552700432,-0.1061486
11171,2022-10-31,23393,0.09462985657906242,-0.101969406
11172,2022-10-31,23473,0.10242794282422962,-0.08911802
11173,2022-10-31,23536,0.037082444809386716,-0.10750361
11174,2022-10-31,23579,0.06472755685505693,-0.09658687
11175,2022-10-31,23660,0.040556871003301964,-0.096675396
11176,2022-10-31,23712,0.11445572502722445,-0.10129997
11177,2022-10-31,23819,0.13567357584477557,0.0014159724
11178,2022-10-31,23931,0.06350933540211101,-0.07601924
11179,2022-10-31,24010,0.020378697664866108,-0.108042434
11180,2022-10-31,24053,0.03565169908772803,-0.10970626
11181,2022-10-31,24109,0.07879394641919957,-0.074208796
11182,2022-10-31,24205,-0.03221297025256664,-0.063009836
11183,2022-10-31,24328,-0.21650406008467515,0.048264872
11184,2022-10-31,24643,0.14588613604114342,-0.109376065
11185,2022-10-31,24766,-0.18124257045175662,0.02882928
11186,2022-10-31,24985,0.07283445737789784,-0.108042434
11187,2022-10-31,25081,0.05072569106912006,-0.08485958
11188,2022-10-31,25232,0.17057117069407646,-0.09454473
11189,2022-10-31,25320,-0.01201111799293586,-0.09384841
11190,2022-10-31,25419,0.13883383289345685,-0.08336638
11191,2022-10-31,25582,-0.12400875557525093,-0.0694438
11192,2022-10-31,25785,0.021249271872160858,-0.039060123
11193,2022-10-31,25953,0.1659666305492744,-0.0937289
11194,2022-10-31,26403,0.018304541934862195,-0.06401349
11195,2022-10-31,26710,0.07939674679321373,-0.10697223
11196,2022-10-31,26825,-0.10003996529452353,-0.10083908
11197,2022-10-31,27828,0.0646216544672853,-0.0927776
11198,2022-10-31,27887,-0.15468351163703664,-0.048597906
11199,2022-10-31,27959,0.11105230669221466,-0.08964838
11200,2022-10-31,27991,0.12207943516296349,-0.11098637
11201,2022-10-31,28222,0.2867177775824812,-0.0721917
11202,2022-10-31,28388,-0.0794215533634155,-0.046520036
11203,2022-10-31,28484,0.06736160858214002,0.047029104
11204,2022-10-31,28804,0.15474327420973388,-0.08822646
11205,2022-10-31,29946,-0.018166130779301515,-0.1088363
11206,2022-10-31,30681,0.19262952518067,-0.103105545
11207,2022-10-31,32870,-0.018725686976603262,-0.10843469
11208,2022-10-31,32986,0.10999946023583163,-0.11417269
11209,2022-10-31,34032,0.1569161221624935,-0.0672736
11210,2022-10-31,34746,0.0270360676673409,-0.014278714
11211,2022-10-31,34817,0.29141184274084186,-0.019076662
11212,2022-10-31,34833,-0.10572408374734343,-0.01051566
11213,2022-10-31,35044,0.08237180412941902,-0.045073114
11214,2022-10-31,35554,-0.06692960752575194,-0.014953195
11215,2022-10-31,36003,-0.13227228308100847,-0.08779041
11216,2022-10-31,36468,0.05403380536584268,-0.06101689
11217,2022-10-31,37584,0.345371505654698,-0.08772021
11218,2022-10-31,38093,0.04885532598032105,-0.098216556
11219,2022-10-31,38156,-0.002248115716518728,-0.09580536
11220,2022-10-31,38703,0.025849527947739315,-0.078983195
11221,2022-10-31,38762,0.0801890049739693,-0.11128103
11222,2022-10-31,39490,-0.01945060137271304,0.07542824
11223,2022-10-31,39642,0.0727923758297706,-0.089336514
11224,2022-10-31,39917,0.1193700780410194,-0.10364259
11225,2022-10-31,40125,-0.0006959843390292875,-0.105619684
11226,2022-10-31,40272,0.16112599054531485,-0.07471331
11227,2022-10-31,40539,0.14014422357440526,-0.04132885
11228,2022-10-31,41080,0.027021211243182464,-0.082694024
11229,2022-10-31,41355,0.12666002379376984,-0.0673938
11230,2022-10-31,42200,0.030111987325398104,-0.08194149
11231,2022-10-31,42585,0.021209523042592382,-0.09235976
11232,2022-10-31,42877,0.1077246339900122,-0.10117555
11233,2022-10-31,42906,0.010684678914399948,0.0003666894
11234,2022-10-31,43350,0.14899104865388724,-0.03361532
11235,2022-10-31,43449,-0.01382543214468801,-0.06988871
11236,2022-10-31,43553,0.11503010148174875,0.02667356
11237,2022-10-31,44206,0.0874900160463501,-0.10692344
11238,2022-10-31,44329,0.1363455514170684,-0.08950053
11239,2022-10-31,44601,0.12169819414772642,-0.08784121
11240,2022-10-31,44644,-0.06125259727423671,-0.0845415
11241,2022-10-31,45356,0.20944483231165179,-0.039808847
11242,2022-10-31,45751,0.08678984330423334,-0.08739545
11243,2022-10-31,45911,0.28367401349998267,-0.019642659
11244,2022-10-31,46578,-0.0009553331020784039,-0.084618226
11245,2022-10-31,46674,-0.05187848443351839,-0.08500149
11246,2022-10-31,46703,0.018617898465355553,-0.10258266
11247,2022-10-31,46886,0.24452938073457187,-0.007848723
11248,2022-10-31,47896,0.12006836521128483,-0.024792317
11249,2022-10-31,48486,0.23996325262785034,0.00073000806
11250,2022-10-31,48506,0.2214206833107799,-0.05221134
11251,2022-10-31,48653,-0.08169870377541066,-0.05517193
11252,2022-10-31,48725,0.04217007609690793,-0.085435085
11253,2022-10-31,49015,-0.3326495549177281,-0.06395594
11254,2022-10-31,49154,0.05435873219244658,-0.057395197
11255,2022-10-31,49656,0.2099309201940589,-0.02438681
11256,2022-10-31,49680,0.051486184901382126,-0.052676275
11257,2022-10-31,50876,-0.04692683081481275,0.018898875
11258,2022-10-31,51369,0.25164105824838434,-0.017169604
11259,2022-10-31,52038,-0.09937769977778022,-0.07288737
11260,2022-10-31,52090,-0.0403347619277129,-0.107361354
11261,2022-10-31,52230,0.10421417565586166,-0.0869189
11262,2022-10-31,52329,0.07229743708260172,-0.10086005
11263,2022-10-31,52476,0.3132385884453266,-0.028123083
11264,2022-10-31,52695,0.011631798833551255,-0.09607818
11265,2022-10-31,52708,0.2736483031489858,-0.03529472
11266,2022-10-31,52978,-0.08245261099555479,-0.09864595
11267,2022-10-31,53065,0.23423045378802443,-0.09350427
11268,2022-10-31,53613,0.11716696993129805,-0.009244912
11269,2022-10-31,54148,0.4275808314521943,-0.06814015
11270,2022-10-31,55976,0.01462224146655422,-0.037524026
11271,2022-10-31,56274,0.031917927947736624,-0.095888734
11272,2022-10-31,56573,0.11193851964224599,-0.08268573
11273,2022-10-31,57568,0.18339333833442106,-0.08185058
11274,2022-10-31,57665,0.3780302482240345,-0.053528752
11275,2022-10-31,57904,0.13529114283059163,-0.08990615
11276,2022-10-31,58246,0.1595116966065966,-0.058691762
11277,2022-10-31,58413,0.138838417311149,-0.10260383
11278,2022-10-31,58683,-0.010982621255387404,-0.07526323
11279,2022-10-31,58819,0.044387913550703484,-0.11059161
11280,2022-10-31,59176,0.18255891327219165,-0.084026285
11281,2022-10-31,59248,0.04984456416245098,-0.115655966
11282,2022-10-31,59300,0.08169575674538665,-0.09832938
11283,2022-10-31,59328,0.006886582635142968,0.0059685507
11284,2022-10-31,59408,-0.009614379851067834,-0.035223
11285,2022-10-31,59459,0.04124166650679073,-0.038484562
11286,2022-10-31,60097,-0.033298111420309806,-0.081473656
11287,2022-10-31,60206,0.12782881860284423,-0.10464445
11288,2022-10-31,60442,0.031595534482668164,-0.04713435
11289,2022-10-31,60506,0.16536289190510534,-0.10003991
11290,2022-10-31,60599,-0.2866840346202635,-0.036150414
11291,2022-10-31,60628,0.2175809053440838,-0.05001033
11292,2022-10-31,60871,0.20770676455735426,-0.08392784
11293,2022-10-31,60986,0.1763401991860658,-0.07803584
11294,2022-10-31,61241,0.2512474881012956,0.037665166
11295,2022-10-31,61399,0.0736579943332678,-0.07825334
11296,2022-10-31,61516,0.3291110263507844,0.041307975
11297,2022-10-31,61621,-0.014097570227027956,-0.10418277
11298,2022-10-31,61735,0.13410966405865632,-0.078468174
11299,2022-10-31,62092,0.11024697414888007,-0.076982506
11300,2022-10-31,62148,0.06730718983802575,-0.07445161
11301,2022-10-31,62308,0.047946446227135064,-0.09623062
11302,2022-10-31,62498,0.15610708192693123,0.003737473
11303,2022-10-31,63467,-0.001960286070311845,-0.04943419
11304,2022-10-31,64186,-0.016427819597080617,0.018010221
11305,2022-10-31,64282,0.38544501854302204,-0.049237985
11306,2022-10-31,64311,0.08366437395413762,-0.07154757
11307,2022-10-31,64390,0.06272345708361571,-0.039574806
11308,2022-10-31,64653,-0.01096107830492532,-0.08176298
11309,2022-10-31,64936,-0.08041073001203336,-0.08104695
11310,2022-10-31,64995,0.08587321425218741,0.022688886
11311,2022-10-31,65402,0.24207700183913516,-0.09535844
11312,2022-10-31,65541,0.276417008962935,-0.08891128
11313,2022-10-31,65875,0.1299329283141879,-0.080249034
11314,2022-10-31,65947,0.24059648737915684,-0.09328399
11315,2022-10-31,66093,0.13367661317676793,-0.08318217
11316,2022-10-31,66157,0.18607213771628972,-0.078896396
11317,2022-10-31,66181,0.10110560353443421,-0.06447312
11318,2022-10-31,66384,0.27873184357222214,-0.035193365
11319,2022-10-31,66800,0.11478906283447232,-0.039051306
11320,2022-10-31,67598,0.17249498174296596,-0.092014745
11321,2022-10-31,69032,0.19406302661169317,-0.08318217
11322,2022-10-31,69649,-0.041702066683674266,-0.05065013
11323,2022-10-31,69796,-0.05987123850162035,-0.072137184
11324,2022-10-31,70519,0.15154926554372183,-0.065431684
11325,2022-10-31,70578,-0.010559056487471685,-0.0860044
11326,2022-10-31,71563,0.11613351070280453,-0.040785853
11327,2022-10-31,72726,0.2442169242882115,-0.05801311
11328,2022-10-31,73139,0.11056194001828734,-0.06466315
11329,2022-10-31,75034,0.15499879354751434,0.0014704921
11330,2022-10-31,75154,0.19426016067464125,0.065693215
11331,2022-10-31,75186,-0.025508088563335862,-0.0072372155
11332,2022-10-31,75241,-0.08033117471810003,0.03584007
11333,2022-10-31,75510,0.1627661840252399,-0.06455197
11334,2022-10-31,75591,0.08087052582606025,-0.1003157
11335,2022-10-31,75607,0.02695211550308163,-0.10447947
11336,2022-10-31,75694,0.07656424478721524,-0.04918669
11337,2022-10-31,75819,0.3372703210423087,-0.09988175
11338,2022-10-31,75825,-0.013490885702732935,0.034437742
11339,2022-10-31,75828,0.02311595744574846,-0.09810451
11340,2022-10-31,75912,0.14469951506674517,-0.103355415
11341,2022-10-31,76076,0.0798777599457694,-0.076419406
11342,2022-10-31,76082,-0.1762940302906959,-0.03590056
11343,2022-10-31,76095,0.20014992832466771,-0.10608509
11344,2022-10-31,76185,-0.001730181750919435,-0.08736197
11345,2022-10-31,76226,0.2798671792876306,-0.07277999
11346,2022-10-31,76230,-0.0349036990884819,-0.050373413
11347,2022-10-31,76605,-0.03712283838374553,-0.03058231
11348,2022-10-31,76614,0.012981722062560985,-0.016048718
11349,2022-10-31,76709,0.33590934321898014,-0.07453242
11350,2022-10-31,76712,0.05412216269251613,-0.08926743
11351,2022-10-31,76744,0.035576469171029634,0.0060359077
11352,2022-10-31,76795,0.11637647134420792,-0.052913927
11353,2022-10-31,76841,0.026320053678681843,-0.008942086
11354,2022-10-31,77037,0.2148130683691989,2.6254085e-05
11355,2022-10-31,77129,0.06162074366382697,-0.10237414
11356,2022-10-31,77178,0.13887452415113355,-0.03316721
11357,2022-10-31,77274,0.07868006129498761,-0.004404949
11358,2022-10-31,77338,0.03103931926076786,-0.06758418
11359,2022-10-31,77357,0.2091942807991214,-0.048136503
11360,2022-10-31,77496,0.26712192712867733,-0.060729306
11361,2022-10-31,77605,0.07283669834904316,-0.07703108
11362,2022-10-31,77649,0.19977851240641464,-0.096389614
11363,2022-10-31,77661,0.28738618157321727,0.017750893
11364,2022-10-31,77702,0.2677145989634331,-0.078920096
11365,2022-10-31,77730,-0.031072697974637187,-0.09392734
11366,2022-10-31,78975,-0.009347266407273458,-0.03491257
11367,2022-10-31,78987,0.26291532223520586,-0.0076123658
11368,2022-10-31,79057,0.06276245587711138,-0.060461577
11369,2022-10-31,79103,-0.05353601692604182,-0.034583718
11370,2022-10-31,79145,0.21656031012177923,0.044331666
11371,2022-10-31,79323,0.024066302020533836,-0.0056146285
11372,2022-10-31,79545,0.2648317257609909,-0.09759865
11373,2022-10-31,79547,0.020694147965029108,-0.097059116
11374,2022-10-31,79637,0.2810609242283162,-0.06117649
11375,2022-10-31,79678,0.05178735691173775,-0.08311684
11376,2022-10-31,79698,0.1199680219672743,-0.08506324
11377,2022-10-31,79782,0.11242262652468682,-0.10483869
11378,2022-10-31,79785,0.24358282439149592,-0.0902724
11379,2022-10-31,79906,0.1452808067115423,-0.10765986
11380,2022-10-31,80080,0.1584037791027626,-0.099589095
11381,2022-10-31,80100,0.1968641917264311,-0.08019908
11382,2022-10-31,80183,0.06810935128631468,-0.097200036
11383,2022-10-31,80191,0.0072964708063565364,-0.004524269
11384,2022-10-31,80204,0.07234832873007924,-0.08579842
11385,2022-10-31,80286,0.04174429211718289,-0.03848515
11386,2022-10-31,80320,0.15823237611251906,-0.09067537
11387,2022-10-31,80381,0.02315668729924636,-0.09765253
11388,2022-10-31,80681,0.02778964654282534,-0.09283936
11389,2022-10-31,81045,0.10187564121224946,-0.073908016
11390,2022-10-31,81055,0.1283653850271691,-0.015587638
11391,2022-10-31,81061,-0.02607542778297922,0.0038136297
11392,2022-10-31,81481,-0.05249347273490512,-0.024905818
11393,2022-10-31,81540,0.07803547928307131,-0.09501412
11394,2022-10-31,81655,0.042182886480364834,-0.08300456
11395,2022-10-31,81677,0.11455344070688889,-0.100816265
11396,2022-10-31,81696,-0.03487836910666808,0.023630116
11397,2022-10-31,81736,0.023038590847309193,-0.10115029
11398,2022-10-31,81774,0.4126922721560973,-0.0070588347
11399,2022-10-31,82303,0.08923302434108571,-0.076685205
11400,2022-10-31,82307,0.1284741956904154,-0.030459415
11401,2022-10-31,82515,0.2717133805790839,-0.028613066
11402,2022-10-31,82581,0.25839762496165575,-0.1064439
11403,2022-10-31,82598,-0.03608947881569724,-0.094927326
11404,2022-10-31,82642,0.3862519618824616,-0.05574655
11405,2022-10-31,82651,0.09830782148142081,-0.096389614
11406,2022-10-31,82775,0.07777906765613651,-0.09257077
11407,2022-10-31,83143,0.10234074287925865,-0.10345446
11408,2022-10-31,83443,0.055678876617232254,-0.05995564
11409,2022-10-31,83621,0.2043811455532054,-0.077585906
11410,2022-10-31,84129,0.03193399798250263,-0.07932496
11411,2022-10-31,84373,0.03824767847393651,-0.087138474
11412,2022-10-31,84381,0.1096087076732648,-0.08299263
11413,2022-10-31,84761,-0.044311888140678546,-0.076523446
11414,2022-10-31,84767,0.11548569673708631,-0.09595696
11415,2022-10-31,84769,0.05486967357733796,-0.1013992
11416,2022-10-31,84788,0.006735033064362961,0.011920873
11417,2022-10-31,85035,0.2623125452303112,-0.071236655
11418,2022-10-31,85058,0.04018769690193147,-0.093898736
11419,2022-10-31,85072,0.34574764749939546,-0.08689878
11420,2022-10-31,85257,0.11945014537753051,-0.09372947
11421,2022-10-31,85269,0.12340257441866531,0.0302857
11422,2022-10-31,85348,0.1086737615038571,-0.10189713
11423,2022-10-31,85459,0.03140211834933537,-0.11118954
11424,2022-10-31,85592,0.17553199815151954,-0.08038455
11425,2022-10-31,85621,0.2118592473425427,-0.09616531
11426,2022-10-31,85631,0.004019313418570647,-0.043812398
11427,2022-10-31,85663,0.3966955283043232,-0.059078228
11428,2022-10-31,85753,0.08775159647024133,-0.08256613
11429,2022-10-31,85792,0.07205640773233446,-0.09439069
11430,2022-10-31,85913,0.09054911465051485,-0.075644776
11431,2022-10-31,85914,0.3107231559574801,-0.072355606
11432,2022-10-31,85926,0.15429438118045757,-0.10178407
11433,2022-10-31,86111,0.08616188839284389,-0.054616347
11434,2022-10-31,86136,0.06996762133915779,-0.10362863
11435,2022-10-31,86158,0.07715749695670349,-0.06340801
11436,2022-10-31,86228,-0.055205858401825236,-0.10164719
11437,2022-10-31,86339,0.12408479156866958,-0.04379834
11438,2022-10-31,86356,0.24848766759300434,-0.02275546
11439,2022-10-31,86580,0.44784353607811944,0.0048182425
11440,2022-10-31,86783,0.3020158115860567,-0.07257707
11441,2022-10-31,86868,0.0686965157395989,-0.07474042
11442,2022-10-31,86964,0.03323712928059641,-0.07228333
11443,2022-10-31,86979,0.06222633337571737,-0.09562464
11444,2022-10-31,86996,0.10501513722986777,-0.031741533
11445,2022-10-31,87055,0.01922268741466926,-0.07893791
11446,2022-10-31,87137,-0.16390621210424605,0.044216763
11447,2022-10-31,87267,0.1834874926912744,-0.0084195165
11448,2022-10-31,87299,0.00702442631451361,-0.0997101
11449,2022-10-31,87432,0.10089845619826376,-0.08624937
11450,2022-10-31,87445,0.06603082060553644,-0.08962919
11451,2022-10-31,87447,0.11381387956722233,-0.08429547
11452,2022-10-31,87541,0.19845359178359678,-0.10599583
11453,2022-10-31,87657,0.05895512673785519,-0.0015072195
11454,2022-10-31,87717,0.11164008330165287,-0.097826526
11455,2022-10-31,87842,0.004149923820133239,-0.045612156
11456,2022-10-31,88031,0.11054485541722237,-0.08145647
11457,2022-10-31,88281,0.14605406388431974,-0.048421778
11458,2022-10-31,88352,-0.003168188141765338,4.131133e-05
11459,2022-10-31,88446,-0.06389468901158346,0.01532728
11460,2022-10-31,88661,0.4501375104909868,-0.1013341
11461,2022-10-31,88664,-0.09295545598634725,-0.110169925
11462,2022-10-31,88837,0.1316878270945756,-0.08536565
11463,2022-10-31,88860,0.38821246123089503,0.094396636
11464,2022-10-31,88873,-0.010876749594654789,0.0011372585
11465,2022-10-31,89003,-0.08970434075000444,-0.0706043
11466,2022-10-31,89006,0.0705339545017809,-0.09085684
11467,2022-10-31,89017,0.16878255908997675,-0.09303334
11468,2022-10-31,89070,0.12555364474377684,-0.08824742
11469,2022-10-31,89071,-0.013166833161202263,-0.08066107
11470,2022-10-31,89179,-0.08332236976739194,-0.052819464
11471,2022-10-31,89195,0.057649084058147615,-0.079150535
11472,2022-10-31,89217,-0.18979287563668978,-0.09700795
11473,2022-10-31,89258,0.008815052510525057,-0.093479626
11474,2022-10-31,89269,-0.10443025346040169,-0.025575778
11475,2022-10-31,89393,0.2123442544170422,0.069071434
11476,2022-10-31,89508,0.11807229497312366,0.026968192
11477,2022-10-31,89525,0.24917190769952202,-0.06005697
11478,2022-10-31,89533,0.6219087599172064,0.019230794
11479,2022-10-31,89617,0.309247223052906,-0.07417132
11480,2022-10-31,89626,0.05265158903470901,-0.08260584
11481,2022-10-31,89641,0.38361758120971823,0.015482785
11482,2022-10-31,89866,0.06503658451616445,-0.10180175
11483,2022-10-31,90038,-0.01875304576474912,-0.07258184
11484,2022-10-31,90071,-0.22077367467236364,-0.09272245
11485,2022-10-31,90199,0.20538698905891084,-0.090912975
11486,2022-10-31,90215,0.033086337441637026,-0.0679517
11487,2022-10-31,90248,0.06567387765774768,0.036698446
11488,2022-10-31,90305,-0.10205415502618553,-0.10715257
11489,2022-10-31,90319,0.04581410187994828,0.039842848
11490,2022-10-31,90373,0.1566735849058487,-0.04947614
11491,2022-10-31,90386,-0.07562998459473425,-0.01896615
11492,2022-10-31,90454,0.4953183077875505,-0.08749994
11493,2022-10-31,90455,0.25928660827842664,0.03005069
11494,2022-10-31,90505,0.5522189375120303,-0.012644778
11495,2022-10-31,90520,0.28173060742453027,-0.07784475
11496,2022-10-31,90601,-0.030116728728773245,-0.09408327
11497,2022-10-31,90664,-0.11334773503001228,0.030003399
11498,2022-10-31,90808,0.22284622810771637,-0.020694418
11499,2022-10-31,90829,-0.1999392192476388,0.039053325
11500,2022-10-31,90880,0.13714536010495548,-0.05056594
11501,2022-10-31,90993,0.12946597873709154,-0.061530396
11502,2022-10-31,91041,0.011056442839622926,-0.096389614
11503,2022-10-31,91068,0.0988074157988168,-0.07021317
11504,2022-10-31,91103,0.1364921668111101,0.012943973
11505,2022-10-31,91152,0.24661472560051534,-0.10464186
11506,2022-10-31,91233,0.13101014313978543,-0.07727821
11507,2022-10-31,91547,-0.023789283025195895,-0.109389015
11508,2022-10-31,91556,0.23840105124938327,-0.0777996
11509,2022-10-31,91849,0.007157275244539907,-0.10117555
11510,2022-10-31,91926,0.15236329890092226,-0.009108391
11511,2022-10-31,91937,-0.01484548450199863,-0.082756326
11512,2022-10-31,92121,0.12365810579284675,-0.089752495
11513,2022-10-31,92157,0.04493489116034399,-0.09398972
11514,2022-10-31,92322,0.2255525841942485,-0.027514862
11515,2022-10-31,92402,0.1367738853158771,-0.022215616
11516,2022-10-31,92602,0.14923479942960527,-0.09019009
11517,2022-10-31,92611,0.11384409044131671,-0.08293246
11518,2022-10-31,92614,0.08182462280201275,-0.09623615
11519,2022-10-31,92655,-0.09803565737345266,-0.02637238
11520,2022-10-31,93002,0.2548011823400276,-0.085742004
11521,2022-10-31,93089,-0.004005114434583956,-0.09988146
11522,2022-10-31,93096,-0.08205461526246982,-0.07518758
11523,2022-10-31,93132,-0.08432277445533709,-0.06394979
11524,2022-10-31,93246,0.04046186934796925,0.1101016
11525,2022-10-31,93429,-0.00900873917713263,-0.101968266
11526,2022-10-31,93436,-0.23872652034642683,0.012853989
11527,2023-01-31,10104,0.07533725788643242,-0.11419798
11528,2023-01-31,10107,0.24303154565843754,-0.097331814
11529,2023-01-31,10138,-0.024503989884777644,-0.07676723
11530,2023-01-31,10145,-0.03637860803024828,-0.12645893
11531,2023-01-31,10516,-0.052376079043424784,-0.07906072
11532,2023-01-31,10696,0.1447347749821808,-0.11191681
11533,2023-01-31,11308,0.054130911108952295,-0.12319936
11534,2023-01-31,11403,0.1456003569752442,-0.112360634
11535,2023-01-31,11404,0.042343862032269364,-0.08204956
11536,2023-01-31,11600,0.14260595643204366,-0.034947198
11537,2023-01-31,11618,0.0794222305456529,-0.07747579
11538,2023-01-31,11674,-0.025432560024516215,-0.00038146222
11539,2023-01-31,11762,0.03526215075728656,-0.12477569
11540,2023-01-31,11850,0.027962626578967864,-0.076120734
11541,2023-01-31,11891,0.08475493692976177,-0.018629886
11542,2023-01-31,11955,0.07814289621997572,-0.124439344
11543,2023-01-31,12052,-0.057753405851687645,-0.11140904
11544,2023-01-31,12060,0.23087449063994225,-0.102651134
11545,2023-01-31,12062,-0.0981092132472644,-0.0457668
11546,2023-01-31,12084,-0.10656727846662328,-0.10376913
11547,2023-01-31,12308,-0.040617071844697095,-0.09059692
11548,2023-01-31,12345,-0.009537013890042467,-0.059255138
11549,2023-01-31,12369,-0.15780328596224047,-0.017373703
11550,2023-01-31,12431,0.04150308821745252,-0.11375745
11551,2023-01-31,12448,-0.9750852077649645,-0.053232864
11552,2023-01-31,12449,0.024472624008645028,-0.035708513
11553,2023-01-31,12490,-0.05017906713749587,-0.1244651
11554,2023-01-31,12558,-0.04740399569429221,-0.12368296
11555,2023-01-31,12622,0.1291273912609303,-0.11509054
11556,2023-01-31,12623,-0.0803928141992436,-0.07394536
11557,2023-01-31,12872,-0.04512480909238159,0.033097632
11558,2023-01-31,13035,0.001554148009963452,0.024879226
11559,2023-01-31,13103,-0.0904573329406464,-0.057253048
11560,2023-01-31,13210,-0.1509398543982139,0.02193343
11561,2023-01-31,13323,-0.2582883111783919,0.09033536
11562,2023-01-31,13356,-0.0022560166372973534,-0.114923924
11563,2023-01-31,13407,0.6132144549663205,-0.05396182
11564,2023-01-31,13447,0.009426450658574614,-0.030491805
11565,2023-01-31,13586,0.05310823997204284,-0.006173203
11566,2023-01-31,13641,-0.0069141509633439124,-0.06512147
11567,2023-01-31,13688,0.07610431596278455,-0.057647776
11568,2023-01-31,13721,0.03211480271182965,-0.117072634
11569,2023-01-31,13760,-0.12228852264687806,0.07115233
11570,2023-01-31,13788,0.06446317944857993,-0.120494105
11571,2023-01-31,13856,0.1235914038069863,-0.119189106
11572,2023-01-31,13901,0.07765733876954362,-0.12206978
11573,2023-01-31,13911,-0.17950478515883572,-0.12022174
11574,2023-01-31,13928,-0.146710103370139,-0.09457271
11575,2023-01-31,13949,-0.1323802281673988,-0.046661355
11576,2023-01-31,13963,-0.12533475729206123,-0.027965073
11577,2023-01-31,13964,-0.1262016299635803,0.061333723
11578,2023-01-31,14008,-0.04176494786635965,-0.123002484
11579,2023-01-31,14277,-0.12989362017266193,-0.100946024
11580,2023-01-31,14297,-0.05621430138068306,-0.036568135
11581,2023-01-31,14338,-0.006352187076241966,-0.121734895
11582,2023-01-31,14541,-0.022609613339462764,-0.09895369
11583,2023-01-31,14542,0.08361164986840497,-0.08710183
11584,2023-01-31,14579,-0.10363306355706725,-0.07682679
11585,2023-01-31,14593,0.17775785891901363,-0.09287861
11586,2023-01-31,14702,0.016200209338049776,-0.029125582
11587,2023-01-31,14714,0.2709091949399989,-0.03549275
11588,2023-01-31,14763,-0.06405096552497724,0.0130509045
11589,2023-01-31,14776,-0.19158227621942037,0.0063422425
11590,2023-01-31,14882,-0.13004212976196972,0.007546938
11591,2023-01-31,14889,-0.28577715825637395,-0.07542316
11592,2023-01-31,14939,-0.19353229325935395,-0.08454801
11593,2023-01-31,15069,-0.11725547393831515,-0.051253084
11594,2023-01-31,15202,-0.04253268070511651,-0.05353518
11595,2023-01-31,15272,-0.10497194683575084,0.035604723
11596,2023-01-31,15291,-0.26566495359352194,0.016294375
11597,2023-01-31,15408,-0.02083440113626478,-0.12291077
11598,2023-01-31,15488,-0.06737011855664521,-0.08897156
11599,2023-01-31,15579,-0.05648704479753908,-0.123280175
11600,2023-01-31,15707,-0.1047698057243186,-0.05841717
11601,2023-01-31,15720,0.07947067933075425,-0.05855234
11602,2023-01-31,15850,-0.31817847389799425,-0.06513203
11603,2023-01-31,16087,-0.07164413624489907,0.03693601
11604,2023-01-31,16431,0.12256024518844488,0.018563056
11605,2023-01-31,16600,0.22111542234820347,-0.085404016
11606,2023-01-31,16678,0.09611632695147354,-0.08145228
11607,2023-01-31,16692,0.018562335219466153,-0.07534315
11608,2023-01-31,16851,-0.052554943226425066,-0.10391511
11609,2023-01-31,17005,-0.16214780446396548,-0.12093407
11610,2023-01-31,17144,0.13808660092042602,-0.10823133
11611,2023-01-31,17478,-0.03046496723358405,-0.107976
11612,2023-01-31,17700,-0.12174939555714004,-0.019267503
11613,2023-01-31,17743,-0.15867519040820388,-0.030928524
11614,2023-01-31,17750,0.12517646356223056,-0.121451646
11615,2023-01-31,17830,0.006023938438676657,-0.12550364
11616,2023-01-31,18143,0.12061576325381229,-0.11405357
11617,2023-01-31,18163,0.10517878635974598,-0.12201495
11618,2023-01-31,18312,-0.24520134277264316,-0.10667535
11619,2023-01-31,18411,0.09782129705903331,-0.11999014
11620,2023-01-31,18420,-0.013036765290003749,-0.035593465
11621,2023-01-31,18421,-0.029120663879794617,-0.027105449
11622,2023-01-31,18428,-0.07214517883104188,-0.105499096
11623,2023-01-31,18542,-0.12802070919638298,-0.11600693
11624,2023-01-31,18592,-0.04938745203257222,-0.1205339
11625,2023-01-31,18724,-0.0803799152459046,0.0012617542
11626,2023-01-31,18729,0.07743833618618634,-0.114923924
11627,2023-01-31,19166,-0.06729125905457878,0.018043624
11628,2023-01-31,19285,-0.0814867225155752,-0.10823638
11629,2023-01-31,19286,0.04093323307851793,-0.071409315
11630,2023-01-31,19350,-0.10322904987174464,-0.12550364
11631,2023-01-31,19393,-0.07352944179147614,-0.12264255
11632,2023-01-31,19502,-0.031107536816637804,-0.07178433
11633,2023-01-31,19561,-0.02920421444393828,-0.06824204
11634,2023-01-31,19583,-0.06531685974864387,-0.04032008
11635,2023-01-31,20057,-0.2240148650395981,-0.08344817
11636,2023-01-31,20482,0.004193312928965298,-0.108525425
11637,2023-01-31,21020,-0.15489714107442687,-0.013338808
11638,2023-01-31,21124,-0.17359877484213782,-0.027965073
11639,2023-01-31,21178,0.008912307322663349,-0.12433902
11640,2023-01-31,21186,-0.2308306229837761,-0.034551293
11641,2023-01-31,21207,-0.09598066129079896,-0.10379133
11642,2023-01-31,21371,0.06976493590132038,-0.012640811
11643,2023-01-31,21573,-0.19879864563777694,-0.016020618
11644,2023-01-31,21776,0.014685854631867112,-0.11768996
11645,2023-01-31,21792,0.01821730205531291,-0.0106013
11646,2023-01-31,21936,-0.1193404042046099,-0.10347316
11647,2023-01-31,22103,-0.07154193046816926,-0.112973265
11648,2023-01-31,22111,0.008770041626888103,-0.11326448
11649,2023-01-31,22293,-0.03232850568787582,-0.07881988
11650,2023-01-31,22509,0.08127266187821358,0.017219119
11651,2023-01-31,22517,-0.020967900835703657,-0.0593044
11652,2023-01-31,22592,-0.06462803329820577,-0.113074735
11653,2023-01-31,22752,0.08237468590900288,-0.10259083
11654,2023-01-31,22779,0.13755579506581794,-0.124822624
11655,2023-01-31,23026,-0.01853218513833732,-0.070935376
11656,2023-01-31,23229,-0.006894675180295851,0.013950838
11657,2023-01-31,23393,0.20503864036304487,-0.07939706
11658,2023-01-31,23473,-0.05293446605065,0.0060990416
11659,2023-01-31,23536,0.03176970278428759,-0.079294786
11660,2023-01-31,23579,-0.08086619480574919,-0.08241327
11661,2023-01-31,23660,0.02977405250792131,-0.119406804
11662,2023-01-31,23712,0.03057505192100085,-0.061925367
11663,2023-01-31,23819,-0.20197292702555902,-0.11255035
11664,2023-01-31,23931,0.02465726985662897,-0.11882962
11665,2023-01-31,24010,0.0038140774369155306,-0.07864316
11666,2023-01-31,24053,0.0017110037793257593,-0.08512576
11667,2023-01-31,24109,-0.007162660094223505,-0.12336442
11668,2023-01-31,24205,0.03348148953148211,-0.105902605
11669,2023-01-31,24328,0.07154115869177713,0.03630053
11670,2023-01-31,24643,0.08955496373650695,0.00053954
11671,2023-01-31,24766,0.033313644284854727,-0.045416165
11672,2023-01-31,24985,0.03188446603839035,-0.07883572
11673,2023-01-31,25081,-0.3987486544869395,-0.0729612
11674,2023-01-31,25232,-0.030883460507526883,-0.06347023
11675,2023-01-31,25320,0.052601882893735574,-0.09138437
11676,2023-01-31,25419,-0.09141592802119902,-0.034909524
11677,2023-01-31,25582,-0.0864989061594158,-0.12112313
11678,2023-01-31,25785,-0.053477241584274804,-0.08899692
11679,2023-01-31,25953,-0.03410526077222176,-0.0532199
11680,2023-01-31,26403,-0.05521345898467345,-0.10492219
11681,2023-01-31,26710,-0.0626323702220899,-0.043387014
11682,2023-01-31,26825,0.026451881526497134,-0.06438743
11683,2023-01-31,27828,0.02923988385622467,-0.07747579
11684,2023-01-31,27887,0.051029990553179694,0.07158889
11685,2023-01-31,27959,-0.02497712646020267,-0.123979084
11686,2023-01-31,27991,0.06404990982323056,-0.05390215
11687,2023-01-31,28222,-0.07598707629880852,-0.11302196
11688,2023-01-31,28484,-0.030702730537520706,-0.012669053
11689,2023-01-31,28804,-0.1534930187500566,0.044826742
11690,2023-01-31,29946,-0.019348164935482193,-0.022591973
11691,2023-01-31,30681,0.061641220057516044,-0.053380847
11692,2023-01-31,32870,-0.10123156985448878,-0.0032408298
11693,2023-01-31,32986,-0.022717237445475713,-0.051221132
11694,2023-01-31,34032,0.01122722306360635,-0.035593465
11695,2023-01-31,34746,-0.2689864038526948,-0.07676723
11696,2023-01-31,34817,-0.12034693151140496,-0.0051372936
11697,2023-01-31,34833,-0.04749338488411392,0.02401014
11698,2023-01-31,35044,-0.21679096193897496,-0.07703345
11699,2023-01-31,35554,-0.18671889195181768,-0.07461936
11700,2023-01-31,36003,0.1649771295259841,0.00899973
11701,2023-01-31,36468,0.006767539837724934,-0.034527496
11702,2023-01-31,37584,-0.12861896969150644,-0.08604618
11703,2023-01-31,38093,0.066175628669767,-0.123308145
11704,2023-01-31,38156,-0.04688207132586952,-0.1189557
11705,2023-01-31,38703,-0.14652184271380297,-0.120494105
11706,2023-01-31,38762,0.044049760109893255,-0.050792847
11707,2023-01-31,39490,-0.16322276293264593,0.03091883
11708,2023-01-31,39642,0.052038831058696555,-0.123979084
11709,2023-01-31,39917,-0.10201282713134352,-0.05361519
11710,2023-01-31,40125,-0.16985528216475942,-0.007722762
11711,2023-01-31,40272,-0.12946108432900316,-0.055530965
11712,2023-01-31,40539,-0.03359998094476935,-0.11496996
11713,2023-01-31,41080,-0.052137256920151254,-0.092278585
11714,2023-01-31,41355,0.00033258171852468266,-0.10823638
11715,2023-01-31,42200,-0.050682454902215124,-0.07794077
11716,2023-01-31,42585,0.01759355679611896,-0.099066384
11717,2023-01-31,42877,-0.07074556207124416,-0.07729998
11718,2023-01-31,42906,-0.2506339943462371,-0.07703345
11719,2023-01-31,43350,-0.024159824370097893,-0.00919736
11720,2023-01-31,43449,0.1123897306631505,-0.12511875
11721,2023-01-31,43553,-0.23023479177342865,0.0046319966
11722,2023-01-31,44206,-0.04863281431345645,-0.0775293
11723,2023-01-31,44329,0.12116300177500272,-0.045778655
11724,2023-01-31,44601,-0.07517772728351979,-0.038012125
11725,2023-01-31,44644,-0.02017283476020415,-0.11279426
11726,2023-01-31,45356,-0.13445518461534944,-0.10865806
11727,2023-01-31,45751,0.03381315042393984,-0.12501422
11728,2023-01-31,45911,-0.028992723632035755,-0.04260084
11729,2023-01-31,46578,0.15284510338532686,-0.07437353
11730,2023-01-31,46674,0.008496809419500817,-0.055818714
11731,2023-01-31,46703,-0.13565431833732278,-0.10798507
11732,2023-01-31,46886,-0.011895822247361632,-0.03025129
11733,2023-01-31,47896,-0.004545680240970129,-0.10719347
11734,2023-01-31,48486,0.051610067542468885,-0.031192351
11735,2023-01-31,48506,-0.027302684214722595,-0.10663313
11736,2023-01-31,48653,0.038603494137665395,-0.10571098
11737,2023-01-31,48725,-0.03570814944778333,-0.12386959
11738,2023-01-31,49015,-0.3732226968962955,0.067269005
11739,2023-01-31,49154,-0.07781351565781747,-0.1158032
11740,2023-01-31,49656,-0.15038344402394044,-0.103359595
11741,2023-01-31,49680,-0.10293633578400485,-0.12414352
11742,2023-01-31,50876,0.15399259333191728,-0.075643025
11743,2023-01-31,51369,-0.10054519010325114,-0.08605255
11744,2023-01-31,52038,-0.0030312051391665484,-0.123612165
11745,2023-01-31,52090,0.17477346138983396,-0.017104005
11746,2023-01-31,52230,-0.12529132205874804,-0.06291608
11747,2023-01-31,52329,-0.06345663808305035,-0.07870967
11748,2023-01-31,52476,-0.06040356903896227,-0.05530163
11749,2023-01-31,52695,0.18306482563540794,-0.08043017
11750,2023-01-31,52708,0.10537977313228741,-0.052437164
11751,2023-01-31,52978,0.01267486521836747,-0.0022043216
11752,2023-01-31,53065,-0.011475933990110043,-0.02068568
11753,2023-01-31,53613,0.0694302295695921,-0.019238822
11754,2023-01-31,54148,0.18375718250856354,-0.08133916
11755,2023-01-31,55976,0.05367583975940904,-0.123979084
11756,2023-01-31,56274,0.029594074073363785,-0.07698788
11757,2023-01-31,56573,0.030595354648081052,-0.12552644
11758,2023-01-31,57568,-0.08362849755616142,0.039184626
11759,2023-01-31,57665,-0.00199331783902601,-0.0629661
11760,2023-01-31,57904,-0.04389188768876828,-0.11512494
11761,2023-01-31,58246,-0.18702050217348198,0.010841957
11762,2023-01-31,58413,-0.1034092834349003,-0.03541092
11763,2023-01-31,58683,-0.14863379399318077,-0.053336788
11764,2023-01-31,58819,0.028930795372615226,-0.06337662
11765,2023-01-31,59176,-0.07425109612128822,-0.042773552
11766,2023-01-31,59248,0.13993142831163152,-0.086050846
11767,2023-01-31,59300,-0.019566150197451226,-0.06860331
11768,2023-01-31,59328,0.11306385941615837,-0.027486276
11769,2023-01-31,59408,-0.16932501688059964,-0.11276928
11770,2023-01-31,59459,-0.047149150833894815,-0.12291077
11771,2023-01-31,60097,0.0962767454442992,-0.12140335
11772,2023-01-31,60206,0.04985320775190538,-0.052446544
11773,2023-01-31,60442,-0.2032169103039927,-0.093944214
11774,2023-01-31,60506,0.02843832574300853,-0.11325237
11775,2023-01-31,60628,0.18169029913217427,-0.10452869
11776,2023-01-31,60871,0.05397847393618638,-0.113321245
11777,2023-01-31,60986,-0.2265799603602311,0.053218834
11778,2023-01-31,61241,0.18922312278385922,-0.015716424
11779,2023-01-31,61399,0.0030717494720828853,-0.123610765
11780,2023-01-31,61516,-0.03565900041160763,-0.039139595
11781,2023-01-31,61621,-0.04527080036783693,-0.1249487
11782,2023-01-31,61735,0.022325233966961955,-0.11607378
11783,2023-01-31,62092,-0.02644334802188497,-0.12414352
11784,2023-01-31,62148,-0.005511549906303759,-0.1227583
11785,2023-01-31,62308,-0.10018955476063629,-0.060928144
11786,2023-01-31,62498,0.36081879188712995,-0.041812785
11787,2023-01-31,63467,0.10171568524887187,-0.05642455
11788,2023-01-31,64186,-0.19665305066257832,-0.07079693
11789,2023-01-31,64282,-0.23356515608199413,-0.014623867
11790,2023-01-31,64311,-0.16966267072559071,-0.12180946
11791,2023-01-31,64390,0.0010561252317469183,-0.1262818
11792,2023-01-31,64653,-0.021142016401504926,-0.12158209
11793,2023-01-31,64936,-0.09124018459642436,-0.11867443
11794,2023-01-31,64995,-0.4065914593538644,0.01287409
11795,2023-01-31,65402,0.01312752065020617,0.020607634
11796,2023-01-31,65541,0.093197239859526,0.043286007
11797,2023-01-31,65875,-0.05047396891575695,-0.10888524
11798,2023-01-31,65947,0.06437534896338759,-0.07501916
11799,2023-01-31,66093,-0.12029763566209462,-0.114181295
11800,2023-01-31,66157,-0.302325334297178,-0.108074404
11801,2023-01-31,66181,-0.066251178389101,-0.12414352
11802,2023-01-31,66384,-0.21638246434287678,0.0023876543
11803,2023-01-31,66800,-0.15567291183240972,-0.11584198
11804,2023-01-31,67598,-0.1915314512242996,-0.035593465
11805,2023-01-31,69032,-0.06765367683355672,-0.109054804
11806,2023-01-31,69649,-0.19360181405026677,-0.07703345
11807,2023-01-31,69796,-0.005412845346618456,-0.035419952
11808,2023-01-31,70519,-0.07973204951961665,-0.10883871
11809,2023-01-31,70578,0.08770335001783192,-0.12113099
11810,2023-01-31,71563,-0.33319662184170873,-0.109175414
11811,2023-01-31,72726,-0.2022204700423511,-0.044263866
11812,2023-01-31,73139,0.1837600701876121,-0.1262818
11813,2023-01-31,75034,-0.07318332264565497,-0.0684283
11814,2023-01-31,75154,-0.14879859049470145,0.016217044
11815,2023-01-31,75186,-0.32311782601996264,-0.12019024
11816,2023-01-31,75241,-0.030453955454419646,-0.12157423
11817,2023-01-31,75510,0.01949285803256995,-0.098353416
11818,2023-01-31,75591,-0.13918061240663715,-0.00088887307
11819,2023-01-31,75607,-0.2275813598686296,-0.067842975
11820,2023-01-31,75694,0.0038137419108845716,-0.07882294
11821,2023-01-31,75819,-0.06294352971835027,0.034920435
11822,2023-01-31,75825,-0.08152876331206405,-0.12524483
11823,2023-01-31,75828,-0.009184169302624778,-0.077688605
11824,2023-01-31,75912,-0.06739193078466243,-0.04548919
11825,2023-01-31,76076,-0.021867396938938688,-0.12401744
11826,2023-01-31,76082,0.04836709866949551,-0.07712655
11827,2023-01-31,76095,0.05702158713366123,-0.053227007
11828,2023-01-31,76185,0.17429993573133418,-0.07845655
11829,2023-01-31,76226,0.019615900534749153,0.00072409515
11830,2023-01-31,76230,-0.18877007949989288,-0.06262545
11831,2023-01-31,76605,0.09204074602536694,-0.12100147
11832,2023-01-31,76614,0.057114186255473154,-0.1262818
11833,2023-01-31,76709,0.024267233160814694,-0.09379253
11834,2023-01-31,76712,-0.13075788812223266,-0.07702352
11835,2023-01-31,76744,0.054562409512709964,-0.11453106
11836,2023-01-31,76795,-0.08903352246701146,0.006209549
11837,2023-01-31,76841,0.04582261009957089,-0.12349664
11838,2023-01-31,77037,-0.03742714610769993,-0.10855615
11839,2023-01-31,77129,-0.13576410329577382,-0.073820814
11840,2023-01-31,77178,-0.11787277231444282,-0.029282266
11841,2023-01-31,77274,-0.011401810363906084,-0.12429081
11842,2023-01-31,77338,0.06734381442822235,-0.1234905
11843,2023-01-31,77357,0.04966705066201871,-0.112360634
11844,2023-01-31,77496,-0.11793871096288588,-0.010255516
11845,2023-01-31,77605,0.12691956051753084,-0.122593865
11846,2023-01-31,77649,-0.0846829335933158,0.038288902
11847,2023-01-31,77661,0.11561068333949276,-0.05265048
11848,2023-01-31,77702,0.05241658863919341,-0.10865544
11849,2023-01-31,77730,-0.041880144309969336,-0.07056222
11850,2023-01-31,78975,0.052178387135373594,-0.117886506
11851,2023-01-31,78987,-0.05560961210792681,-0.10432408
11852,2023-01-31,79057,-0.11014952459362326,-0.12511875
11853,2023-01-31,79103,0.1577121036970135,-0.10689479
11854,2023-01-31,79145,0.007544578223007248,0.017699102
11855,2023-01-31,79323,-0.09271351162077401,-0.086052634
11856,2023-01-31,79545,0.0214154766608865,-0.03471228
11857,2023-01-31,79547,0.005473956840106986,-0.071095906
11858,2023-01-31,79637,0.01595748089902327,-0.053277105
11859,2023-01-31,79678,0.014891185653577832,-0.121645026
11860,2023-01-31,79698,-0.10551741037398465,-0.057633787
11861,2023-01-31,79782,-0.06807806767535873,-0.052363705
11862,2023-01-31,79785,0.10815859907377812,0.035931047
11863,2023-01-31,79906,-0.12602567188684333,-0.052350663
11864,2023-01-31,80080,-0.035122227258951866,-0.034909524
11865,2023-01-31,80100,-0.1043244483793987,-0.10768321
11866,2023-01-31,80183,-0.06873515975268152,-0.0771376
11867,2023-01-31,80191,-0.33982810895384463,-0.016960818
11868,2023-01-31,80204,0.011718901035016716,-0.0780619
11869,2023-01-31,80286,0.05032530191956308,-0.06816136
11870,2023-01-31,80320,0.18676159616215537,0.06004665
11871,2023-01-31,80381,0.02678273017170474,-0.071095906
11872,2023-01-31,80681,-0.017046345207239688,-0.09973123
11873,2023-01-31,81045,-0.06234469041484236,-0.11189
11874,2023-01-31,81055,-0.17831595276001966,-0.041797597
11875,2023-01-31,81061,-0.03665122549213129,-0.0648051
11876,2023-01-31,81481,0.023504781700126376,-0.072271764
11877,2023-01-31,81540,-0.009397498813881744,-0.089433946
11878,2023-01-31,81655,0.03505897974348815,-0.055205125
11879,2023-01-31,81677,-0.05761493159071929,0.023354284
11880,2023-01-31,81696,-0.4781099543864509,0.032757036
11881,2023-01-31,81736,0.05723182966733775,-0.08258063
11882,2023-01-31,81774,-0.14741458438077282,-0.059757486
11883,2023-01-31,82303,0.08622807213505834,-0.07399461
11884,2023-01-31,82307,0.09673558675141125,0.042951465
11885,2023-01-31,82515,-0.08632579625191861,-0.07526263
11886,2023-01-31,82581,-0.061982581816756865,-0.05003319
11887,2023-01-31,82598,-0.04287349416296715,-0.08621884
11888,2023-01-31,82642,-0.10714372278363415,-0.060154524
11889,2023-01-31,82651,-0.08588150349597767,0.0007304589
11890,2023-01-31,82775,-0.08028186660235903,-0.07283695
11891,2023-01-31,83143,0.02406962168686566,-0.075923726
11892,2023-01-31,83443,0.054669735835785715,-0.12264713
11893,2023-01-31,83597,-0.024536490071541683,-0.06802432
11894,2023-01-31,83621,0.17855423853718855,0.03864802
11895,2023-01-31,84129,-0.4718032197986196,-0.0729612
11896,2023-01-31,84373,-0.06048125538633453,-0.071972884
11897,2023-01-31,84381,0.00887400161298535,-0.08312827
11898,2023-01-31,84761,0.09767987551931112,-0.0578482
11899,2023-01-31,84767,-0.2199125528915078,0.02416194
11900,2023-01-31,84769,-0.05134843840316072,-0.12527372
11901,2023-01-31,84788,0.022495487852401297,-0.07273725
11902,2023-01-31,85035,-0.15258355273772872,-0.0848759
11903,2023-01-31,85058,-0.2709807721974363,-0.06574969
11904,2023-01-31,85072,-0.06707284713484252,0.00227617
11905,2023-01-31,85257,-0.046518644964581135,-0.06965997
11906,2023-01-31,85269,-0.1751312027456544,0.037571315
11907,2023-01-31,85348,0.08214894178874421,-0.123011544
11908,2023-01-31,85459,0.013056111277133686,-0.10099194
11909,2023-01-31,85592,-0.024152128267827755,-0.110948026
11910,2023-01-31,85621,-0.02702080917128491,-0.0717249
11911,2023-01-31,85631,-0.09467366779342923,-0.122997314
11912,2023-01-31,85663,-0.17840213107572445,0.019223817
11913,2023-01-31,85753,0.01720538145967354,-0.058252275
11914,2023-01-31,85792,0.11522199836436298,-0.07297685
11915,2023-01-31,85913,-0.02552150389518426,-0.11967319
11916,2023-01-31,85914,-0.14988011828885983,-0.05514805
11917,2023-01-31,85926,-0.11991303985992119,-0.035593465
11918,2023-01-31,86111,-0.07828493541489523,-0.12140335
11919,2023-01-31,86136,-0.02226135537725238,-0.12527372
11920,2023-01-31,86158,-0.10155664493273486,-0.06255165
11921,2023-01-31,86228,0.16287251557523175,-0.11664895
11922,2023-01-31,86339,-0.15901195290328252,-0.10659078
11923,2023-01-31,86356,-0.05655735753585933,-0.054919302
11924,2023-01-31,86580,0.4205720230797836,-0.048651297
11925,2023-01-31,86783,0.10361164425378488,-0.10663144
11926,2023-01-31,86868,-0.054373323545711116,-0.12541845
11927,2023-01-31,86964,-0.09007262220643109,-0.07211432
11928,2023-01-31,86979,-0.059895150552945475,-0.059283294
11929,2023-01-31,86996,-0.12008820936313647,-0.08403752
11930,2023-01-31,87055,-0.013804209693086267,-0.12237093
11931,2023-01-31,87137,-0.13984388064347553,-0.089071475
11932,2023-01-31,87267,-0.10950243335769039,-0.10856694
11933,2023-01-31,87299,-0.07847130486873755,-0.025219614
11934,2023-01-31,87432,-0.10802355683028098,-0.1253998
11935,2023-01-31,87445,-0.023238000373267176,0.0013114498
11936,2023-01-31,87447,-0.020673911107777942,-0.11533201
11937,2023-01-31,87541,-0.04311475696002409,-0.034466118
11938,2023-01-31,87657,0.1470630179744108,-0.1181182
11939,2023-01-31,87717,0.052613400094151164,-0.083460845
11940,2023-01-31,87842,-0.15410041777155092,-0.12256111
11941,2023-01-31,88031,0.0760977908641105,-0.12527372
11942,2023-01-31,88281,-0.2184170021919266,-0.0019873807
11943,2023-01-31,88352,0.22601382173355544,-0.104947574
11944,2023-01-31,88446,-0.040335578494530955,0.04237426
11945,2023-01-31,88661,-0.09799684118565744,-0.09072619
11946,2023-01-31,88664,-0.09012854411417226,-0.05318557
11947,2023-01-31,88837,0.00028708869560856165,0.054288875
11948,2023-01-31,88860,0.20601987780198505,-0.019759972
11949,2023-01-31,88873,0.0023867110544339987,-0.07089522
11950,2023-01-31,89003,-0.21067178635431227,-0.0853359
11951,2023-01-31,89006,0.17885771229715197,-0.119125746
11952,2023-01-31,89017,-0.08552978161588087,-0.05538504
11953,2023-01-31,89070,0.08923604493259707,-0.054623127
11954,2023-01-31,89071,0.008408150213312648,-0.123610765
11955,2023-01-31,89179,-0.05966673234289677,-0.1251224
11956,2023-01-31,89195,-0.18593968927129068,-0.05996352
11957,2023-01-31,89217,-0.16563038829789745,-0.081037514
11958,2023-01-31,89258,-0.1607488535719187,-0.120149255
11959,2023-01-31,89269,-0.09587999339716924,-0.106569774
11960,2023-01-31,89393,-0.06762400128008683,-0.022977047
11961,2023-01-31,89508,-0.005959661792647619,0.001700422
11962,2023-01-31,89525,0.059407348095141366,-0.106032126
11963,2023-01-31,89533,0.1026593197357506,-0.007085527
11964,2023-01-31,89617,-0.01425315234683755,-0.097741865
11965,2023-01-31,89626,0.058088236826632667,-0.12095981
11966,2023-01-31,89641,-0.12315705033191193,-0.0063760737
11967,2023-01-31,89866,-0.01581935080370922,-0.072550625
11968,2023-01-31,90038,-0.06626756968094949,0.038447253
11969,2023-01-31,90071,0.009567024253562595,-0.040084794
11970,2023-01-31,90199,-0.10349679833769432,0.04055698
11971,2023-01-31,90215,0.1809870178878481,-0.09818102
11972,2023-01-31,90248,-0.09710738415773568,-0.10044465
11973,2023-01-31,90305,-0.026771743655003122,-0.07221311
11974,2023-01-31,90319,0.08600245267771633,-0.08486935
11975,2023-01-31,90373,-0.1249872913918828,-0.06006755
11976,2023-01-31,90386,-0.12719400523684243,-0.07197557
11977,2023-01-31,90454,-0.12322594525616948,-0.012905496
11978,2023-01-31,90455,0.08519049435636927,0.00992997
11979,2023-01-31,90505,0.08219949278994254,-0.088666566
11980,2023-01-31,90520,-0.12687091634208192,-0.085099086
11981,2023-01-31,90601,-0.07661232300494547,-0.082689635
11982,2023-01-31,90664,0.13306797203705978,-0.11092156
11983,2023-01-31,90808,-0.17795575084631354,-0.03788718
11984,2023-01-31,90829,-0.15095004619951014,-0.08230198
11985,2023-01-31,90880,-0.1253997672408702,-0.112176776
11986,2023-01-31,90993,0.017117627164261906,-0.10817141
11987,2023-01-31,91041,-0.15790821710632053,-0.0578482
11988,2023-01-31,91068,0.25585789339282416,-0.11967319
11989,2023-01-31,91103,-0.10539223124568398,-0.014402332
11990,2023-01-31,91152,0.06583231828558378,-0.111016974
11991,2023-01-31,91233,0.027053842117365612,-0.10941799
11992,2023-01-31,91547,-0.05281540929312567,-0.08045815
11993,2023-01-31,91556,-0.09403811540534002,-0.1096124
11994,2023-01-31,91611,0.02803421785909177,0.060715526
11995,2023-01-31,91849,-0.027804910130381666,0.004258716
11996,2023-01-31,91926,-0.1225072710883024,-0.04054406
11997,2023-01-31,91937,-0.03623259040893001,-0.11544031
11998,2023-01-31,92121,-0.10873804245440388,-0.04747398
11999,2023-01-31,92157,-0.0335091198267663,-0.11158767
12000,2023-01-31,92322,0.07290791514144201,-0.04261549
12001,2023-01-31,92402,-0.09012321689743419,-0.10918584
12002,2023-01-31,92602,-0.027776416384564184,-0.113161005
12003,2023-01-31,92611,0.012931551415320763,-0.11178096
12004,2023-01-31,92614,-0.048688911348249375,-0.08202115
12005,2023-01-31,92655,-0.01069010564031081,-0.111205414
12006,2023-01-31,93002,0.07865491081388276,-0.11045725
12007,2023-01-31,93089,0.06977991939952122,-0.07675412
12008,2023-01-31,93096,-0.04938851215337947,-0.11091367
12009,2023-01-31,93132,0.20462345315094543,-0.11956558
12010,2023-01-31,93246,-0.15240898181982987,0.03725022
12011,2023-01-31,93429,0.14133534433330008,-0.062181022
12012,2023-01-31,93436,-0.0514343587031002,0.01009496
12013,2023-04-30,10104,0.2419570779053477,-0.13182685
12014,2023-04-30,10107,0.09564503712702077,-0.04424676
12015,2023-04-30,10138,0.10934286166924623,-0.02462587
12016,2023-04-30,10145,-0.023411600123519838,-0.07499733
12017,2023-04-30,10516,0.09481195550826427,-0.05843027
12018,2023-04-30,10696,0.033493487377522335,-0.12500915
12019,2023-04-30,11308,-0.027353722891374943,-0.05996609
12020,2023-04-30,11403,0.11725810593756947,-0.13099244
12021,2023-04-30,11404,-0.028580929616486617,-0.07001831
12022,2023-04-30,11600,-0.0062681194855722655,-0.0897641
12023,2023-04-30,11618,0.09510725811797838,0.060150933
12024,2023-04-30,11674,0.02531473605927581,-0.0806968
12025,2023-04-30,11762,0.23475602694530284,-0.12798558
12026,2023-04-30,11850,-0.08594680181657732,-0.11431229
12027,2023-04-30,11891,0.13023024085731905,-0.093647264
12028,2023-04-30,11955,-0.009369118048167868,-0.042088676
12029,2023-04-30,12052,0.030305764438625538,-0.06004806
12030,2023-04-30,12060,0.15512757910068142,-0.09270311
12031,2023-04-30,12062,0.11370652357402622,-0.08090279
12032,2023-04-30,12084,0.3688217992858298,-0.10478295
12033,2023-04-30,12308,0.09896834710893421,0.015564522
12034,2023-04-30,12345,0.059879768979906434,0.04018628
12035,2023-04-30,12369,0.1644798563930292,-0.075367816
12036,2023-04-30,12431,0.07820385720946077,-0.13509941
12037,2023-04-30,12449,0.16357285529638177,-0.08907229
12038,2023-04-30,12490,0.15619601505507208,-0.12797822
12039,2023-04-30,12558,0.04925659413875727,-0.058883037
12040,2023-04-30,12622,-0.04854056258123496,-0.12940818
12041,2023-04-30,12623,0.1460306979124566,-0.097089745
12042,2023-04-30,12872,0.09799144754935907,-0.027686464
12043,2023-04-30,13035,0.08944557609189951,-0.11651497
12044,2023-04-30,13103,0.06445701964322126,-0.07313612
12045,2023-04-30,13210,-0.16155650858240922,-0.13235149
12046,2023-04-30,13323,-0.07533304379083472,0.014136721
12047,2023-04-30,13356,0.13922855148667512,-0.13295934
12048,2023-04-30,13407,0.325731310994666,-0.04570801
12049,2023-04-30,13447,0.2689926872095969,-0.053135026
12050,2023-04-30,13586,0.20059643365032298,-0.06372058
12051,2023-04-30,13641,0.04259039963601152,-0.06643693
12052,2023-04-30,13688,0.029221497966358756,0.048409533
12053,2023-04-30,13721,0.0007714035488743942,-0.12527747
12054,2023-04-30,13760,0.653182914844251,0.041077897
12055,2023-04-30,13788,0.07236698868705305,-0.05231216
12056,2023-04-30,13856,-0.011149320695956533,-0.12408073
12057,2023-04-30,13901,-0.023544923929520123,-0.06647239
12058,2023-04-30,13911,0.1887588407291465,0.034119893
12059,2023-04-30,13928,0.15676229814745568,-0.05739361
12060,2023-04-30,13949,0.10695627720265266,0.029486531
12061,2023-04-30,13963,0.12549754274236347,-0.099258356
12062,2023-04-30,13964,0.13295449841251616,0.06104677
12063,2023-04-30,14008,-0.014075980816825262,-0.1262354
12064,2023-04-30,14277,0.1884631031033912,-0.0554004
12065,2023-04-30,14297,0.061825939286327625,-0.09807178
12066,2023-04-30,14338,0.08074962135413388,-0.056812104
12067,2023-04-30,14541,-0.019671558989073912,-0.12769507
12068,2023-04-30,14542,0.22999419167697122,-0.024129672
12069,2023-04-30,14579,0.27166399934897334,-0.12808295
12070,2023-04-30,14593,0.15938514143501847,-0.074308254
12071,2023-04-30,14702,0.34467517167184947,-0.12740977
12072,2023-04-30,14714,-0.03165642668059521,-0.08857469
12073,2023-04-30,14763,-0.031921819207238245,0.06186485
12074,2023-04-30,14776,0.18829840436994294,-0.058507092
12075,2023-04-30,14882,0.3031608804542565,-0.03980286
12076,2023-04-30,14889,0.058927025639500696,-0.051744472
12077,2023-04-30,14939,0.11366981766093454,-0.082190804
12078,2023-04-30,15069,0.09228318824342518,0.012667767
12079,2023-04-30,15202,0.26190898731346657,-0.09607493
12080,2023-04-30,15272,-0.1546382982913821,0.003986433
12081,2023-04-30,15291,0.006137983286228943,-0.105124526
12082,2023-04-30,15408,-0.06900523154688365,-0.059191477
12083,2023-04-30,15488,-0.0023678494075622947,-0.0753516
12084,2023-04-30,15579,0.09214558362094771,-0.12115751
12085,2023-04-30,15707,0.2223490522583471,-0.11011913
12086,2023-04-30,15720,-0.011841738038711469,-0.09084628
12087,2023-04-30,15850,0.2604360850841434,0.017783714
12088,2023-04-30,16087,0.24321434405935616,-0.11389204
12089,2023-04-30,16431,-0.07082513182335692,-0.074536316
12090,2023-04-30,16600,-0.14960787555602784,-0.08720948
12091,2023-04-30,16678,0.005488901061098339,0.058931198
12092,2023-04-30,16692,0.1450844171678034,-0.11536477
12093,2023-04-30,16851,0.12449898437949347,-0.06970282
12094,2023-04-30,17005,0.027057590883078353,-0.06548711
12095,2023-04-30,17144,-0.15009847265497078,-0.12563953
12096,2023-04-30,17478,0.09079212180405372,-0.074209474
12097,2023-04-30,17700,0.11547372533423927,-0.09584118
12098,2023-04-30,17743,0.04898994048101346,-0.0372507
12099,2023-04-30,17750,-0.1011737074602691,-0.047025744
12100,2023-04-30,17830,-0.1144163183044179,-0.1273544
12101,2023-04-30,18143,0.06122926212352153,-0.12615584
12102,2023-04-30,18163,0.005730768519438545,-0.065035105
12103,2023-04-30,18312,-0.1146039895836094,-0.012744064
12104,2023-04-30,18411,-0.007063486459739643,-0.051206876
12105,2023-04-30,18420,0.005712464290592578,-0.09299031
12106,2023-04-30,18421,0.028488090116145504,-0.091229595
12107,2023-04-30,18428,0.05273258169752082,-0.059781373
12108,2023-04-30,18542,0.21792199687828617,-0.12884256
12109,2023-04-30,18592,-0.07414650403390965,-0.12356742
12110,2023-04-30,18724,-0.05340212438088088,-0.097089745
12111,2023-04-30,18729,-0.03840042613254191,-0.06566471
12112,2023-04-30,19166,-0.21699379478976033,-0.09728893
12113,2023-04-30,19285,0.4359039540170173,-0.03421767
12114,2023-04-30,19286,0.07064128985461804,-0.073728025
12115,2023-04-30,19350,0.13998446982211754,-0.12649463
12116,2023-04-30,19393,-0.06022335672491941,-0.0753516
12117,2023-04-30,19502,-0.13681502983828786,0.038271733
12118,2023-04-30,19561,0.15509090115293112,-0.13526374
12119,2023-04-30,19583,-0.007223111424952244,-0.09728893
12120,2023-04-30,20057,0.14327140869445176,-0.10763288
12121,2023-04-30,20482,0.012554254249745878,-0.072165266
12122,2023-04-30,21020,0.2280059997199293,-0.021897065
12123,2023-04-30,21124,-0.09561828972223019,-0.105337985
12124,2023-04-30,21178,-0.032433448339925564,-0.12804225
12125,2023-04-30,21186,0.12322926691522351,-0.10655763
12126,2023-04-30,21207,-0.08558146492828289,-0.048098788
12127,2023-04-30,21371,0.12002399376597972,-0.11009105
12128,2023-04-30,21573,0.1055548223189946,-0.10739798
12129,2023-04-30,21776,-0.00516149148675471,-0.054264314
12130,2023-04-30,21792,-0.005935276368516429,-0.08828765
12131,2023-04-30,21936,-0.052035663992295644,-0.07466374
12132,2023-04-30,22103,0.1041225920069122,-0.06354465
12133,2023-04-30,22111,0.031158041622708188,-0.07324249
12134,2023-04-30,22293,0.0308551855004755,-0.07023665
12135,2023-04-30,22509,0.03058923436102723,-0.067465484
12136,2023-04-30,22517,-0.032862495679096604,-0.0898713
12137,2023-04-30,22592,0.06551606138236354,-0.062247563
12138,2023-04-30,22623,0.25315658954766573,-0.10277911
12139,2023-04-30,22752,-0.07018444945469049,-0.13112004
12140,2023-04-30,22779,-0.013256987125390807,-0.12446448
12141,2023-04-30,22976,-0.039675619058401224,0.058214456
12142,2023-04-30,23026,-0.000383642546827212,-0.0898713
12143,2023-04-30,23229,-0.011313027626579597,-0.07839504
12144,2023-04-30,23393,-0.012154061761618262,-0.07787709
12145,2023-04-30,23473,0.01826066358840195,-0.09728893
12146,2023-04-30,23536,-0.05784617112764534,-0.010967674
12147,2023-04-30,23579,0.16213759709100528,-0.097089745
12148,2023-04-30,23660,0.10419168709752058,-0.12312536
12149,2023-04-30,23712,0.007892958389252192,0.044651896
12150,2023-04-30,23819,0.1993959083692609,0.0576011
12151,2023-04-30,23931,-0.09523731394097978,-0.051093876
12152,2023-04-30,24010,-0.03563652064304368,-0.08920449
12153,2023-04-30,24053,-0.024472935578949584,-0.09232348
12154,2023-04-30,24109,-0.07474380103553413,-0.056812104
12155,2023-04-30,24205,-0.037404186772758474,-0.1273544
12156,2023-04-30,24328,0.21629680991131117,-0.010655075
12157,2023-04-30,24643,0.1557336260817741,-0.12965865
12158,2023-04-30,24766,-0.03115935050284635,-0.12822776
12159,2023-04-30,24985,-0.029741611799495526,-0.08707544
12160,2023-04-30,25081,0.2655029658912138,0.046690665
12161,2023-04-30,25232,0.03951893179341148,-0.096379764
12162,2023-04-30,25320,-0.149379467750673,-0.12405205
12163,2023-04-30,25419,0.04698550492373421,-0.049997665
12164,2023-04-30,25582,-0.022747750265695754,-0.05843027
12165,2023-04-30,25785,0.1238966858023196,-0.07613445
12166,2023-04-30,25953,0.002382725323651913,-0.12972724
12167,2023-04-30,26403,-0.13277865494685337,-0.07466374
12168,2023-04-30,26710,0.08941737128722083,-0.09044675
12169,2023-04-30,26825,-0.03280775657813373,-0.07952036
12170,2023-04-30,27828,0.11440682016767822,0.05212427
12171,2023-04-30,27887,-0.044710874868164496,-0.033508327
12172,2023-04-30,27959,-0.04341605676118443,-0.05926521
12173,2023-04-30,27991,0.06659312275392892,-0.12116052
12174,2023-04-30,28222,0.04332664055877378,-0.12823267
12175,2023-04-30,28484,0.049395664370125436,-0.053545665
12176,2023-04-30,28804,0.11895899417433964,-0.09614559
12177,2023-04-30,29946,0.08809233120165127,-0.09220567
12178,2023-04-30,30681,-0.0587750876640063,-0.09893877
12179,2023-04-30,32870,0.017810931053021006,-0.09251166
12180,2023-04-30,32986,0.0730906133242688,-0.09534861
12181,2023-04-30,34032,0.14042860536556012,-0.09361615
12182,2023-04-30,34746,0.12464998113261516,-0.057841495
12183,2023-04-30,34817,0.16498665377285038,0.005932749
12184,2023-04-30,34833,0.029097693476892506,-0.12829085
12185,2023-04-30,35044,0.1284092422147216,-0.05676319
12186,2023-04-30,35554,0.12389402196640309,-0.0017136649
12187,2023-04-30,36003,-0.030586833428612348,-0.09465855
12188,2023-04-30,36468,0.16703749809462698,-0.063873045
12189,2023-04-30,37584,0.09997078062041154,-0.12835877
12190,2023-04-30,38093,0.0352049655668496,-0.12232198
12191,2023-04-30,38156,0.1552317682571902,-0.059237316
12192,2023-04-30,38703,0.17074564427390682,-0.081164174
12193,2023-04-30,38762,-0.012974357730621056,-0.08907229
12194,2023-04-30,39490,0.1060129278859705,0.0043438952
12195,2023-04-30,39642,0.05798269958029478,-0.052726395
12196,2023-04-30,39917,0.1463326905806297,-0.094611995
12197,2023-04-30,40125,0.159330127902777,-0.091533415
12198,2023-04-30,40272,-0.11821676762442901,-0.05092784
12199,2023-04-30,40539,0.10250536732647952,-0.1295708
12200,2023-04-30,41080,0.11771728850565966,-0.076209694
12201,2023-04-30,41355,0.26779172223869496,-0.12930368
12202,2023-04-30,42200,-0.05726050653479364,-0.09728893
12203,2023-04-30,42585,-0.0180272125150297,-0.12405205
12204,2023-04-30,42877,0.16621256013921615,-0.10454299
12205,2023-04-30,42906,0.1084129905548179,-0.05676319
12206,2023-04-30,43350,0.16114332906572093,-0.029136557
12207,2023-04-30,43449,-0.003420753529023157,-0.12408073
12208,2023-04-30,43553,-0.1441543660596969,-0.10252421
12209,2023-04-30,44206,-0.059543085818946184,-0.02074505
12210,2023-04-30,44329,-0.07709211337680077,-0.0897641
12211,2023-04-30,44601,0.05971623603945431,-0.097089745
12212,2023-04-30,44644,0.13043726329727212,-0.12835777
12213,2023-04-30,45356,0.1688339031856394,-0.12324925
12214,2023-04-30,45751,0.04953993462701978,-0.12679449
12215,2023-04-30,45911,0.08635237411146424,-0.10015059
12216,2023-04-30,46578,-0.08537689928608394,-0.1011342
12217,2023-04-30,46674,-0.06891397006435906,-0.113018386
12218,2023-04-30,46703,0.14813790055932152,-0.10589745
12219,2023-04-30,46886,0.3340838991971613,-0.045804404
12220,2023-04-30,47896,0.15055513583034763,-0.1267237
12221,2023-04-30,48486,0.37473597686621396,-0.05266996
12222,2023-04-30,48506,0.12932319491440492,-0.059504002
12223,2023-04-30,48653,-0.13713096022428062,-0.12659784
12224,2023-04-30,48725,0.1935249533313681,-0.0753516
12225,2023-04-30,49015,0.3126449279173309,0.1991914
12226,2023-04-30,49154,-0.12894457371475854,-0.05821316
12227,2023-04-30,49656,0.07494996239642626,-0.06704806
12228,2023-04-30,49680,0.07783465192345296,-0.005799167
12229,2023-04-30,50876,0.15123941406192465,-0.0623349
12230,2023-04-30,51369,0.23735964385617425,-0.011442741
12231,2023-04-30,52038,0.0010982091707063546,-0.05497552
12232,2023-04-30,52090,0.023243398247890346,-0.091970384
12233,2023-04-30,52230,0.022955588910348546,-0.10651357
12234,2023-04-30,52329,0.09092788760223969,-0.09576046
12235,2023-04-30,52476,-0.018797970790745633,0.03265162
12236,2023-04-30,52695,0.06462934181157975,-0.045831412
12237,2023-04-30,52708,0.12777864246488946,-0.07383013
12238,2023-04-30,52978,0.10199084020987259,-0.011830645
12239,2023-04-30,53065,-0.03415769461814455,-0.10078361
12240,2023-04-30,53613,0.1113357355868505,0.017562391
12241,2023-04-30,54148,0.25947314319659043,-0.07566251
12242,2023-04-30,55976,0.06289455220621387,-0.05996609
12243,2023-04-30,56274,-0.12650941607597188,-0.094036706
12244,2023-04-30,56573,0.09410596153808837,-0.12878752
12245,2023-04-30,57568,0.10792636825593105,-0.091523804
12246,2023-04-30,57665,-0.12611931866243498,-0.07044574
12247,2023-04-30,57809,0.16668955708400457,-0.12527671
12248,2023-04-30,57904,0.04231949061352447,-0.12606938
12249,2023-04-30,58246,0.0354021523817134,0.009593601
12250,2023-04-30,58413,0.03859472498359673,-0.09105425
12251,2023-04-30,58683,0.13365610822812113,-0.045728266
12252,2023-04-30,58819,-0.017206045649599266,-0.08907229
12253,2023-04-30,59176,0.05041417538069126,-0.07613445
12254,2023-04-30,59248,0.18071454760004246,-0.08705035
12255,2023-04-30,59300,-0.0011476545710695785,-0.09074846
12256,2023-04-30,59328,0.1562512074325766,-0.044997662
12257,2023-04-30,59408,0.10155447297350073,-0.0650541
12258,2023-04-30,59459,-0.04164370880972512,-0.060931183
12259,2023-04-30,60097,-0.027459579670602974,-0.038764354
12260,2023-04-30,60206,0.05674220110113759,-0.08248052
12261,2023-04-30,60442,0.06392821526054959,-0.07237488
12262,2023-04-30,60506,0.15725542911375245,-0.12930368
12263,2023-04-30,60628,0.19180390141207226,-0.102289096
12264,2023-04-30,60871,0.11454723679074985,-0.12670788
12265,2023-04-30,60986,-0.0741827640087318,0.051168565
12266,2023-04-30,61241,0.2800746879277085,-0.057732258
12267,2023-04-30,61399,0.1325175847716522,-0.07488925
12268,2023-04-30,61516,-0.10078123157526253,-0.09728893
12269,2023-04-30,61621,0.15144863843483258,-0.05843027
12270,2023-04-30,61735,-0.018652748686622034,-0.12180582
12271,2023-04-30,62092,-0.010578581738602932,-0.127603
12272,2023-04-30,62148,0.09132987183436958,-0.072591305
12273,2023-04-30,62308,0.03574857674050813,-0.12318507
12274,2023-04-30,62498,0.019340893432284068,-0.04841383
12275,2023-04-30,63467,0.09604167518745887,-0.08705035
12276,2023-04-30,64186,0.17051530349332866,-0.12571433
12277,2023-04-30,64282,0.06168052888495468,-0.11146695
12278,2023-04-30,64311,0.1581420984899291,-0.0771271
12279,2023-04-30,64390,-0.07568637857277549,-0.13395076
12280,2023-04-30,64653,-0.03430754869432273,-0.07328041
12281,2023-04-30,64936,-0.05006450150228292,-0.033814684
12282,2023-04-30,64995,0.11591027584913594,0.065141335
12283,2023-04-30,65402,0.067967333617873,-0.12751858
12284,2023-04-30,65541,0.025792233897513173,-0.122555375
12285,2023-04-30,65875,-0.10637454529290336,-0.07466374
12286,2023-04-30,65947,0.04488070132986155,-0.040412128
12287,2023-04-30,66093,-0.16366454160174004,-0.07007576
12288,2023-04-30,66157,0.17448246431982795,-0.0282161
12289,2023-04-30,66181,0.11898695923688996,-0.07430946
12290,2023-04-30,66384,0.23577006737492012,-0.0044925734
12291,2023-04-30,66800,0.14373106822258985,-0.06402775
12292,2023-04-30,67598,0.007503058890197867,-0.110243194
12293,2023-04-30,69032,0.02711972272363372,-0.127603
12294,2023-04-30,69649,0.22076551970446046,-0.05880959
12295,2023-04-30,69796,0.19351913260941522,-0.058163207
12296,2023-04-30,70519,0.012538334519208716,-0.07499733
12297,2023-04-30,70578,0.09433414031655363,-0.044987846
12298,2023-04-30,71563,0.03940533026489623,0.060526486
12299,2023-04-30,72726,0.011122245433497158,-0.021739528
12300,2023-04-30,73139,-0.05184847776808321,-0.10162631
12301,2023-04-30,75034,0.23234604459209574,0.035395063
12302,2023-04-30,75154,1.045603631933115,-0.040980678
12303,2023-04-30,75186,0.2719420280666782,0.057327587
12304,2023-04-30,75241,0.05469835271678458,-0.07898492
12305,2023-04-30,75510,0.44657879488136776,-0.0665641
12306,2023-04-30,75591,0.10114713440393253,-0.1298997
12307,2023-04-30,75607,0.10922840117196042,-0.10962132
12308,2023-04-30,75694,0.04509625185679922,-0.035198823
12309,2023-04-30,75819,0.01939292615591759,-0.09201149
12310,2023-04-30,75825,0.11701548085225078,-0.12909853
12311,2023-04-30,75828,0.07287424699552325,0.029909398
12312,2023-04-30,75912,0.15915757287207333,-0.12357861
12313,2023-04-30,76076,0.10971453790945951,-0.1175479
12314,2023-04-30,76082,0.0844505129994495,-0.027308963
12315,2023-04-30,76095,-0.07661975599880644,-0.12427893
12316,2023-04-30,76185,0.04643417938636807,-0.0897641
12317,2023-04-30,76226,-0.3108307653666399,-0.008773132
12318,2023-04-30,76230,0.14225377255004368,-0.08765506
12319,2023-04-30,76605,-0.06817951944437739,-0.13304394
12320,2023-04-30,76614,-0.07468186561043622,-0.1324092
12321,2023-04-30,76709,0.12712952561500002,-0.12575251
12322,2023-04-30,76712,-0.07879049742661925,-0.13721286
12323,2023-04-30,76744,0.034072211508520134,-0.1306554
12324,2023-04-30,76795,0.06919167656586556,-0.09343893
12325,2023-04-30,76841,-0.11188644109677226,-0.12930368
12326,2023-04-30,77037,0.3110143769548859,-0.035171065
12327,2023-04-30,77129,0.06826786724898914,-0.1012973
12328,2023-04-30,77178,0.13958039341672968,-0.0717734
12329,2023-04-30,77274,-0.0649234558170777,-0.1317201
12330,2023-04-30,77338,0.08570665128312349,-0.043713767
12331,2023-04-30,77357,0.21673874842662477,-0.12753911
12332,2023-04-30,77496,0.004156978345628115,-0.0533466
12333,2023-04-30,77605,-0.005175670124521803,-0.12743579
12334,2023-04-30,77649,0.19894509554535622,-0.0963069
12335,2023-04-30,77661,0.15927833136612168,-0.11977966
12336,2023-04-30,77702,-0.10683304453321374,-0.13251472
12337,2023-04-30,77730,-0.09988356536557708,-0.050598614
12338,2023-04-30,78975,0.15461419776029306,-0.12804225
12339,2023-04-30,78987,0.2933612457291548,-0.089112766
12340,2023-04-30,79057,0.018694168531118383,-0.06302849
12341,2023-04-30,79103,0.009241491348779274,-0.12155913
12342,2023-04-30,79145,0.6675870871489533,0.01686268
12343,2023-04-30,79323,-0.01867202734975626,0.036916487
12344,2023-04-30,79452,0.00040325479908376316,-0.09383892
12345,2023-04-30,79545,0.13492404908890054,-0.12903646
12346,2023-04-30,79547,0.053603462614777886,-0.086365186
12347,2023-04-30,79637,-0.07435691518111409,-0.09483976
12348,2023-04-30,79678,0.19367179536621326,-0.04078743
12349,2023-04-30,79698,0.16904856588118733,-0.10612323
12350,2023-04-30,79782,0.07822203158825536,-0.09044675
12351,2023-04-30,79785,0.07987027958256987,-0.11516807
12352,2023-04-30,79906,-0.1436651445034376,-0.105539195
12353,2023-04-30,80080,0.025334258748553884,-0.09728893
12354,2023-04-30,80100,0.1180851234223459,-0.060830515
12355,2023-04-30,80183,-0.018171322680292423,-0.09268878
12356,2023-04-30,80191,0.14659472575475552,0.019462042
12357,2023-04-30,80204,0.23127697578862683,-0.09153886
12358,2023-04-30,80286,-0.05586935350235722,-0.061176606
12359,2023-04-30,80320,0.11815048238809367,-0.11434982
12360,2023-04-30,80381,0.05508590632566124,0.042806655
12361,2023-04-30,80681,0.11939163314229084,-0.095622726
12362,2023-04-30,81045,-0.017332895679858518,-0.060020164
12363,2023-04-30,81055,0.2110291666774391,-0.054946125
12364,2023-04-30,81061,0.1062930879276458,-0.12562172
12365,2023-04-30,81481,0.004033287514187078,0.03886023
12366,2023-04-30,81540,0.12333442048419241,-0.07998794
12367,2023-04-30,81655,0.1207407486915304,-0.10254965
12368,2023-04-30,81677,0.2148269847826607,-0.12563406
12369,2023-04-30,81736,-0.07549319754734107,-0.08136184
12370,2023-04-30,81774,0.18198676941732828,-0.077664986
12371,2023-04-30,82303,-0.04179232598044458,-0.12760319
12372,2023-04-30,82307,0.12870814880795556,-0.08427736
12373,2023-04-30,82515,0.0986661590681226,-0.00047251876
12374,2023-04-30,82581,-0.024997445705471355,-0.09807178
12375,2023-04-30,82598,0.24861127724627718,-0.04600341
12376,2023-04-30,82642,-0.26791788694684704,-0.071710646
12377,2023-04-30,82651,-0.0804047223779355,-0.097089745
12378,2023-04-30,82775,0.01882169984854043,-0.096305124
12379,2023-04-30,83143,0.12363330035340225,-0.122775674
12380,2023-04-30,83443,0.07124829216938244,-0.065362
12381,2023-04-30,83597,0.05937123475470796,-0.12467508
12382,2023-04-30,83621,0.08976257774438645,-0.08999286
12383,2023-04-30,84129,0.3944489454649953,0.19320115
12384,2023-04-30,84373,-0.02098453087546559,-0.104257606
12385,2023-04-30,84381,0.19173243362543357,-0.0697407
12386,2023-04-30,84761,0.23051365891563624,-0.026421646
12387,2023-04-30,84767,0.023149497242928252,-0.107664235
12388,2023-04-30,84769,0.17312421191242233,-0.12365109
12389,2023-04-30,84788,0.2677115963608079,0.02607138
12390,2023-04-30,85035,0.19483094189873773,-0.10265323
12391,2023-04-30,85058,0.2701227722318966,-0.10117892
12392,2023-04-30,85072,0.15105872601423886,-0.033841785
12393,2023-04-30,85257,0.1517734015221941,-0.07930978
12394,2023-04-30,85269,0.13434509726933141,-0.0070207873
12395,2023-04-30,85348,-0.016135694061964467,-0.123894304
12396,2023-04-30,85459,-0.0004521620527229153,-0.03125803
12397,2023-04-30,85592,0.0031292966101155173,-0.06337446
12398,2023-04-30,85621,-0.15690961573696915,-0.0974581
12399,2023-04-30,85631,0.08829703017615098,-0.123738185
12400,2023-04-30,85663,0.29240146931795863,-0.02716745
12401,2023-04-30,85753,-0.04891644391809313,-0.12543444
12402,2023-04-30,85792,0.1889958023385636,-0.12920664
12403,2023-04-30,85913,0.19535523569586188,-0.059781373
12404,2023-04-30,85914,0.12784149285215918,-0.0543523
12405,2023-04-30,85926,-0.04449759396608888,-0.09765408
12406,2023-04-30,86111,-0.061362159459091514,-0.074209474
12407,2023-04-30,86136,-0.033751586262003586,-0.056812104
12408,2023-04-30,86158,0.11088981360643535,0.0438119
12409,2023-04-30,86228,0.048253998290731515,-0.041253872
12410,2023-04-30,86339,-0.1082041084515537,-0.05626556
12411,2023-04-30,86356,-0.035720149588319816,-0.010472654
12412,2023-04-30,86580,0.6841652150748718,-0.056423686
12413,2023-04-30,86783,0.10590363940083058,-0.13180791
12414,2023-04-30,86868,0.04418839059362156,-0.1262354
12415,2023-04-30,86964,0.17773500052812619,-0.0963069
12416,2023-04-30,86979,-0.0712586429877976,-0.11319312
12417,2023-04-30,86996,-0.1575386940150133,0.040624887
12418,2023-04-30,87055,0.11648426667930822,-0.073045574
12419,2023-04-30,87137,0.02553222366655228,0.015944852
12420,2023-04-30,87267,0.10890321403939662,-0.12953167
12421,2023-04-30,87299,0.15286078117808732,-0.09383892
12422,2023-04-30,87432,-0.09918191999802306,-0.12699777
12423,2023-04-30,87445,-0.0720791370260161,-0.12445478
12424,2023-04-30,87447,0.0507156295014759,-0.05919077
12425,2023-04-30,87541,0.1445344277866789,-0.09728893
12426,2023-04-30,87657,-0.06717598805274916,-0.03909932
12427,2023-04-30,87717,0.1252341858017172,-0.12373467
12428,2023-04-30,87842,0.036683735951685614,-0.06505803
12429,2023-04-30,88031,0.026604161164138995,-0.12911144
12430,2023-04-30,88281,0.10214814825617746,-0.0486318
12431,2023-04-30,88352,0.07695288758697516,-0.025186904
12432,2023-04-30,88446,-0.06523708541135265,0.046197023
12433,2023-04-30,88661,0.06479377441734702,-0.13038848
12434,2023-04-30,88664,0.029491588602214236,-0.094149195
12435,2023-04-30,88837,0.08606432331870972,-0.09153886
12436,2023-04-30,88860,0.16166196584433234,0.008884266
12437,2023-04-30,88873,-0.01941106571620277,0.03858237
12438,2023-04-30,89003,0.03808337145176299,0.039568264
12439,2023-04-30,89006,-0.028615724474797766,-0.09243818
12440,2023-04-30,89017,-0.08422546034167389,-0.118527696
12441,2023-04-30,89070,-0.0004307726051248073,-0.066799596
12442,2023-04-30,89071,0.1326792710078586,-0.07044574
12443,2023-04-30,89179,0.009554099413952022,-0.0753516
12444,2023-04-30,89195,0.07980477792839302,-0.12237063
12445,2023-04-30,89217,-0.40529715273380384,-0.06650712
12446,2023-04-30,89258,0.12598662501912705,0.0323596
12447,2023-04-30,89269,-0.01218640632882062,-0.048902415
12448,2023-04-30,89393,0.3304924621761083,-0.1187484
12449,2023-04-30,89508,0.17963742764335944,-0.0051921858
12450,2023-04-30,89525,0.10162387338043688,0.0032535882
12451,2023-04-30,89533,-0.04417556153585678,-0.05076777
12452,2023-04-30,89617,0.12402137323527396,-0.055158816
12453,2023-04-30,89626,0.07735413082669962,-0.044004653
12454,2023-04-30,89641,0.09256716266586462,0.013902446
12455,2023-04-30,89781,0.02215850471230052,0.0073974393
12456,2023-04-30,89866,-0.04627707880775911,-0.12488136
12457,2023-04-30,90038,0.09855048348009077,-0.08832169
12458,2023-04-30,90071,0.12284397801884794,-0.09232348
12459,2023-04-30,90199,0.08674763687288323,-0.06313102
12460,2023-04-30,90215,0.13429669012250822,-0.09564504
12461,2023-04-30,90248,0.2546388523278116,-0.04331845
12462,2023-04-30,90305,-0.06546948729414626,-0.05885402
12463,2023-04-30,90319,0.23644640646381387,-0.022699045
12464,2023-04-30,90373,0.2714174390804933,0.08178019
12465,2023-04-30,90386,-0.04281878094412761,-0.011138498
12466,2023-04-30,90454,-0.15234906183237995,0.046593376
12467,2023-04-30,90455,0.21335759901018903,-0.10334838
12468,2023-04-30,90505,-0.06327457264737224,-0.10843176
12469,2023-04-30,90520,0.1868078075192494,-0.106881745
12470,2023-04-30,90601,-0.08429603594898927,-0.07198028
12471,2023-04-30,90664,0.02653428365029953,-0.12115763
12472,2023-04-30,90808,0.3040627175522803,-0.052310083
12473,2023-04-30,90829,0.15358261228777126,-0.052921448
12474,2023-04-30,90880,0.14730649584104305,-0.07473141
12475,2023-04-30,90993,0.057886683074362955,-0.050577715
12476,2023-04-30,91041,0.2946289487400455,-0.10936586
12477,2023-04-30,91068,-0.05094864592761117,-0.027302498
12478,2023-04-30,91103,0.23995422144794465,-0.005195927
12479,2023-04-30,91152,0.17610396380408977,-0.12724823
12480,2023-04-30,91233,0.03899974314538501,-0.066826075
12481,2023-04-30,91547,0.007242210034455576,-0.09728893
12482,2023-04-30,91556,0.07760411685969304,-0.123748496
12483,2023-04-30,91611,0.13593926947903912,0.024969812
12484,2023-04-30,91849,0.16012027594671596,-0.12467508
12485,2023-04-30,91926,0.3512016153842843,-0.056398984
12486,2023-04-30,91937,-0.04259831291727556,-0.1310247
12487,2023-04-30,92121,0.02728523797976945,0.035395324
12488,2023-04-30,92157,0.1782146444185666,-0.123186484
12489,2023-04-30,92322,-0.193373964554155,-0.06410557
12490,2023-04-30,92402,0.13936516351221262,0.016426077
12491,2023-04-30,92602,0.01073805591282051,-0.075264685
12492,2023-04-30,92611,0.023478253470846866,-0.124668255
12493,2023-04-30,92614,-0.000761320778199237,-0.023056189
12494,2023-04-30,92655,0.03316943812764128,-0.07195513
12495,2023-04-30,93002,0.4421854834499439,-0.12968677
12496,2023-04-30,93089,0.181255341867691,0.05532716
12497,2023-04-30,93096,-0.23485085240368186,-0.07703742
12498,2023-04-30,93132,0.2326765512622626,-0.094740406
12499,2023-04-30,93246,0.5036139548426442,-0.008996712
12500,2023-04-30,93429,0.0036358083400969132,-0.12428507
12501,2023-04-30,93436,0.627595308542618,0.09063464
12502,2023-07-31,10104,-0.11475612596196472,-0.102502294
12503,2023-07-31,10107,0.008653359577845743,-0.03776987
12504,2023-07-31,10138,-0.2576377830683716,0.01214235
12505,2023-07-31,10145,-0.05084156978936982,-0.12789987
12506,2023-07-31,10516,-0.15300539352734444,-0.06679384
12507,2023-07-31,10696,-0.09872514083392503,-0.121419355
12508,2023-07-31,11308,-0.08066887226902941,-0.053611953
12509,2023-07-31,11403,0.024959895186071668,-0.092119716
12510,2023-07-31,11404,-0.06597858089308484,-0.06774502
12511,2023-07-31,11600,-0.26457761376499356,-0.11735819
12512,2023-07-31,11618,0.0014996140392826707,-0.1143471
12513,2023-07-31,11674,-0.14925949327605748,-0.063379906
12514,2023-07-31,11762,0.01664630249540555,-0.09534858
12515,2023-07-31,11850,-0.0046525438598498114,-0.06575952
12516,2023-07-31,11891,-0.3121942086183712,-0.10457458
12517,2023-07-31,11955,0.007772799007332409,-0.06822639
12518,2023-07-31,12052,0.08587651630163418,-0.059567448
12519,2023-07-31,12060,-0.04842511049299136,-0.02862922
12520,2023-07-31,12062,-0.06324231285840054,0.020597817
12521,2023-07-31,12084,-0.22277082868412446,-0.07377257
12522,2023-07-31,12308,-0.005896813266605738,-0.06537955
12523,2023-07-31,12345,-0.07537346826624747,-0.123246215
12524,2023-07-31,12369,-0.26307557105011525,0.021611795
12525,2023-07-31,12431,-0.04228976102278559,-0.12284948
12526,2023-07-31,12449,-0.0953715335203068,-0.08038577
12527,2023-07-31,12490,0.014880335716942472,-0.08253679
12528,2023-07-31,12558,-0.06924590642420936,-0.070171714
12529,2023-07-31,12622,-0.16918635081108147,-0.12701944
12530,2023-07-31,12623,-0.03744830738330174,0.026314054
12531,2023-07-31,12872,0.14302571650158158,-0.122147694
12532,2023-07-31,13035,-0.16773620931546918,-0.1158198
12533,2023-07-31,13103,-0.20357925985710534,-0.06625155
12534,2023-07-31,13210,-0.08124153212885243,-0.048333485
12535,2023-07-31,13323,-0.4758617089313961,0.06505189
12536,2023-07-31,13356,0.032043349074265315,-0.102342255
12537,2023-07-31,13407,-0.054394548657852426,0.008027742
12538,2023-07-31,13447,-0.001975214226485389,-0.10068615
12539,2023-07-31,13586,-0.16082339820555236,-0.094224684
12540,2023-07-31,13641,0.09432122140991828,-0.1251785
12541,2023-07-31,13688,-0.07439055715207321,-0.032359138
12542,2023-07-31,13721,-0.04673886649274017,-0.067882836
12543,2023-07-31,13760,-0.38377918424554325,0.064131945
12544,2023-07-31,13788,-0.1632998678640476,-0.07018741
12545,2023-07-31,13856,-0.12279286659076827,-0.12595475
12546,2023-07-31,13901,-0.09593655836822124,-0.11717837
12547,2023-07-31,13911,-0.1918571456788042,0.011543329
12548,2023-07-31,13928,0.018568978260551594,-0.108002245
12549,2023-07-31,13949,0.07440235309953902,0.032762147
12550,2023-07-31,13963,0.048405247852271405,-0.09099798
12551,2023-07-31,13964,0.07110173799813291,-0.091186926
12552,2023-07-31,14008,0.10084970020421169,-0.06935374
12553,2023-07-31,14277,-0.041978780072145394,-0.11670427
12554,2023-07-31,14297,-0.15472692198243176,-0.11765437
12555,2023-07-31,14338,-0.024474315614283038,-0.12668827
12556,2023-07-31,14541,-0.10113841377787014,-0.06625947
12557,2023-07-31,14542,-0.05867278760434336,0.07349386
12558,2023-07-31,14579,-0.33482513638942835,0.0020784356
12559,2023-07-31,14593,-0.12954575024735893,0.058911864
12560,2023-07-31,14702,-0.12503460602280358,-0.07609751
12561,2023-07-31,14714,0.29196247012315624,-0.10207604
12562,2023-07-31,14763,-0.2912205847659213,-0.03339581
12563,2023-07-31,14776,-0.18066160649045304,0.009867168
12564,2023-07-31,14882,-0.3241284494997456,-0.09884136
12565,2023-07-31,14889,-0.25070988547897366,-0.018085105
12566,2023-07-31,14939,-0.24230200532339297,0.016379612
12567,2023-07-31,15069,0.043611016492306476,-0.0585641
12568,2023-07-31,15202,-0.10716889560577769,-0.0895632
12569,2023-07-31,15272,-0.6854555287033193,-0.00365863
12570,2023-07-31,15291,-0.3871134211928696,-0.02780993
12571,2023-07-31,15408,-0.11995080031691774,-0.05232543
12572,2023-07-31,15488,-0.3168032366831577,-0.07194163
12573,2023-07-31,15579,-0.2037548447819688,-0.0630048
12574,2023-07-31,15707,-0.10874403714161085,-0.09197715
12575,2023-07-31,15720,-0.11351832450620203,-0.054264378
12576,2023-07-31,15850,-0.25607250509555723,0.021543298
12577,2023-07-31,16087,-0.16607547272201473,-0.090868026
12578,2023-07-31,16431,-0.13108240913951563,-0.124814376
12579,2023-07-31,16600,-0.18561480213151482,-0.11674407
12580,2023-07-31,16678,-0.061653961881345976,-0.06637827
12581,2023-07-31,16692,-0.07004649625587278,-0.09206993
12582,2023-07-31,16851,-0.061188992711728396,-0.09129429
12583,2023-07-31,17005,-0.0681315147219117,-0.05506519
12584,2023-07-31,17144,-0.1188642226762524,-0.05369084
12585,2023-07-31,17307,-0.10172753839643744,-0.06774502
12586,2023-07-31,17478,-0.11252113848154921,-0.062287237
12587,2023-07-31,17700,-0.09603242030211578,-0.08441548
12588,2023-07-31,17743,0.1031532331235232,-0.059216995
12589,2023-07-31,17750,-0.06467333710568657,-0.11578572
12590,2023-07-31,17830,-0.06795981105881377,-0.09687372
12591,2023-07-31,17942,-0.10210805323306527,-0.06951208
12592,2023-07-31,18143,-0.01857345606388039,-0.12607841
12593,2023-07-31,18163,-0.03402223192049236,-0.12235164
12594,2023-07-31,18312,-0.3544102319049216,-0.051244
12595,2023-07-31,18411,-0.06006491121337454,-0.071147844
12596,2023-07-31,18420,-0.0843014084409418,-0.055732887
12597,2023-07-31,18421,-0.10385832332782274,-0.05180454
12598,2023-07-31,18428,-0.13302331210755913,-0.071012564
12599,2023-07-31,18542,-0.14308165046232468,-0.10630412
12600,2023-07-31,18592,-0.14420334993765538,-0.07390617
12601,2023-07-31,18724,-0.12209098810309005,-0.06402203
12602,2023-07-31,18729,-0.008496854730646874,-0.061950143
12603,2023-07-31,19166,-0.4422956870425685,-0.023869067
12604,2023-07-31,19285,-0.19647148603764852,-0.08841823
12605,2023-07-31,19286,-0.14772724862894626,-0.118568674
12606,2023-07-31,19350,-0.1465510251862614,-0.09453378
12607,2023-07-31,19393,-0.16303751928535837,-0.07146543
12608,2023-07-31,19502,-0.2839127475733886,-0.06901332
12609,2023-07-31,19561,-0.21783415835624098,-0.11605269
12610,2023-07-31,19583,-0.2184625025017709,-0.04036041
12611,2023-07-31,20057,-0.1455759360154627,-0.07561753
12612,2023-07-31,20482,-0.14591786432406273,-0.070908405
12613,2023-07-31,21020,-0.33432799006501257,-0.085069954
12614,2023-07-31,21124,-0.24271217647903742,-0.04608616
12615,2023-07-31,21178,0.025344827629302236,-0.122185126
12616,2023-07-31,21186,0.08797658276814757,0.0015327253
12617,2023-07-31,21207,-0.11791095887602221,-0.06798345
12618,2023-07-31,21371,0.0006279201372245691,-0.057234555
12619,2023-07-31,21573,-0.05214584344676154,-0.01375899
12620,2023-07-31,21776,-0.06140121282060651,-0.07010996
12621,2023-07-31,21792,-0.10064117025021302,-0.062347766
12622,2023-07-31,21936,-0.15252535255199273,-0.052004825
12623,2023-07-31,22103,-0.020754586672969588,0.0063813645
12624,2023-07-31,22111,-0.10820803991328809,-0.055475526
12625,2023-07-31,22293,-0.2048089493235502,-0.06778878
12626,2023-07-31,22509,-0.14286029430365288,-0.118568674
12627,2023-07-31,22517,-0.09878405165359738,-0.06774502
12628,2023-07-31,22592,-0.1720702637168916,-0.05384898
12629,2023-07-31,22623,0.1714315435633753,-0.09298968
12630,2023-07-31,22752,-0.03054561289093627,-0.12950988
12631,2023-07-31,22779,-0.025505325796490785,-0.11889
12632,2023-07-31,22976,-0.23947861928189462,-0.030013794
12633,2023-07-31,23026,-0.08650541233732534,-0.06121355
12634,2023-07-31,23229,-0.1027686534843657,-0.06174903
12635,2023-07-31,23393,-0.04671907585142221,-0.11550711
12636,2023-07-31,23473,-0.06704083266937766,-0.06110226
12637,2023-07-31,23536,-0.0861148101264243,-0.06487337
12638,2023-07-31,23579,-0.02250095670986718,0.009791316
12639,2023-07-31,23660,0.012877229794115763,-0.088886775
12640,2023-07-31,23712,-0.014033030318519102,-0.06637827
12641,2023-07-31,23819,0.010612243871111815,-0.09653268
12642,2023-07-31,23931,-0.0467822704895946,-0.06774502
12643,2023-07-31,24010,-0.058871116115934874,-0.06628431
12644,2023-07-31,24053,-0.1716946758344865,-0.06420529
12645,2023-07-31,24109,-0.09939969651592262,-0.0711888
12646,2023-07-31,24205,-0.19913037696278002,-0.070814446
12647,2023-07-31,24328,0.008252291089817954,0.005559568
12648,2023-07-31,24643,-0.13694628109766782,-0.095192656
12649,2023-07-31,24766,0.06400904352786418,-0.07194312
12650,2023-07-31,24985,-0.10918858510057783,-0.0656504
12651,2023-07-31,25081,-0.2580009779695718,-0.0023592298
12652,2023-07-31,25232,-0.013199765026948307,-0.11852477
12653,2023-07-31,25320,-0.10989759148121125,-0.06050426
12654,2023-07-31,25419,-0.26570172570202144,-0.06952061
12655,2023-07-31,25582,-0.04710676072362496,-0.07016143
12656,2023-07-31,25785,-0.2505702058929946,-0.098503046
12657,2023-07-31,25953,-0.10668432882228396,-0.1196778
12658,2023-07-31,26403,-0.08212410249206614,-0.06929448
12659,2023-07-31,26710,0.02272977340448845,-0.054688293
12660,2023-07-31,26825,-0.18962129841899344,-0.049572904
12661,2023-07-31,27828,-0.19071463066020555,0.010374619
12662,2023-07-31,27887,-0.27787582283340806,-0.04689155
12663,2023-07-31,27959,-0.0397911347551555,-0.07175986
12664,2023-07-31,27991,-0.09369777131765411,-0.11735819
12665,2023-07-31,28222,-0.06925421679240518,-0.12273635
12666,2023-07-31,28484,-0.04571370770211369,-0.12635319
12667,2023-07-31,28804,-0.3495775203383581,-0.086006954
12668,2023-07-31,29946,-0.2020829015870691,-0.041250017
12669,2023-07-31,30681,-0.10646956978790001,-0.09828609
12670,2023-07-31,32870,-0.19692635481579968,-0.061069403
12671,2023-07-31,32986,-0.10984189579631864,-0.042006742
12672,2023-07-31,34032,-0.1374054548995599,0.024782749
12673,2023-07-31,34746,-0.17382855238843098,0.002435266
12674,2023-07-31,34817,-0.13843023686144784,-0.10233234
12675,2023-07-31,34833,-0.018182518191181996,-0.06905874
12676,2023-07-31,35044,-0.2773638982199891,-0.005371208
12677,2023-07-31,35554,-0.18545563807237797,-0.0041084797
12678,2023-07-31,36003,-0.0759274462481947,-0.11572835
12679,2023-07-31,36468,-0.13653788439011616,-0.09284759
12680,2023-07-31,37584,-0.21102736418259882,-0.05990686
12681,2023-07-31,38093,0.09893647870577893,-0.12273635
12682,2023-07-31,38156,0.011756753688746624,0.010627145
12683,2023-07-31,38703,-0.1317497203570599,0.0061377585
12684,2023-07-31,38762,-0.08727046228995439,-0.066282764
12685,2023-07-31,39490,-0.01319818423318686,-0.012394327
12686,2023-07-31,39642,-0.08964964144013954,-0.12115711
12687,2023-07-31,39917,-0.15278090144573664,0.020416437
12688,2023-07-31,40125,-0.23508198422525572,0.009304179
12689,2023-07-31,40272,-0.1826268164481719,-0.053037696
12690,2023-07-31,40539,0.021725364992581486,-0.08707762
12691,2023-07-31,41080,-0.164588685900382,-0.08966059
12692,2023-07-31,41355,-0.09693854948375313,-0.09437266
12693,2023-07-31,42200,-0.32568522420882373,-0.06343685
12694,2023-07-31,42585,-0.23865321117114535,-0.11903615
12695,2023-07-31,42877,-0.15555066911105697,0.0061964593
12696,2023-07-31,42906,-0.20018193442736265,-0.004786698
12697,2023-07-31,43350,-0.1358985857799867,0.014718913
12698,2023-07-31,43449,-0.10100354694688285,-0.12315075
12699,2023-07-31,43553,-0.2445706792153205,-0.009785802
12700,2023-07-31,44206,-0.24830381419314262,-0.066101044
12701,2023-07-31,44329,-0.2633435558816616,-0.06509453
12702,2023-07-31,44601,-0.049856890317529046,-0.06625001
12703,2023-07-31,44644,-0.1130366750232199,-0.008556285
12704,2023-07-31,45356,-0.29045447800526136,-0.09266351
12705,2023-07-31,45751,0.01024841147732336,-0.11938112
12706,2023-07-31,45911,-0.2367269746043681,-0.062449116
12707,2023-07-31,46578,-0.20952678236430744,-0.11703859
12708,2023-07-31,46674,-0.1672826964184989,-0.11904995
12709,2023-07-31,46703,-0.14947645392760123,0.018514298
12710,2023-07-31,46886,-0.08368116800812397,-0.07691169
12711,2023-07-31,47896,-0.11318225708387075,-0.067074165
12712,2023-07-31,48486,-0.17880244392757327,-0.08872694
12713,2023-07-31,48506,-0.1248176065083787,-0.08953211
12714,2023-07-31,48653,0.14840641079897332,-0.06511156
12715,2023-07-31,48725,-0.09998986194979542,-0.01575853
12716,2023-07-31,49154,-0.18103163380324983,-0.070631176
12717,2023-07-31,49656,-0.053705546362811996,-0.06754193
12718,2023-07-31,49680,-0.14615535222209086,-0.06684479
12719,2023-07-31,50876,0.2211971327525335,-0.070204556
12720,2023-07-31,51369,-0.26195630057385066,-0.09347977
12721,2023-07-31,52038,-0.12184251639424626,-0.06666791
12722,2023-07-31,52090,-0.28156087559928733,-0.06568009
12723,2023-07-31,52230,0.01488201629049457,-0.05262238
12724,2023-07-31,52329,0.06498759236275564,-0.051764924
12725,2023-07-31,52476,-0.1675093778829725,-0.110488504
12726,2023-07-31,52695,-0.009154238543171545,-0.12471302
12727,2023-07-31,52708,-0.1561114045581955,-0.095179476
12728,2023-07-31,52978,-0.28980773306810714,0.010930294
12729,2023-07-31,53065,-0.1624308162797723,-0.07263822
12730,2023-07-31,53613,-0.06177446194373981,-0.01786897
12731,2023-07-31,54148,-0.1261478098312584,-0.024697432
12732,2023-07-31,55976,0.025839659982094698,-0.097229846
12733,2023-07-31,56274,-0.16610554622024054,-0.053008538
12734,2023-07-31,56573,-0.14372998819094995,-0.11867048
12735,2023-07-31,57568,-0.17657525677251473,0.019938776
12736,2023-07-31,57665,-0.06593737072093508,-0.067721315
12737,2023-07-31,57809,-0.1525891754948886,-0.07623721
12738,2023-07-31,57904,0.08593929244080134,-0.11849538
12739,2023-07-31,58246,-0.1691961574743014,-0.011505153
12740,2023-07-31,58413,-0.09134252368911289,-0.06360658
12741,2023-07-31,58683,-0.34543079846495184,0.016952557
12742,2023-07-31,58819,-0.08363802119779462,-0.06420529
12743,2023-07-31,59176,-0.13177798629026805,-0.122836106
12744,2023-07-31,59248,-0.16664589526195417,-0.095263
12745,2023-07-31,59300,-0.2127380723822886,-0.06494724
12746,2023-07-31,59328,0.02403962839695617,0.008065231
12747,2023-07-31,59408,-0.16998576227132867,-0.059540078
12748,2023-07-31,59459,-0.023912125323646283,-0.120420724
12749,2023-07-31,60097,-0.18909270639921416,-0.07194312
12750,2023-07-31,60206,-0.04744595769859772,-0.1200694
12751,2023-07-31,60442,-0.15281050819303688,-0.07164745
12752,2023-07-31,60506,-0.03873676734467468,-0.09775913
12753,2023-07-31,60628,-0.10615334257972064,-0.09498191
12754,2023-07-31,60871,-0.20777917271750812,-0.09424492
12755,2023-07-31,61241,-0.13898694946894363,0.008306305
12756,2023-07-31,61399,-0.18173287171428687,-0.09088363
12757,2023-07-31,61516,-0.32090227038278596,-0.052227262
12758,2023-07-31,61621,-0.10857433985652543,-0.0016766386
12759,2023-07-31,61735,-0.02664489990686536,-0.12002759
12760,2023-07-31,62092,-0.18880315298138073,-0.06745907
12761,2023-07-31,62148,-0.10093204878192807,-0.061866168
12762,2023-07-31,62308,0.03947651590076351,-0.11500272
12763,2023-07-31,62498,-0.13517195716628572,-0.12083469
12764,2023-07-31,63467,-0.011156821715314735,-0.053025264
12765,2023-07-31,64186,0.052406250796277254,0.0039401758
12766,2023-07-31,64282,-0.19551470279143335,-0.11679517
12767,2023-07-31,64311,-0.17837603090463516,0.017876789
12768,2023-07-31,64390,0.25576244764912937,-0.06859556
12769,2023-07-31,64653,-0.14343100351724414,-0.0711888
12770,2023-07-31,64936,-0.23670334526338876,-0.05585748
12771,2023-07-31,64995,-0.1541656934528708,0.007104691
12772,2023-07-31,65402,-0.03509123392306546,-0.11735819
12773,2023-07-31,65541,-0.20321554164495348,-0.11685963
12774,2023-07-31,65875,0.05302924703954526,-0.031544384
12775,2023-07-31,65947,0.025140804490620283,-0.070872486
12776,2023-07-31,66093,0.0809719844701684,-0.021519564
12777,2023-07-31,66157,-0.18469744840155966,-0.018478565
12778,2023-07-31,66181,-0.14183700436930713,0.019565849
12779,2023-07-31,66384,-0.056623710069104605,-0.0017999712
12780,2023-07-31,66800,0.023068629727058143,-0.093838215
12781,2023-07-31,67598,-0.2776123365004032,-0.06331702
12782,2023-07-31,69032,-0.21720288244844144,-0.0675839
12783,2023-07-31,69649,-0.12929082604779174,0.050358497
12784,2023-07-31,69796,-0.13885705304310014,-0.0012932863
12785,2023-07-31,70519,-0.1618091109110591,-0.06496728
12786,2023-07-31,70578,-0.08132678442406815,-0.11618194
12787,2023-07-31,71563,-0.13219127553193477,-0.010686806
12788,2023-07-31,72726,-0.09862060227811709,-0.0306924
12789,2023-07-31,73139,-0.04392527996193751,-0.1274438
12790,2023-07-31,75034,-0.032874562247998784,-0.100086436
12791,2023-07-31,75154,-0.3917204832768234,0.07290214
12792,2023-07-31,75186,-0.20965709450802672,-0.017914724
12793,2023-07-31,75241,0.06708795765418984,-0.07018741
12794,2023-07-31,75510,-0.02583832505127126,-0.09426985
12795,2023-07-31,75591,-0.14970345411301766,-0.0632003
12796,2023-07-31,75607,-0.13819046854671135,0.014577922
12797,2023-07-31,75694,-0.34430918127848864,-0.06406579
12798,2023-07-31,75819,-0.11554964493794528,-0.06271337
12799,2023-07-31,75825,-0.041522402339371656,-0.09921897
12800,2023-07-31,75828,-0.09069285010421635,-0.06776479
12801,2023-07-31,75912,-0.036967390318670246,-0.080312595
12802,2023-07-31,76076,0.009010971660950995,-0.098309614
12803,2023-07-31,76082,0.005796813083758678,-0.06253368
12804,2023-07-31,76095,-0.16683407339065703,-0.1196778
12805,2023-07-31,76185,-0.05983364506391864,-0.06533862
12806,2023-07-31,76226,-0.3188143926411847,0.0020230808
12807,2023-07-31,76230,-0.12398255692043636,0.016832968
12808,2023-07-31,76605,-0.0018537430174248026,-0.12083359
12809,2023-07-31,76614,0.05119217323860559,-0.123322114
12810,2023-07-31,76709,-0.27988406652520825,-0.10000324
12811,2023-07-31,76712,-0.303471871370675,-0.06409198
12812,2023-07-31,76744,0.02773026035854631,-0.123322114
12813,2023-07-31,76795,-0.31994588492583553,-0.059968214
12814,2023-07-31,76841,-0.12084189210367013,-0.1232214
12815,2023-07-31,77037,-0.10124694978207327,-0.107571475
12816,2023-07-31,77129,-0.10357177065553935,-0.06197453
12817,2023-07-31,77178,-0.1695551945760454,-0.011873731
12818,2023-07-31,77274,0.041521045512368016,-0.12654623
12819,2023-07-31,77338,-0.007705238820495786,-0.11618194
12820,2023-07-31,77357,0.03904443587482631,-0.09226183
12821,2023-07-31,77496,-0.24412342034891055,-0.027092708
12822,2023-07-31,77605,-0.012727963083577043,-0.12512891
12823,2023-07-31,77649,-0.06686154032166436,0.03118148
12824,2023-07-31,77661,-0.17644651242560339,-0.064370334
12825,2023-07-31,77702,-0.08712261370872787,-0.12904787
12826,2023-07-31,77730,-0.16066508845600302,-0.010445738
12827,2023-07-31,78975,-0.03104649779056745,-0.005941668
12828,2023-07-31,78987,-0.2372477767633835,-0.0766679
12829,2023-07-31,79057,0.054204028167185614,-0.071076654
12830,2023-07-31,79103,0.00502114142540222,-0.12519412
12831,2023-07-31,79145,-0.22344644971360017,0.07002979
12832,2023-07-31,79323,0.14637528088641294,-0.06800908
12833,2023-07-31,79452,-0.21370108336901916,-0.061766047
12834,2023-07-31,79545,-0.2043099898186519,-0.09309292
12835,2023-07-31,79547,-0.1515309202446099,-0.06625155
12836,2023-07-31,79637,-0.09270700868437809,-0.11933121
12837,2023-07-31,79678,0.03518464570087887,0.010538485
12838,2023-07-31,79698,-0.06094593236707335,-0.0966372
12839,2023-07-31,79782,-0.07093444071390231,-0.062140357
12840,2023-07-31,79785,-0.14173421192085156,-0.1269838
12841,2023-07-31,79906,-0.1536444016027012,-0.062561326
12842,2023-07-31,80080,-0.11812226101743462,-0.06424905
12843,2023-07-31,80100,-0.10341453009467805,-0.093643345
12844,2023-07-31,80183,-0.20215401922601395,-0.05870123
12845,2023-07-31,80191,-0.4014784166863894,0.017041523
12846,2023-07-31,80204,-0.0825208166925665,-0.09366696
12847,2023-07-31,80286,-0.13617225337731464,-0.12008026
12848,2023-07-31,80320,-0.015271782963722225,-0.0984124
12849,2023-07-31,80381,-0.11297738617559105,-0.06625155
12850,2023-07-31,80681,-0.11203102931727404,0.010180407
12851,2023-07-31,81045,-0.21111358404586056,-0.07072198
12852,2023-07-31,81055,-0.12983952639505958,0.0054467823
12853,2023-07-31,81061,0.13331162569227484,-0.07834629
12854,2023-07-31,81481,-0.2801810327247515,-0.06548903
12855,2023-07-31,81540,-0.006792794003083413,-0.08710815
12856,2023-07-31,81655,-0.13022587279933895,-0.09303878
12857,2023-07-31,81677,-0.10353222427060105,-0.094101846
12858,2023-07-31,81736,-0.3631201465134729,-0.049572904
12859,2023-07-31,81774,-0.24030515111213946,-0.1032464
12860,2023-07-31,82303,0.10238450455989612,-0.1178024
12861,2023-07-31,82307,-0.24277110009664493,-0.08590135
12862,2023-07-31,82515,-0.1769138628660364,-0.058147427
12863,2023-07-31,82581,-0.17527363662762563,-0.06363382
12864,2023-07-31,82598,-0.06086687386554446,-0.08703797
12865,2023-07-31,82642,-0.28116408391735837,-0.03968255
12866,2023-07-31,82651,-0.1364157841198821,-0.05207024
12867,2023-07-31,82775,0.02788958386486806,-0.12052947
12868,2023-07-31,83143,-0.028152597416335023,-0.08607215
12869,2023-07-31,83443,-0.030203022567935944,-0.09498532
12870,2023-07-31,83597,-0.005001621340045337,-0.06312722
12871,2023-07-31,83621,-0.18661178584443483,-0.11714454
12872,2023-07-31,84129,-0.1839741418564429,0.022562422
12873,2023-07-31,84373,-0.03223850842943099,-0.07349307
12874,2023-07-31,84381,-0.2153872242920023,-0.09904814
12875,2023-07-31,84761,-0.1254721310678577,-0.092114165
12876,2023-07-31,84767,-0.24973999510045775,-0.054386836
12877,2023-07-31,84769,-0.08565052811623675,-0.099444516
12878,2023-07-31,84788,-0.0044156191233492015,0.04741939
12879,2023-07-31,85035,-0.20541802419000177,0.01299036
12880,2023-07-31,85058,-0.182694731534213,0.0005221148
12881,2023-07-31,85072,-0.13758192674384662,-0.09931214
12882,2023-07-31,85257,-0.11096598318130291,-0.0867091
12883,2023-07-31,85269,-0.00685946569039364,-0.096895315
12884,2023-07-31,85348,-0.11799514764511287,-0.118568674
12885,2023-07-31,85459,-0.17766262697155888,-0.063410014
12886,2023-07-31,85592,-0.1866820439629847,-0.071798824
12887,2023-07-31,85621,-0.21652362255032676,-0.06928224
12888,2023-07-31,85631,-0.06774104814527382,-0.06558304
12889,2023-07-31,85663,-0.1230080109946653,-0.080817126
12890,2023-07-31,85753,-0.053519529866025484,-0.11355764
12891,2023-07-31,85792,-0.170758646744269,-0.09542863
12892,2023-07-31,85913,-0.06330481105342156,-0.10081534
12893,2023-07-31,85914,-0.18494539551900102,-0.08674784
12894,2023-07-31,85926,-0.3210602368765805,-0.057453237
12895,2023-07-31,86111,-0.05412034080142214,-0.05827209
12896,2023-07-31,86136,-0.052049567084054726,-0.06972809
12897,2023-07-31,86158,-0.019507740625131387,0.014675667
12898,2023-07-31,86228,-0.013651619572063844,-0.12083359
12899,2023-07-31,86339,-0.12775717459869618,-0.031006843
12900,2023-07-31,86356,-0.11370475702371252,-0.036125463
12901,2023-07-31,86580,-0.12723591689522762,-0.0071245623
12902,2023-07-31,86783,-0.061008522499437334,-0.10957013
12903,2023-07-31,86868,-0.13970927600439176,-0.06767058
12904,2023-07-31,86964,-0.0420193316749905,0.0149974795
12905,2023-07-31,86979,-0.0243327329262355,-0.11028656
12906,2023-07-31,86996,-0.043455240672697903,-0.01081661
12907,2023-07-31,87055,-0.01279085462479479,0.016203847
12908,2023-07-31,87137,-0.12929325310196338,-0.06813241
12909,2023-07-31,87267,-0.16531480476575655,0.0098216105
12910,2023-07-31,87299,0.09343681420633154,0.035225067
12911,2023-07-31,87432,-0.14937960752948132,-0.06928224
12912,2023-07-31,87445,-0.025849372197874976,-0.06672913
12913,2023-07-31,87447,-0.2382562498635683,-0.06932098
12914,2023-07-31,87541,0.006418445849895038,0.004734094
12915,2023-07-31,87657,-0.22359026309235042,-0.049868528
12916,2023-07-31,87717,-0.14178994758440033,-0.076950155
12917,2023-07-31,87842,-0.03928315680761796,-0.070511065
12918,2023-07-31,88031,-0.11114867545976315,-0.12083359
12919,2023-07-31,88182,-0.41865172353773394,-0.11061843
12920,2023-07-31,88281,-0.19652780192556452,0.017428014
12921,2023-07-31,88352,-0.1916744183637551,-0.13087356
12922,2023-07-31,88446,-0.4305484656917872,-0.06928224
12923,2023-07-31,88661,-0.35426398517437163,-0.12128618
12924,2023-07-31,88664,-0.15572106935740226,-0.06106786
12925,2023-07-31,88837,-0.025098611985392427,-0.11120948
12926,2023-07-31,88860,-0.5115248386996158,-0.06417304
12927,2023-07-31,88873,-0.03463701274158282,-0.069494046
12928,2023-07-31,89003,-0.17887250168821778,-0.009397061
12929,2023-07-31,89006,-0.10136719800140537,-0.122185126
12930,2023-07-31,89017,0.12064283724480851,-0.10911192
12931,2023-07-31,89070,-0.24261449919760625,-0.12136935
12932,2023-07-31,89071,-0.05700614940159243,0.0067279018
12933,2023-07-31,89179,-0.04253842605491309,-0.06278089
12934,2023-07-31,89195,-0.14539292323876163,-0.11730508
12935,2023-07-31,89258,-0.039347970474984284,0.020214476
12936,2023-07-31,89269,0.01307054134771124,-0.03150492
12937,2023-07-31,89393,-0.06214634226669846,0.05685224
12938,2023-07-31,89508,-0.2604996749019304,0.021879971
12939,2023-07-31,89525,-0.08162892099160624,-0.12704721
12940,2023-07-31,89533,-0.19238578913792603,-0.087502874
12941,2023-07-31,89617,-0.09504069704057894,-0.09132642
12942,2023-07-31,89626,0.07862583233146259,-0.07044965
12943,2023-07-31,89641,0.0864731136245731,-0.06215914
12944,2023-07-31,89781,0.09346636424747201,-0.06466444
12945,2023-07-31,89866,-0.19420228717437993,-0.10897668
12946,2023-07-31,90038,0.11256933549227433,-0.052621238
12947,2023-07-31,90071,0.12549240748780432,0.001294286
12948,2023-07-31,90199,-0.1676865098881044,-0.063025504
12949,2023-07-31,90215,-0.10745948631384172,-0.10209874
12950,2023-07-31,90248,-0.14296976199586198,-0.0020028008
12951,2023-07-31,90305,-0.2542012175997267,-0.065559395
12952,2023-07-31,90319,-0.06510057273990466,0.06737449
12953,2023-07-31,90373,0.00738825398914722,0.01652541
12954,2023-07-31,90386,-0.19896726550948973,-0.053701025
12955,2023-07-31,90454,-0.20386154684074642,-0.06391154
12956,2023-07-31,90455,-0.20871491087596916,-0.08230611
12957,2023-07-31,90505,-0.2037559441290695,-0.11384662
12958,2023-07-31,90520,-0.0811339297244027,0.011532689
12959,2023-07-31,90601,-0.013430636099290849,-0.06756175
12960,2023-07-31,90664,-0.2868484537085535,-0.12734628
12961,2023-07-31,90808,-0.22231129130631788,0.009075533
12962,2023-07-31,90829,-0.02304022019997176,-0.008812041
12963,2023-07-31,90880,-0.09369542790960439,-0.08806326
12964,2023-07-31,90993,-0.06074951220083158,-0.11659261
12965,2023-07-31,91041,-0.08808928323748089,0.024823667
12966,2023-07-31,91068,-0.010231746493545524,-0.102420054
12967,2023-07-31,91103,-0.355367812555641,-0.08266867
12968,2023-07-31,91152,-0.07961182567287384,-0.093973555
12969,2023-07-31,91233,-0.044095940809547374,-0.12235164
12970,2023-07-31,91547,0.06378131688854194,-0.04564446
12971,2023-07-31,91556,0.014384067297641856,-0.12227823
12972,2023-07-31,91611,-0.3131621672675957,-0.087695494
12973,2023-07-31,91849,0.020522972289722885,0.062487327
12974,2023-07-31,91926,-0.32259313374402443,-0.0625649
12975,2023-07-31,91937,0.04419992969034059,-0.066260606
12976,2023-07-31,92121,-0.21621272418699444,-0.06467383
12977,2023-07-31,92157,-0.17489911902406396,0.050682917
12978,2023-07-31,92322,-0.14273824816709246,-0.09734117
12979,2023-07-31,92402,-0.1374615930030444,-0.018021435
12980,2023-07-31,92602,-0.09313050966769165,-0.04939155
12981,2023-07-31,92611,-0.009212223171723544,-0.119547635
12982,2023-07-31,92614,-0.19802266663402734,-0.06694974
12983,2023-07-31,92655,0.06178088373448887,0.006192248
12984,2023-07-31,93002,-0.05855226085170795,0.06964345
12985,2023-07-31,93089,-0.005543258541942708,-0.089659475
12986,2023-07-31,93096,-0.29102609372539134,-0.037467748
12987,2023-07-31,93132,-0.2644083793154379,-0.095662594
12988,2023-07-31,93246,-0.4530233523927343,0.03192448
12989,2023-07-31,93429,0.17762493817449232,-0.11500272
12990,2023-07-31,93436,-0.24900110761174954,0.055551454
12991,2023-10-31,10104,0.08443112720324164,-0.087879345
12992,2023-10-31,10107,0.1782762674330296,0.011923248
12993,2023-10-31,10138,0.21196191960129673,-0.07539455
12994,2023-10-31,10145,0.11016845248545404,-0.074552394
12995,2023-10-31,10516,-0.218686625550354,-0.013023737
12996,2023-10-31,10696,0.24721099879157715,-0.10061899
12997,2023-10-31,11308,0.06139395627335653,-0.066273466
12998,2023-10-31,11403,0.20266816098502516,-0.08638548
12999,2023-10-31,11404,0.04468627577145923,-0.0992206
13000,2023-10-31,11600,0.1472133677318277,-0.07877826
13001,2023-10-31,11618,0.18356128805305016,-0.09985431
13002,2023-10-31,11674,0.10394878882507963,-0.086177886
13003,2023-10-31,11762,0.18832650097242953,-0.095011204
13004,2023-10-31,11850,-0.019872093431555937,0.091111735
13005,2023-10-31,11891,0.2419857037921902,-0.09083574
13006,2023-10-31,11955,0.13424187193306447,-0.08833909
13007,2023-10-31,12052,0.10390755211366742,-0.084775716
13008,2023-10-31,12060,0.2197611038206444,-0.08426025
13009,2023-10-31,12062,0.11687382815131575,-0.09963846
13010,2023-10-31,12084,0.22684099644835687,-0.0838885
13011,2023-10-31,12308,-0.07966814739458239,-0.08633586
13012,2023-10-31,12345,0.05684411725405414,-0.10409203
13013,2023-10-31,12369,0.37980529916540084,0.0417445
13014,2023-10-31,12431,0.32882707052906146,-0.10130948
13015,2023-10-31,12449,0.28760328322514983,-0.080102004
13016,2023-10-31,12476,0.02199032057979644,-0.1010113
13017,2023-10-31,12490,0.28414948889071856,-0.088400915
13018,2023-10-31,12558,0.06158859935285799,-0.0867128
13019,2023-10-31,12622,0.35129796530334056,-0.10011987
13020,2023-10-31,12623,0.18430047599419264,-0.023306869
13021,2023-10-31,12872,0.10088336238470563,-0.0942506
13022,2023-10-31,13035,0.20600980512940947,-0.086177886
13023,2023-10-31,13103,-0.06731889019504345,-0.07652492
13024,2023-10-31,13210,0.2782476997229719,0.03551806
13025,2023-10-31,13323,0.30849583239643175,0.13195774
13026,2023-10-31,13356,0.27680073561482144,-0.09951844
13027,2023-10-31,13407,0.29498587147707744,-0.016941104
13028,2023-10-31,13447,0.31545985976706903,-0.08528467
13029,2023-10-31,13586,0.2630442148687533,-0.08220062
13030,2023-10-31,13641,-0.0203028992656753,-0.098922424
13031,2023-10-31,13688,0.0355426395718601,-0.10010496
13032,2023-10-31,13721,0.17558768466576935,-0.08240443
13033,2023-10-31,13760,0.3088207840975006,-0.056697875
13034,2023-10-31,13788,0.1989498316317715,-0.076500945
13035,2023-10-31,13856,0.039910500187947395,-0.058242563
13036,2023-10-31,13901,0.02304249009404824,-0.09027616
13037,2023-10-31,13911,0.15151933496268732,-0.086177886
13038,2023-10-31,13928,-0.05360306348242383,-0.073962614
13039,2023-10-31,13949,0.13457151266537815,-0.09985431
13040,2023-10-31,13963,0.19148927795464776,-0.103736736
13041,2023-10-31,13964,0.19263113776445495,-0.032348715
13042,2023-10-31,14008,0.23874939490234315,-0.08074088
13043,2023-10-31,14277,-0.12072212449245179,-0.09751989
13044,2023-10-31,14297,0.2643820226210518,-0.10340627
13045,2023-10-31,14338,0.2613460076020866,-0.10015249
13046,2023-10-31,14541,0.022440866398207193,-0.058150955
13047,2023-10-31,14542,0.13168348301378452,0.016502447
13048,2023-10-31,14579,-0.221780890301428,-0.010884646
13049,2023-10-31,14593,0.08119983558720234,0.016279187
13050,2023-10-31,14702,0.24406376793940798,-0.07614359
13051,2023-10-31,14714,0.29100979299999974,-0.05980732
13052,2023-10-31,14763,0.5015967361183635,0.025085501
13053,2023-10-31,14776,0.3857382049515208,-0.08393397
13054,2023-10-31,14882,0.09977390058261171,-0.07448954
13055,2023-10-31,14889,0.4127333831207376,0.01127267
13056,2023-10-31,14939,0.2557172203886804,-0.015722964
13057,2023-10-31,15069,-0.1597121970911205,-0.08339242
13058,2023-10-31,15202,0.1525734717297873,-0.10077721
13059,2023-10-31,15291,0.06838121661477148,0.020327248
13060,2023-10-31,15408,0.1936721141057467,-0.0867128
13061,2023-10-31,15488,0.18436407500313234,0.038335964
13062,2023-10-31,15579,0.13657524252045872,-0.0730025
13063,2023-10-31,15707,0.002041133384234284,-0.07752081
13064,2023-10-31,15720,0.08175199993447602,-0.10099065
13065,2023-10-31,15850,0.1092468212894957,-0.061894786
13066,2023-10-31,16087,0.19902258971388753,-0.07612983
13067,2023-10-31,16431,0.14416444566293474,-0.09065999
13068,2023-10-31,16581,0.12735140143626755,-0.09918798
13069,2023-10-31,16600,0.039324767977137576,-0.013564537
13070,2023-10-31,16678,0.023634161457499747,-0.085073896
13071,2023-10-31,16692,0.3164588216465045,-0.10177596
13072,2023-10-31,16851,-0.14775717746686579,-0.10224925
13073,2023-10-31,17005,0.08745734786470694,0.0025480757
13074,2023-10-31,17144,0.004060917354361093,-0.005748144
13075,2023-10-31,17307,0.093966399416749,-0.0867128
13076,2023-10-31,17478,0.2863322342786714,-0.09962751
13077,2023-10-31,17700,0.08607969296114026,-0.10095741
13078,2023-10-31,17743,0.22503042606187007,-0.08576428
13079,2023-10-31,17750,0.020940297837505284,-0.0992206
13080,2023-10-31,17830,0.12778076122246063,0.046320822
13081,2023-10-31,17942,0.0434811340672534,-0.016732978
13082,2023-10-31,18143,0.062600633129555,-0.09062456
13083,2023-10-31,18163,0.05404386488671298,-0.075406395
13084,2023-10-31,18312,0.33030613205719894,0.016615255
13085,2023-10-31,18411,0.04334943659171975,-0.0992206
13086,2023-10-31,18420,0.06285177089424221,-0.103414625
13087,2023-10-31,18421,0.07524323728326476,-0.06997929
13088,2023-10-31,18428,0.12393572303719536,-0.10065478
13089,2023-10-31,18542,0.3345679702340165,-0.07119095
13090,2023-10-31,18592,-0.0519091066101216,-0.009329977
13091,2023-10-31,18724,0.07509364865202839,-0.02879657
13092,2023-10-31,18729,0.1275676038438467,-0.08833909
13093,2023-10-31,19166,0.0660669877863671,0.13769619
13094,2023-10-31,19285,0.15181845900358226,-0.0800268
13095,2023-10-31,19286,0.15008300104016303,-0.10011987
13096,2023-10-31,19350,0.08120612521514059,-0.079869166
13097,2023-10-31,19393,-0.04068576795480672,0.07008545
13098,2023-10-31,19502,0.09616309594071026,-0.0054907836
13099,2023-10-31,19561,0.12964597861276972,-0.07282202
13100,2023-10-31,19583,0.23961011824405576,-0.074919514
13101,2023-10-31,20057,0.3394044453673375,-0.07400134
13102,2023-10-31,20482,0.2025178509073644,-0.08248155
13103,2023-10-31,21020,0.2762331337367516,-0.045824062
13104,2023-10-31,21178,-0.04885008725409201,0.032816604
13105,2023-10-31,21186,0.12937878626157118,-0.10264995
13106,2023-10-31,21207,-0.06986898032372535,-0.063154615
13107,2023-10-31,21371,0.20585122831978375,-0.09985431
13108,2023-10-31,21573,0.0769168431493299,-0.10051671
13109,2023-10-31,21776,-0.09793296526475481,-0.0992206
13110,2023-10-31,21792,0.04701126543876555,-0.0867128
13111,2023-10-31,21936,-0.0878959352396037,0.040721424
13112,2023-10-31,22103,0.03720247765253326,-0.096419826
13113,2023-10-31,22111,0.07969124537396999,-0.054212704
13114,2023-10-31,22293,0.2261045826078414,-0.06757244
13115,2023-10-31,22509,0.1546801199760237,-0.10011987
13116,2023-10-31,22517,0.07615105492108509,-0.0867128
13117,2023-10-31,22592,0.053638044450715405,-0.0039501386
13118,2023-10-31,22623,0.08291223379726764,-0.0980091
13119,2023-10-31,22752,0.18460020729782856,-0.08274031
13120,2023-10-31,22779,0.15094043411654456,-0.10015249
13121,2023-10-31,22976,0.008048373165717049,-0.020035984
13122,2023-10-31,23026,0.04208291891252913,-0.0867128
13123,2023-10-31,23229,0.0611355988043536,-0.0867128
13124,2023-10-31,23393,0.10123890528827517,-0.101008564
13125,2023-10-31,23473,0.11984665099971048,-0.09935121
13126,2023-10-31,23536,0.002008385236101473,-0.0867128
13127,2023-10-31,23579,0.11488374871835938,-0.09981662
13128,2023-10-31,23660,0.19511146798823953,-0.09985431
13129,2023-10-31,23712,-0.05077666255349367,-0.098922424
13130,2023-10-31,23819,-0.08963600158121054,-0.09951844
13131,2023-10-31,23931,0.01865926704663501,-0.085073896
13132,2023-10-31,24010,0.056024501355418144,-0.085073896
13133,2023-10-31,24053,0.04639659001994989,-0.029978236
13134,2023-10-31,24109,0.04619994509488046,-0.0867128
13135,2023-10-31,24205,0.01383888837938807,0.054822043
13136,2023-10-31,24328,-0.16147308210776545,-0.08833909
13137,2023-10-31,24643,0.2770431542151781,-0.10392878
13138,2023-10-31,24766,-0.048571601267226816,0.01842673
13139,2023-10-31,24985,-0.07367674351344922,-0.0867128
13140,2023-10-31,25081,0.351197618419264,0.008105816
13141,2023-10-31,25232,0.06165800392353815,-0.09985431
13142,2023-10-31,25320,0.1136081373932214,-0.017048806
13143,2023-10-31,25419,0.06375960096997213,-0.07138914
13144,2023-10-31,25582,0.16880708478171136,-0.0018048867
13145,2023-10-31,25785,0.2020495214272211,-0.058394723
13146,2023-10-31,25953,0.1567739349193038,-0.10014075
13147,2023-10-31,26403,0.18103147316039636,0.04409408
13148,2023-10-31,26710,0.13930373234034232,-0.06888956
13149,2023-10-31,26825,0.09656899861757307,0.029977133
13150,2023-10-31,27828,0.10033616270518464,-0.086177886
13151,2023-10-31,27887,0.20262284852883883,0.026004804
13152,2023-10-31,27959,0.09032436876255634,-0.08863727
13153,2023-10-31,27991,-0.059313056291472877,-0.1045014
13154,2023-10-31,28222,-0.08885667809864106,-0.10061899
13155,2023-10-31,28484,-0.023857883284900905,-0.07252516
13156,2023-10-31,29946,-0.018813253681829956,-0.028722748
13157,2023-10-31,30681,0.2162868870198782,-0.100058764
13158,2023-10-31,32870,-0.0586896674445293,0.018519128
13159,2023-10-31,32986,0.06593399481754236,-0.100058764
13160,2023-10-31,34032,0.2984400875224422,-0.10081995
13161,2023-10-31,34746,0.4586403604478846,-0.015182838
13162,2023-10-31,34817,0.26873421588999746,-0.10011987
13163,2023-10-31,34833,-0.06561799099656185,-0.07261514
13164,2023-10-31,35044,0.3028037124101355,0.025676476
13165,2023-10-31,35554,0.23725581228865922,0.029896406
13166,2023-10-31,36003,0.15611842555389632,-0.0867128
13167,2023-10-31,36468,0.2806504563745471,-0.10011987
13168,2023-10-31,37584,0.18086250660188052,-0.10081995
13169,2023-10-31,38093,-0.011959249918289894,-0.10330983
13170,2023-10-31,38156,0.02046101615813667,-0.09985431
13171,2023-10-31,38703,0.27265848604157306,-0.07233634
13172,2023-10-31,38762,0.032192042662962495,-0.09188237
13173,2023-10-31,39490,-0.20473159766856175,-0.084775716
13174,2023-10-31,39642,-0.051421733904164046,-0.10243441
13175,2023-10-31,39917,0.1491290360732349,-0.09918798
13176,2023-10-31,40272,0.19213997799153604,-0.019357076
13177,2023-10-31,40539,0.08162694517860802,-0.09968311
13178,2023-10-31,41080,0.11460899841269145,-0.086177886
13179,2023-10-31,41355,0.2635554898333228,-0.10409203
13180,2023-10-31,42200,0.29452078950843985,0.008055463
13181,2023-10-31,42585,0.16657657616537103,-0.029225748
13182,2023-10-31,42877,0.17223067372575152,-0.10011987
13183,2023-10-31,42906,0.33506936815617383,-0.012437303
13184,2023-10-31,43350,0.10677569414889576,-0.094139084
13185,2023-10-31,43449,0.12314558643259632,-0.06983682
13186,2023-10-31,43553,0.1229861487617514,0.033905797
13187,2023-10-31,44206,0.018999655200066412,-0.0146053545
13188,2023-10-31,44329,0.3164959521779036,-0.084491014
13189,2023-10-31,44601,0.1506027609445093,-0.09981662
13190,2023-10-31,44644,0.1331469055739556,-0.08988202
13191,2023-10-31,45356,0.08245119178567362,-0.0844391
13192,2023-10-31,45751,0.025746960316412437,-0.09882704
13193,2023-10-31,45911,0.21293230986086242,-0.07703895
13194,2023-10-31,46578,0.24438829068499746,-0.06133714
13195,2023-10-31,46674,0.09602424924550546,0.026781777
13196,2023-10-31,46703,0.270008655276853,-0.08687799
13197,2023-10-31,46886,0.2680845320835752,-0.103914335
13198,2023-10-31,47896,0.2615262625430872,-0.001088208
13199,2023-10-31,48486,0.40666352568989916,-0.067952625
13200,2023-10-31,48506,0.275546970507883,-0.10065478
13201,2023-10-31,48653,-0.27668083828913836,-0.06962836
13202,2023-10-31,48725,0.18154242077479776,-0.08916558
13203,2023-10-31,49154,0.2678117781678786,0.008612482
13204,2023-10-31,49656,0.3148954618002342,-0.0992206
13205,2023-10-31,49680,0.2506864243219662,-0.06061291
13206,2023-10-31,50876,0.16766395144394708,0.09030776
13207,2023-10-31,51369,0.16134076298284938,-0.07924358
13208,2023-10-31,52038,0.22527760152745047,-0.01355865
13209,2023-10-31,52090,0.0732323310963654,-0.05976334
13210,2023-10-31,52230,0.0700530543253064,-0.092967734
13211,2023-10-31,52329,0.011023747041171372,-0.09951844
13212,2023-10-31,52476,0.4436101299639452,-0.10011987
13213,2023-10-31,52695,0.23007356353840702,-0.09985431
13214,2023-10-31,52708,0.40942811785984534,-0.10392878
13215,2023-10-31,52978,0.09966491995246729,-0.08476034
13216,2023-10-31,53065,0.1733389129458076,-0.098482944
13217,2023-10-31,53613,0.2840659598026418,-0.07287541
13218,2023-10-31,54148,0.42363037733417586,-0.095238134
13219,2023-10-31,55976,0.015040888458897061,-0.0073375436
13220,2023-10-31,56274,0.09218131053563572,-0.01699437
13221,2023-10-31,56573,0.170328991168192,-0.10011987
13222,2023-10-31,57568,0.15577811239206962,-0.094314516
13223,2023-10-31,57665,-0.008845486006234693,-0.078647606
13224,2023-10-31,57809,0.1872198119495061,-0.06864107
13225,2023-10-31,57904,0.08529922787559041,-0.09985431
13226,2023-10-31,58246,0.21966439447698183,-0.030220924
13227,2023-10-31,58413,0.12738327844164932,-0.08322523
13228,2023-10-31,58683,0.35290602394820847,0.020656588
13229,2023-10-31,58819,0.007128220234391858,-0.0867128
13230,2023-10-31,59176,0.3790573900317691,-0.08920138
13231,2023-10-31,59248,0.07671367265084883,-0.07154354
13232,2023-10-31,59300,0.14481909739561338,-0.06190038
13233,2023-10-31,59328,0.18416411691566648,-0.057032596
13234,2023-10-31,59408,0.30135820850986494,0.0061710756
13235,2023-10-31,59459,0.2692451026225666,-0.085073896
13236,2023-10-31,60097,0.2510756631917286,-0.0614678
13237,2023-10-31,60206,0.13161734344706044,-0.10123928
13238,2023-10-31,60442,0.3347077967049452,-0.0035178717
13239,2023-10-31,60506,0.26077565505893374,-0.10224925
13240,2023-10-31,60628,0.00960788785945521,-0.06989698
13241,2023-10-31,60871,0.22839840239023945,-0.07626584
13242,2023-10-31,61241,0.7024324503615444,-0.011041011
13243,2023-10-31,61399,0.12259130458658984,-0.08941033
13244,2023-10-31,61516,0.16568802923927417,-0.086572036
13245,2023-10-31,61621,0.10469406357578626,-0.09972289
13246,2023-10-31,61735,-0.03346661965977604,-0.09981662
13247,2023-10-31,62092,0.21263329242321927,-0.06875931
13248,2023-10-31,62148,0.2001275025718201,-0.09935121
13249,2023-10-31,62308,0.057459668923131035,-0.08656259
13250,2023-10-31,62498,0.17331179400639174,-0.06860582
13251,2023-10-31,63467,0.11725664725569174,-0.09985431
13252,2023-10-31,64186,-0.02203872518178429,-0.084775716
13253,2023-10-31,64282,0.44834978569176864,-0.07360617
13254,2023-10-31,64311,0.24165538004493947,-0.08498247
13255,2023-10-31,64390,0.13316250514679284,-0.0980091
13256,2023-10-31,64653,0.19937494532662536,-0.054982293
13257,2023-10-31,64936,0.15062483374652036,0.035869103
13258,2023-10-31,64995,0.446506638390209,-0.009116501
13259,2023-10-31,65402,0.11699151578715439,-0.10570358
13260,2023-10-31,65541,0.19656661883491067,-0.10011987
13261,2023-10-31,65875,0.22605401128191094,-0.059500843
13262,2023-10-31,65947,0.042070280741834054,-0.10313033
13263,2023-10-31,66093,0.16751082913172066,0.027746089
13264,2023-10-31,66157,0.3176395912725698,0.0073123276
13265,2023-10-31,66181,0.2481351289521998,-0.0823272
13266,2023-10-31,66384,0.42590453171060694,-0.07211816
13267,2023-10-31,66800,0.13981866032411938,-0.09985431
13268,2023-10-31,67598,0.21099634040079485,0.016112845
13269,2023-10-31,69032,0.24380478004266637,-0.07304962
13270,2023-10-31,69649,0.15910329516985766,-0.032439098
13271,2023-10-31,69796,0.05059100894666302,-0.09918798
13272,2023-10-31,70519,0.4402260735679928,-0.055296127
13273,2023-10-31,70578,0.18513137846893346,-0.10061899
13274,2023-10-31,71563,0.3300792943946709,0.00050207815
13275,2023-10-31,72726,0.15314871627267235,-0.0867128
13276,2023-10-31,73139,0.24482508137933956,-0.090768315
13277,2023-10-31,75034,-0.16728593791136348,-0.10224925
13278,2023-10-31,75154,0.4467681452543457,-0.037595715
13279,2023-10-31,75186,0.21464678674840454,0.022747606
13280,2023-10-31,75241,-0.024984075465824707,-0.018175445
13281,2023-10-31,75510,0.161109074227046,-0.0521662
13282,2023-10-31,75591,0.10835057081185817,-0.086177886
13283,2023-10-31,75607,0.417888027845281,-0.016393464
13284,2023-10-31,75694,0.2890148213645707,-0.0696524
13285,2023-10-31,75819,0.1024234777091455,-0.10099065
13286,2023-10-31,75825,-0.08007436591901407,-0.085073896
13287,2023-10-31,75828,0.1129472475633635,-0.0867128
13288,2023-10-31,75912,0.2864941376239385,-0.10015249
13289,2023-10-31,76076,-0.029975392682569657,-0.08058542
13290,2023-10-31,76082,-0.08861023618635178,-0.084775716
13291,2023-10-31,76095,0.12498170837846811,-0.09918798
13292,2023-10-31,76185,0.13368367276271909,-0.09981662
13293,2023-10-31,76226,0.34500100772436926,0.025748389
13294,2023-10-31,76230,0.07913953707052124,-0.06542173
13295,2023-10-31,76605,0.115052180330798,-0.09858654
13296,2023-10-31,76614,0.20886278844233597,-0.09951844
13297,2023-10-31,76709,0.28940206202417795,-0.09850351
13298,2023-10-31,76712,0.13104362563797545,-0.0016437549
13299,2023-10-31,76744,0.19681664630959284,-0.09882704
13300,2023-10-31,76795,0.14382091604191194,0.01320371
13301,2023-10-31,76841,0.03839448234806331,-0.0867128
13302,2023-10-31,77037,0.03917250085830193,-0.10409203
13303,2023-10-31,77129,0.14438944489899153,-0.032045722
13304,2023-10-31,77178,0.37112447702523754,-0.06702161
13305,2023-10-31,77274,0.005574660887108784,-0.08841673
13306,2023-10-31,77338,0.10068669726592261,-0.09985431
13307,2023-10-31,77357,0.13613827258946198,-0.08638548
13308,2023-10-31,77496,0.2969666693716939,-0.0847107
13309,2023-10-31,77605,0.23578622075159617,-0.093640774
13310,2023-10-31,77649,0.045436186259224076,-0.102862746
13311,2023-10-31,77661,0.37206687491105095,-0.10392878
13312,2023-10-31,77702,0.014187107279463262,-0.08916558
13313,2023-10-31,77730,0.1938011217034774,-0.0105435755
13314,2023-10-31,78975,0.27744094671273056,-0.081970945
13315,2023-10-31,78987,0.2011877040441803,-0.101612724
13316,2023-10-31,79057,0.14600372020999197,-0.08833909
13317,2023-10-31,79103,0.09953757169605071,-0.09934028
13318,2023-10-31,79145,0.5047827150309254,-0.09436735
13319,2023-10-31,79323,0.21961694738441273,-0.08467013
13320,2023-10-31,79452,0.11643980356449513,0.018312188
13321,2023-10-31,79545,-0.07830175603125389,-0.10685804
13322,2023-10-31,79547,0.09962026410215441,-0.086177886
13323,2023-10-31,79637,0.2633334364792219,-0.103414625
13324,2023-10-31,79698,0.37766565257814966,-0.09981662
13325,2023-10-31,79782,0.05044315135322974,-0.10147396
13326,2023-10-31,79785,0.3071808059199652,-0.07900002
13327,2023-10-31,79906,0.08974569088743323,-0.011758369
13328,2023-10-31,80080,0.12826196682227153,-0.10394119
13329,2023-10-31,80100,0.27959635534686256,-0.100058764
13330,2023-10-31,80183,0.08139890035128183,-0.02605509
13331,2023-10-31,80191,-0.09248506894437292,0.10953396
13332,2023-10-31,80204,0.24523671045686757,-0.10407451
13333,2023-10-31,80286,0.1724512643363314,-0.086177886
13334,2023-10-31,80320,0.10386408949215054,-0.10313033
13335,2023-10-31,80381,0.08946528893883121,-0.09972289
13336,2023-10-31,80681,0.10061365361382468,-0.09831776
13337,2023-10-31,81045,0.16401661555850322,-0.016232193
13338,2023-10-31,81055,0.34362879409360203,-0.08039616
13339,2023-10-31,81061,0.09923242289672096,-0.09985431
13340,2023-10-31,81481,0.17580313827923466,-0.018591583
13341,2023-10-31,81540,0.2599522490489743,-0.09985431
13342,2023-10-31,81655,0.12621731363258282,-0.100058764
13343,2023-10-31,81677,0.24281720452330324,-0.10099065
13344,2023-10-31,81736,0.3511802108882427,-0.011565834
13345,2023-10-31,81774,0.17925520552622154,-0.076382846
13346,2023-10-31,82303,-0.022730951410428357,-0.09985431
13347,2023-10-31,82307,0.40048548062137534,-0.07943764
13348,2023-10-31,82515,0.17956887088370843,-0.07612983
13349,2023-10-31,82581,0.15174184485711795,-0.078959525
13350,2023-10-31,82598,0.20508970714373942,-0.09981662
13351,2023-10-31,82642,0.02958814685652844,0.037238378
13352,2023-10-31,82651,0.3319433408962953,-0.06309996
13353,2023-10-31,82775,0.1910541040165019,-0.0981762
13354,2023-10-31,83143,0.15390559636795098,-0.100274935
13355,2023-10-31,83443,0.124252101044803,-0.003960295
13356,2023-10-31,83597,0.10432124397114761,-0.098922424
13357,2023-10-31,83621,0.1781447467336934,-0.10392878
13358,2023-10-31,84129,0.3746817617445366,0.06667681
13359,2023-10-31,84373,-0.007599547610836921,-0.028534312
13360,2023-10-31,84381,-0.03159479517179575,-0.10011987
13361,2023-10-31,84761,0.23312136016255636,-0.10065478
13362,2023-10-31,84767,0.310971675131702,-0.01651079
13363,2023-10-31,84769,0.2579234180520431,-0.1002831
13364,2023-10-31,84788,0.16613002983847136,-0.012480408
13365,2023-10-31,85035,0.14092782922542146,-0.10333475
13366,2023-10-31,85058,0.25827315293517294,-0.057281904
13367,2023-10-31,85072,0.28329619013585194,-0.0592131
13368,2023-10-31,85257,0.15301725469763205,-0.10065478
13369,2023-10-31,85269,0.11135015998178677,-0.06620579
13370,2023-10-31,85348,0.07648416340288922,-0.09972289
13371,2023-10-31,85459,0.03525456594882681,-0.08971976
13372,2023-10-31,85592,0.26561722817809663,-0.08934711
13373,2023-10-31,85621,0.21517139775993122,-0.06292761
13374,2023-10-31,85631,0.2842641737777538,-0.0867128
13375,2023-10-31,85663,0.5445448390618153,-0.1044637
13376,2023-10-31,85753,-0.003906619651613208,-0.09888472
13377,2023-10-31,85792,0.16162717637943436,-0.07900002
13378,2023-10-31,85913,0.27456605345922,-0.09993905
13379,2023-10-31,85914,0.09832023740205131,-0.09918798
13380,2023-10-31,86111,0.10659711575475139,-0.0056651616
13381,2023-10-31,86136,0.030420833934758473,-0.085073896
13382,2023-10-31,86158,0.20118526011142523,-0.09951844
13383,2023-10-31,86228,0.1561389321203861,-0.09985431
13384,2023-10-31,86288,0.1371746063836592,-0.0867128
13385,2023-10-31,86339,0.18013245562358793,-0.004450924
13386,2023-10-31,86356,0.053286221349805984,-0.076664746
13387,2023-10-31,86580,0.5088807048894415,-0.061418205
13388,2023-10-31,86783,0.2573591969371696,-0.05209724
13389,2023-10-31,86868,0.27502899185148855,-0.059983123
13390,2023-10-31,86964,0.2118215118173974,-0.10294813
13391,2023-10-31,86979,0.3835748819567637,-0.08861577
13392,2023-10-31,86996,0.07689962989373966,-0.016324373
13393,2023-10-31,87055,0.2884887965545324,-0.0715531
13394,2023-10-31,87137,-0.08225594975143591,-0.0022689032
13395,2023-10-31,87267,0.2731450738991148,-0.09918798
13396,2023-10-31,87299,0.1925908873515889,-0.09951844
13397,2023-10-31,87432,0.26072268798136955,-0.004363135
13398,2023-10-31,87445,0.11713851452980606,-0.09888472
13399,2023-10-31,87447,0.0163864496574202,-0.0614678
13400,2023-10-31,87541,0.09205576677714422,-0.10313033
13401,2023-10-31,87657,0.2314814237060263,-0.086177886
13402,2023-10-31,87717,0.1629690174102103,-0.10011987
13403,2023-10-31,87842,0.16526431321638024,-0.085073896
13404,2023-10-31,88031,0.07671370771166641,-0.10065478
13405,2023-10-31,88182,0.1355307577023237,-0.029153459
13406,2023-10-31,88281,0.28463339398796506,-0.06454341
13407,2023-10-31,88352,0.44237590006822236,-0.066880964
13408,2023-10-31,88446,0.3069828450193426,0.05816301
13409,2023-10-31,88661,0.42233480630731113,-0.07470502
13410,2023-10-31,88664,0.18003714754500844,-0.016393464
13411,2023-10-31,88837,0.1721873322539873,-0.101025835
13412,2023-10-31,88860,0.44818271068345017,-0.020674683
13413,2023-10-31,88873,0.25678304574164557,-0.09888472
13414,2023-10-31,89003,0.2789531462656123,0.0373752
13415,2023-10-31,89006,0.1435219647483652,-0.09192619
13416,2023-10-31,89017,0.04779772268972082,-0.08283961
13417,2023-10-31,89070,0.2053289620954255,-0.09778284
13418,2023-10-31,89071,0.22927764929229433,-0.08929511
13419,2023-10-31,89179,0.09968078890654031,0.028061833
13420,2023-10-31,89195,0.1793333241216426,-0.024561059
13421,2023-10-31,89258,0.16274661962805115,-0.085073896
13422,2023-10-31,89269,0.09176827199954496,-0.011555817
13423,2023-10-31,89393,0.3702353889953198,-0.0007628611
13424,2023-10-31,89508,0.16516644558742688,-0.0785834
13425,2023-10-31,89525,0.1346343736641804,-0.0838448
13426,2023-10-31,89533,0.07885655148470994,-0.10647864
13427,2023-10-31,89617,0.14339067306510933,-0.106211066
13428,2023-10-31,89626,-0.006490553796689946,-0.10330983
13429,2023-10-31,89641,0.266114868944372,-0.10313033
13430,2023-10-31,89781,0.07055264630505453,-0.084775716
13431,2023-10-31,89866,0.06958961985389123,-0.064709164
13432,2023-10-31,90038,0.1328339886549843,-0.071171165
13433,2023-10-31,90071,0.26115309602135484,-0.08831759
13434,2023-10-31,90199,0.24473686151113316,-0.09918798
13435,2023-10-31,90215,0.3996381666648374,-0.08452872
13436,2023-10-31,90248,0.26110089171263495,-0.07507008
13437,2023-10-31,90305,0.40894800656329533,0.028326359
13438,2023-10-31,90319,0.1291089627329487,0.018506853
13439,2023-10-31,90373,0.13982871594868906,-0.101146065
13440,2023-10-31,90386,-0.04910276809478442,-0.021636417
13441,2023-10-31,90454,0.05852457665740807,-0.07392406
13442,2023-10-31,90455,0.36657663260101914,-0.08939209
13443,2023-10-31,90505,0.034953825144419026,-0.10391126
13444,2023-10-31,90520,0.2775333324329139,-0.10573578
13445,2023-10-31,90601,0.1694510788138317,-0.011400546
13446,2023-10-31,90664,0.36609292596985354,0.05608611
13447,2023-10-31,90808,0.5566178378901774,-0.10011987
13448,2023-10-31,90829,-0.04879620376742355,-0.0108853765
13449,2023-10-31,90880,0.23465356433665363,-0.09976907
13450,2023-10-31,90993,0.189218447282945,-0.09981662
13451,2023-10-31,91041,0.1103446062849418,-0.09935121
13452,2023-10-31,91068,0.2402228715114787,-0.09500422
13453,2023-10-31,91103,0.18194916210802425,-0.059727617
13454,2023-10-31,91152,0.3677444500609255,-0.10409203
13455,2023-10-31,91233,0.19551394443375103,-0.07224056
13456,2023-10-31,91547,0.11840557711198829,-0.0858625
13457,2023-10-31,91556,0.21268384104801608,-0.09985431
13458,2023-10-31,91611,0.027027928601084605,-0.05418009
13459,2023-10-31,91849,0.2016114158914717,-0.09964087
13460,2023-10-31,91926,0.2524858218674211,-0.08019092
13461,2023-10-31,91937,0.1255832613040937,-0.06307509
13462,2023-10-31,92121,0.2960446286338225,-0.017428577
13463,2023-10-31,92157,0.211951928702115,-0.09918798
13464,2023-10-31,92322,0.31664802966947514,-0.086177886
13465,2023-10-31,92402,0.272939046562096,-0.10011987
13466,2023-10-31,92602,0.03334705555109618,-0.09832394
13467,2023-10-31,92611,0.16479000679121514,-0.049248315
13468,2023-10-31,92614,0.06026893152346169,-0.028463053
13469,2023-10-31,92655,-0.04119461944996439,0.052249737
13470,2023-10-31,93002,0.40893578720172874,-0.017032303
13471,2023-10-31,93089,0.06386113282102701,-0.1010113
13472,2023-10-31,93096,0.11433499538277725,0.025142988
13473,2023-10-31,93132,0.12803867839166383,-0.09847546
13474,2023-10-31,93246,0.3520858326161027,-0.022087263
13475,2023-10-31,93429,0.12522387827360038,-0.09866405
13476,2023-10-31,93436,-0.06746657832564651,0.011464278
13477,2024-01-31,10104,0.021659023558190604,-0.075207904
13478,2024-01-31,10107,-0.01895543845068226,0.014352236
13479,2024-01-31,10138,0.021231585198210112,-0.081156865
13480,2024-01-31,10145,-0.04193707306330163,-0.072018005
13481,2024-01-31,10516,0.06539591173443537,0.022246333
13482,2024-01-31,10696,0.07612666868270779,-0.077375606
13483,2024-01-31,11308,0.04664881801931586,-0.0734443
13484,2024-01-31,11403,-0.044478673288746995,-0.009283657
13485,2024-01-31,11404,0.04844714077423995,-0.08131229
13486,2024-01-31,11600,-0.07962830621758732,-0.094013505
13487,2024-01-31,11618,0.0014818140564545335,-0.021770643
13488,2024-01-31,11674,0.05631708798849866,-0.091330215
13489,2024-01-31,11762,0.29740969912615256,-0.080768354
13490,2024-01-31,11850,0.16116051349355098,-0.013375954
13491,2024-01-31,11891,-0.09061513315444103,-0.080655865
13492,2024-01-31,11955,0.12461438932677837,-0.0729182
13493,2024-01-31,12052,0.08874961191365527,-0.07031164
13494,2024-01-31,12060,0.5382148518660002,-0.0689424
13495,2024-01-31,12062,-0.09112155063107519,-0.092480436
13496,2024-01-31,12084,0.22176093856243195,-0.00719409
13497,2024-01-31,12308,-0.309596744466646,-0.070748396
13498,2024-01-31,12345,0.0755017408411216,-0.08784401
13499,2024-01-31,12369,0.15103977787457046,0.0018017172
13500,2024-01-31,12431,0.2627904752626886,-0.07612785
13501,2024-01-31,12449,0.042116407775862674,-0.09723639
13502,2024-01-31,12476,0.3511043935436533,-0.093079545
13503,2024-01-31,12490,-0.08691754196585522,-0.009674802
13504,2024-01-31,12558,0.09707672519650035,-0.057195596
13505,2024-01-31,12622,0.018196010947552077,-0.06617708
13506,2024-01-31,12623,0.07440104788573954,-0.092927106
13507,2024-01-31,12872,0.10285674996606486,-0.0069954996
13508,2024-01-31,13035,0.16577371972186739,-0.08665471
13509,2024-01-31,13103,-0.12701286274958512,0.02688497
13510,2024-01-31,13210,-0.1540797182472573,-0.06530954
13511,2024-01-31,13323,0.04446613238719488,-0.011534108
13512,2024-01-31,13356,-0.00037698319924373003,-0.079843596
13513,2024-01-31,13407,0.10378109702963867,0.07580028
13514,2024-01-31,13447,-0.09416182122885108,-0.07909901
13515,2024-01-31,13586,0.08407621681912048,-0.09357095
13516,2024-01-31,13641,0.3307708821377553,-0.047415018
13517,2024-01-31,13688,0.014834272777769053,-0.050296232
13518,2024-01-31,13721,-0.001256910412825496,-0.076231174
13519,2024-01-31,13760,0.06291934154111245,-0.006425189
13520,2024-01-31,13788,-0.1497302799194038,-0.071340285
13521,2024-01-31,13856,0.0517769776948771,-0.0734443
13522,2024-01-31,13901,0.11687361153928166,-0.07170595
13523,2024-01-31,13911,0.11304399965017842,-0.055708185
13524,2024-01-31,13928,0.13080530009986124,-0.07009418
13525,2024-01-31,13949,0.06945638613430805,-0.084273405
13526,2024-01-31,13963,-0.030421119667407792,-0.082405046
13527,2024-01-31,13964,-0.036757738443767285,-0.08135064
13528,2024-01-31,14008,-0.12151963481382388,-0.07576056
13529,2024-01-31,14277,-0.01946536162845036,-0.004163263
13530,2024-01-31,14297,-0.015191660436220666,-0.09124367
13531,2024-01-31,14338,0.03386191500169233,-0.07520246
13532,2024-01-31,14541,0.10542052496255128,-0.071124196
13533,2024-01-31,14542,0.161073635237162,0.034127764
13534,2024-01-31,14579,-0.009872606800245043,-0.029125448
13535,2024-01-31,14593,-0.07512475807537711,-0.0259614
13536,2024-01-31,14702,0.21110345764160643,-0.007063907
13537,2024-01-31,14714,-0.008194592864993022,0.059150506
13538,2024-01-31,14763,0.08152376356960511,-0.03157495
13539,2024-01-31,14776,0.1387315602921575,-0.038770366
13540,2024-01-31,14882,-0.18349751906,-0.045287047
13541,2024-01-31,14889,0.05596211104209936,-0.012549938
13542,2024-01-31,14939,-0.03471003273947737,-0.082051866
13543,2024-01-31,15069,0.18063643116934225,-0.028043652
13544,2024-01-31,15202,0.14186667284104537,-0.08787663
13545,2024-01-31,15291,0.031701384085505824,0.007883805
13546,2024-01-31,15408,0.05191238729018255,-0.068492875
13547,2024-01-31,15488,0.10709520486664692,0.01918524
13548,2024-01-31,15579,0.10180267937722554,-0.06927408
13549,2024-01-31,15707,0.12008322154240703,0.004374332
13550,2024-01-31,15720,0.06489040779240285,-0.067037635
13551,2024-01-31,15850,-0.19697873491852635,-0.031872645
13552,2024-01-31,16087,-0.036321832438779955,-0.09098211
13553,2024-01-31,16431,-0.18367139537947752,-0.08575135
13554,2024-01-31,16581,0.04689909967440076,-0.09176488
13555,2024-01-31,16600,0.009145490526889066,-0.046503305
13556,2024-01-31,16678,0.2078762231953919,-0.08209283
13557,2024-01-31,16692,0.1688052275174503,-0.08569152
13558,2024-01-31,16851,0.1795438597552994,0.02080199
13559,2024-01-31,17005,-0.08086898196868975,-0.06927408
13560,2024-01-31,17144,0.09462903690420732,-0.056094598
13561,2024-01-31,17307,-0.03847532102459805,-0.08032663
13562,2024-01-31,17478,-0.07058601310253498,-0.07243787
13563,2024-01-31,17700,-0.11722847268834924,-0.088152476
13564,2024-01-31,17743,-0.05872011229798313,-0.03838292
13565,2024-01-31,17750,0.13956505449884626,-0.062883854
13566,2024-01-31,17830,0.12147676246997441,-0.07324019
13567,2024-01-31,17942,0.07941699926153434,-0.06663138
13568,2024-01-31,18143,0.09243590077384356,-0.07676482
13569,2024-01-31,18163,0.04521038812986533,-0.07286518
13570,2024-01-31,18312,0.0916378209216191,-0.0026980191
13571,2024-01-31,18411,0.06838630188989026,-0.07170595
13572,2024-01-31,18420,-0.03127492599730752,-0.09879158
13573,2024-01-31,18421,-0.03487934084442024,-0.0904417
13574,2024-01-31,18428,0.07504859825671106,-0.056225095
13575,2024-01-31,18542,0.11816347361739887,-0.072014056
13576,2024-01-31,18592,0.19375250633174912,-0.05004692
13577,2024-01-31,18724,-0.03871856732297585,-0.09370339
13578,2024-01-31,18729,0.09795062584395953,-0.07599491
13579,2024-01-31,19166,0.05971236868284935,-0.048573848
13580,2024-01-31,19285,0.12392586413167606,-0.083817095
13581,2024-01-31,19286,0.03501013209155901,-0.06295489
13582,2024-01-31,19350,-0.0019385388068787757,-0.072018005
13583,2024-01-31,19393,-0.09038454802373674,-0.053639174
13584,2024-01-31,19502,-0.2055086611096396,0.0019302497
13585,2024-01-31,19561,-0.20469877436390382,0.039839476
13586,2024-01-31,19583,-0.09345271815924983,-0.0585739
13587,2024-01-31,20057,-0.007371583700254036,-0.056284588
13588,2024-01-31,20482,-0.05873499393874537,-0.06829575
13589,2024-01-31,21020,-0.05059808246150377,-0.0246081
13590,2024-01-31,21178,0.09068055523400154,-0.070517994
13591,2024-01-31,21186,0.19967536188617552,-0.09185925
13592,2024-01-31,21207,0.18642531469448098,-0.051273923
13593,2024-01-31,21371,-0.052103583089824546,-0.06258859
13594,2024-01-31,21573,-0.011849418736558204,-0.0927329
13595,2024-01-31,21776,0.0911323338771497,-0.053409737
13596,2024-01-31,21792,0.05057826626925843,-0.092315875
13597,2024-01-31,21936,-0.053914068466045295,-0.050669134
13598,2024-01-31,22103,0.18080748053878426,-0.07004164
13599,2024-01-31,22111,-0.08313865260612674,-0.06358927
13600,2024-01-31,22293,0.03635803247888014,0.0012571265
13601,2024-01-31,22509,-0.08119422695340961,-0.049692508
13602,2024-01-31,22517,0.0581293582332314,-0.09221472
13603,2024-01-31,22592,0.23063240060547452,-0.008215641
13604,2024-01-31,22623,0.5270903380390672,-0.08741348
13605,2024-01-31,22752,0.07671157349947189,-0.07467504
13606,2024-01-31,22779,0.0645389975346422,-0.07615013
13607,2024-01-31,22976,-0.26547137519040886,0.012049427
13608,2024-01-31,23026,0.057225536375354435,-0.09470292
13609,2024-01-31,23229,0.0700973831219891,-0.09281243
13610,2024-01-31,23393,0.08368308066299579,-0.092372015
13611,2024-01-31,23473,0.05128719061375686,-0.09535155
13612,2024-01-31,23536,0.03445086765659222,-0.05262984
13613,2024-01-31,23570,0.03962678197195957,-0.079891965
13614,2024-01-31,23579,-0.0012028163460161556,-0.04931612
13615,2024-01-31,23660,0.09133793552860725,-0.08769499
13616,2024-01-31,23712,0.20219280810246554,-0.08845133
13617,2024-01-31,23819,0.056126788137779826,0.0057122544
13618,2024-01-31,23931,-0.09308201721683906,-0.050296232
13619,2024-01-31,24010,0.0816702261124993,-0.09275054
13620,2024-01-31,24053,0.04596286234738578,-0.089394905
13621,2024-01-31,24109,0.113730693525399,-0.063307665
13622,2024-01-31,24205,0.15291746171749,-0.072119154
13623,2024-01-31,24328,0.13762190924241713,-0.06111095
13624,2024-01-31,24643,0.18746028118989466,-0.087201394
13625,2024-01-31,24766,0.09006083160116818,-0.0696221
13626,2024-01-31,24985,0.07164879625962195,-0.09335787
13627,2024-01-31,25081,-0.032087119452488544,-0.04833273
13628,2024-01-31,25232,0.17377282942894512,-0.066645324
13629,2024-01-31,25320,0.03302353763457089,-0.09361479
13630,2024-01-31,25582,0.03260569594931062,-0.06320651
13631,2024-01-31,25785,0.06401162884731826,-0.046529796
13632,2024-01-31,25953,0.2008069105908925,-0.09176488
13633,2024-01-31,26403,0.15668782049722463,-0.07093095
13634,2024-01-31,26710,0.03230233183576581,-0.08610051
13635,2024-01-31,26825,0.06734242099861798,-0.091330215
13636,2024-01-31,27828,-0.012749361006506366,-0.04571793
13637,2024-01-31,27887,0.05081457257671396,-0.08761882
13638,2024-01-31,27959,0.03673238968015302,-0.07117013
13639,2024-01-31,27991,0.081712861569468,-0.09495376
13640,2024-01-31,28222,-0.06899657514789093,-0.07010479
13641,2024-01-31,28484,0.12393559642475194,-0.0612827
13642,2024-01-31,29946,-0.1249418340923435,-0.092146106
13643,2024-01-31,30681,0.03505856135146623,-0.09275192
13644,2024-01-31,32870,0.1806418346156229,-0.07715581
13645,2024-01-31,32986,0.042142806146625356,-0.09275054
13646,2024-01-31,34032,0.021250408796317677,-0.08885919
13647,2024-01-31,34746,0.0749793712129081,-0.052133176
13648,2024-01-31,34817,-0.09598079686521421,0.012091411
13649,2024-01-31,34833,0.1530004791436399,-0.070227735
13650,2024-01-31,35044,0.04543226401360845,-0.023703674
13651,2024-01-31,35554,0.05547620830949729,-0.044419464
13652,2024-01-31,36003,0.032630511385308036,-0.08687677
13653,2024-01-31,36468,-0.013485471507703073,-0.076895885
13654,2024-01-31,37584,-0.13269890639978854,-0.0860619
13655,2024-01-31,38093,0.013387275674800136,-0.069975816
13656,2024-01-31,38156,0.12138526754102918,-0.06619671
13657,2024-01-31,38703,0.190630343508015,-0.07054394
13658,2024-01-31,38762,0.0941734647063901,-0.09326872
13659,2024-01-31,39490,0.011261279179433314,-0.018406644
13660,2024-01-31,39642,-0.013706310951554057,-0.06967012
13661,2024-01-31,39917,-0.07010360232806379,-0.089176744
13662,2024-01-31,40272,0.05424615861266702,-0.07382072
13663,2024-01-31,40539,-0.005248387901736651,-0.07151543
13664,2024-01-31,41080,0.18802220449742024,-0.08032663
13665,2024-01-31,41355,0.1764765362001961,-0.07612785
13666,2024-01-31,42200,-0.04327062330950482,-0.059239946
13667,2024-01-31,42585,-0.11951317394702365,-0.096425645
13668,2024-01-31,42877,-0.18948292558334257,-0.08878428
13669,2024-01-31,42906,0.07069591777910311,-0.026249083
13670,2024-01-31,43350,-0.011651859836109946,-0.08739472
13671,2024-01-31,43449,-0.06190306122856948,-0.072018005
13672,2024-01-31,43553,-0.12759327016579325,0.0019642073
13673,2024-01-31,44206,0.13160447688889731,0.015721558
13674,2024-01-31,44329,-0.1390299357940964,-0.078910336
13675,2024-01-31,44601,0.09347545654737321,-0.09271773
13676,2024-01-31,44644,-0.01018346072644083,-0.07411201
13677,2024-01-31,45356,0.24211999177306387,0.036977503
13678,2024-01-31,45751,0.03242413103427211,-0.070617065
13679,2024-01-31,45911,0.027075885910630593,0.005567205
13680,2024-01-31,46578,0.026402222703986622,-0.081261456
13681,2024-01-31,46674,0.12859743710497695,-0.09176488
13682,2024-01-31,46703,-0.00868026920528775,-0.09166748
13683,2024-01-31,46886,0.16292531770853258,-0.0040879343
13684,2024-01-31,47896,0.1061411624620896,-0.031326253
13685,2024-01-31,48486,0.08619348834576313,-0.0051055285
13686,2024-01-31,48506,-0.053275951661684084,-0.07130483
13687,2024-01-31,48653,-0.1989239582361788,0.028648796
13688,2024-01-31,48725,-0.022776468613893153,-0.07298554
13689,2024-01-31,49154,0.1659509824843619,-0.06769582
13690,2024-01-31,49656,0.026059787607265017,-0.065478966
13691,2024-01-31,49680,0.02908342396316055,-0.06133725
13692,2024-01-31,50876,0.21193895110588756,-0.02759897
13693,2024-01-31,51369,0.205674075951223,-0.017211303
13694,2024-01-31,52038,-0.07567718711425742,-0.032268994
13695,2024-01-31,52090,0.12211434041323099,-0.09189206
13696,2024-01-31,52230,-0.12495245613283346,-0.09099165
13697,2024-01-31,52329,0.06711810335558765,-0.09368683
13698,2024-01-31,52476,-0.09751036838203475,-0.07768086
13699,2024-01-31,52695,0.03069798168013227,-0.076225325
13700,2024-01-31,52708,0.01505678435214075,-0.021828605
13701,2024-01-31,52978,0.2665971704629486,-0.06450242
13702,2024-01-31,53065,-0.06759721770223304,-0.09228306
13703,2024-01-31,53613,0.3186070964252341,-0.017031183
13704,2024-01-31,54148,0.0675504712944901,0.0347681
13705,2024-01-31,55976,0.08111953877739775,-0.07394999
13706,2024-01-31,56274,0.0678606604209695,-0.069306165
13707,2024-01-31,56573,-0.05947237545548412,-0.07117013
13708,2024-01-31,57568,0.25856784573830605,-0.091330215
13709,2024-01-31,57665,-0.08800272610375837,-0.07009418
13710,2024-01-31,57809,0.028341401946701872,-0.081206694
13711,2024-01-31,57904,-0.0018877659666193258,-0.08847207
13712,2024-01-31,58246,0.04400291685085356,-0.08774132
13713,2024-01-31,58413,0.035018939619833045,-0.09228306
13714,2024-01-31,58683,-0.12761296948539536,0.015419502
13715,2024-01-31,58819,0.033299227496989214,-0.09303707
13716,2024-01-31,59176,0.16955429952125245,-0.037544206
13717,2024-01-31,59248,-0.06678018153731813,-0.09349657
13718,2024-01-31,59300,0.06905165996080753,-0.09228306
13719,2024-01-31,59328,-0.2906416765343015,0.06532188
13720,2024-01-31,59408,0.09577336792908175,-0.06562284
13721,2024-01-31,59459,0.008357740486716114,-0.068148136
13722,2024-01-31,60097,-0.07580868609409874,-0.07036429
13723,2024-01-31,60206,-0.06943080659916168,-0.08425643
13724,2024-01-31,60442,0.023984706797078648,-0.06576992
13725,2024-01-31,60506,0.059653485791105076,-0.0774328
13726,2024-01-31,60628,0.09043727356201181,-0.07731306
13727,2024-01-31,60871,0.04781827091131374,-0.07093833
13728,2024-01-31,61241,-0.0555210710701286,0.039922886
13729,2024-01-31,61399,0.07622504652571505,-0.07158333
13730,2024-01-31,61516,-0.15936668006917842,-0.063994564
13731,2024-01-31,61621,-0.016871855455033447,-0.07577334
13732,2024-01-31,61735,-0.052759845986499854,-0.07010479
13733,2024-01-31,62092,0.055880849248334474,-0.047002383
13734,2024-01-31,62148,-0.06650306340109102,-0.071874835
13735,2024-01-31,62308,-0.3784735474814832,-0.08551329
13736,2024-01-31,62498,-0.04119084393433936,-0.08782674
13737,2024-01-31,63467,0.053074762019007515,-0.088357
13738,2024-01-31,64186,0.19136493487712536,-0.07117221
13739,2024-01-31,64282,0.0692542365691109,-0.049402148
13740,2024-01-31,64311,-0.01573713535654475,-0.06619373
13741,2024-01-31,64390,0.1688579484126831,-0.07137359
13742,2024-01-31,64653,-0.07436983943105668,-0.06959173
13743,2024-01-31,64936,0.13061223093498975,-0.048832882
13744,2024-01-31,64995,0.012195064790776033,0.007846271
13745,2024-01-31,65402,0.07143760601753901,-0.09304673
13746,2024-01-31,65541,-0.04501196842694688,-0.090906404
13747,2024-01-31,65875,-0.05235205804082432,-0.004597914
13748,2024-01-31,65947,0.10854152003890394,-0.08418013
13749,2024-01-31,66093,-0.02954608775854084,-0.06693339
13750,2024-01-31,66157,-0.011012833469527195,-0.035613135
13751,2024-01-31,66181,-0.04744865778949303,-0.06988855
13752,2024-01-31,66384,0.23720484904124928,-0.005462717
13753,2024-01-31,66800,0.08861061576756368,-0.071095094
13754,2024-01-31,67598,0.023932397287584672,-0.0684697
13755,2024-01-31,69032,0.050874606336461126,-0.0670416
13756,2024-01-31,69649,0.11115523318415943,-0.09046571
13757,2024-01-31,69796,0.03796476640724422,-0.063307665
13758,2024-01-31,70519,0.10228362195863894,-0.04537423
13759,2024-01-31,70578,0.1437528636729939,-0.076769315
13760,2024-01-31,71563,0.02805997112262837,-0.051776003
13761,2024-01-31,72726,-0.009923933363959025,-0.08523317
13762,2024-01-31,73139,0.005279651365160731,-0.07426102
13763,2024-01-31,75034,0.15270919569435515,-0.035554208
13764,2024-01-31,75154,-0.1061522057870774,0.023887815
13765,2024-01-31,75186,0.18000971167964575,-0.0670416
13766,2024-01-31,75241,0.18446199714140699,-0.070748396
13767,2024-01-31,75510,-0.2508170986956979,-0.07901936
13768,2024-01-31,75591,0.042366502880946344,-0.09271773
13769,2024-01-31,75607,-0.13723730782558285,-0.08757431
13770,2024-01-31,75694,-0.10005016354346496,-0.066479996
13771,2024-01-31,75819,-0.035621067810661655,-0.091330215
13772,2024-01-31,75825,0.16915319590198963,-0.06924631
13773,2024-01-31,75828,-0.07695083806028002,-0.06077796
13774,2024-01-31,75912,-0.017770653815910364,-0.094042875
13775,2024-01-31,76076,-0.05608777547350019,-0.070517994
13776,2024-01-31,76082,0.10833549093425665,-0.08545664
13777,2024-01-31,76095,0.01786439037079801,-0.09352042
13778,2024-01-31,76185,0.09177670177097363,-0.088019356
13779,2024-01-31,76226,-0.21586196769701982,0.007917657
13780,2024-01-31,76230,0.18108768796569463,-0.07791248
13781,2024-01-31,76605,0.07033055758899409,-0.074615754
13782,2024-01-31,76614,-0.05528268574980055,-0.07404075
13783,2024-01-31,76709,-0.04333620271829819,-0.06056541
13784,2024-01-31,76712,0.08347887627299166,-0.04049199
13785,2024-01-31,76744,-0.09361017927946591,-0.078336485
13786,2024-01-31,76795,0.31312066142636885,-0.05403966
13787,2024-01-31,76841,-0.12908571162842408,-0.05457622
13788,2024-01-31,77037,-0.0694612090526684,-0.06277567
13789,2024-01-31,77129,-0.06625176193376203,-0.09228306
13790,2024-01-31,77178,0.12248974947263513,-0.0049950597
13791,2024-01-31,77274,-0.15823596186989985,-0.0027880888
13792,2024-01-31,77338,-0.04623162329153274,-0.07485113
13793,2024-01-31,77357,-0.005172403113871571,-0.008574893
13794,2024-01-31,77496,0.10618335535700307,-0.061712675
13795,2024-01-31,77605,0.13610430399432727,-0.07822348
13796,2024-01-31,77649,-0.06366334745615332,-0.09275054
13797,2024-01-31,77661,-0.0008809073039007798,-0.0029611338
13798,2024-01-31,77702,-0.04318938207538359,-0.07255383
13799,2024-01-31,77730,0.11756382279757771,-0.09328776
13800,2024-01-31,78975,-0.007657691844959458,-0.076551914
13801,2024-01-31,78987,0.08562361216475001,-0.0041482938
13802,2024-01-31,79057,0.01824643157378425,-0.07534069
13803,2024-01-31,79094,-0.06276243746080934,-0.08677751
13804,2024-01-31,79103,-0.009570034242770031,-0.0758219
13805,2024-01-31,79145,0.09513824059346443,0.1460101
13806,2024-01-31,79323,0.1018904596600041,-0.06952261
13807,2024-01-31,79452,0.07349292933575113,-0.09228306
13808,2024-01-31,79545,-0.029918103085614378,-0.08112858
13809,2024-01-31,79547,0.08156424396264206,-0.091330215
13810,2024-01-31,79637,0.07445775179901104,-0.09370477
13811,2024-01-31,79698,-0.09804380427281789,-0.08257279
13812,2024-01-31,79782,-0.044616339203248256,-0.09326872
13813,2024-01-31,79785,0.051385119570137805,-0.07208717
13814,2024-01-31,79906,-0.11434475812008238,-0.075113975
13815,2024-01-31,80080,0.14038309671900473,-0.09228306
13816,2024-01-31,80100,0.027057721891233566,-0.07350337
13817,2024-01-31,80183,0.04044645251590673,-0.09230909
13818,2024-01-31,80191,0.05204192324300361,0.032942414
13819,2024-01-31,80204,0.15614575336745506,-0.09222325
13820,2024-01-31,80286,0.221351102061899,-0.050947603
13821,2024-01-31,80320,0.13051717955158515,-0.0850833
13822,2024-01-31,80381,0.06879160754624114,-0.08659563
13823,2024-01-31,80681,0.06635937341198939,-0.093074895
13824,2024-01-31,81045,-0.0013124672189859243,-0.07111073
13825,2024-01-31,81055,0.06464058080484714,-0.064040124
13826,2024-01-31,81061,0.07593117994109022,-0.07546036
13827,2024-01-31,81481,-0.09470233293237951,-0.04614174
13828,2024-01-31,81540,0.029648033033486065,-0.06355988
13829,2024-01-31,81655,-0.04859597766116219,-0.09043459
13830,2024-01-31,81677,0.22606692320150046,-0.09128864
13831,2024-01-31,81736,0.1279719210308654,0.03538005
13832,2024-01-31,81774,0.2620710794308294,-0.017661994
13833,2024-01-31,82276,0.13478465054200717,-0.09227616
13834,2024-01-31,82303,-0.04391986206227427,-0.09644919
13835,2024-01-31,82307,0.28523228064057293,-0.09499572
13836,2024-01-31,82515,-0.02083982169519638,-0.074739225
13837,2024-01-31,82581,-0.07428930485656027,-0.092163436
13838,2024-01-31,82598,0.1777269976475182,-0.094602
13839,2024-01-31,82642,0.11650048058061402,0.06440254
13840,2024-01-31,82651,-0.027289986608462713,-0.04444013
13841,2024-01-31,82775,0.11973269596860403,-0.091779485
13842,2024-01-31,83143,0.15766656090784914,-0.0945409
13843,2024-01-31,83443,0.033852039274642864,-0.035126325
13844,2024-01-31,83597,-0.12219266920626803,-0.09212205
13845,2024-01-31,83621,-0.009002207734690626,0.008703526
13846,2024-01-31,84262,0.08150893028135653,-0.09429815
13847,2024-01-31,84373,0.08209519152690459,-0.0926024
13848,2024-01-31,84381,0.07458519474203773,0.026627561
13849,2024-01-31,84761,-0.13411504340613967,-0.086285256
13850,2024-01-31,84767,-0.032076140922607244,-0.07473965
13851,2024-01-31,84769,0.1969590050644574,-0.07405291
13852,2024-01-31,84788,0.12757447517257603,0.0021496187
13853,2024-01-31,85035,0.1714438294533669,-0.05643921
13854,2024-01-31,85058,-0.054881110239837216,-0.054529056
13855,2024-01-31,85072,0.14357998721856924,-0.088293366
13856,2024-01-31,85257,0.07947824125040603,-0.08642368
13857,2024-01-31,85269,0.15097162271580866,-0.037620988
13858,2024-01-31,85348,0.09627584000591405,-0.06617975
13859,2024-01-31,85459,-0.14871101251530228,-0.09326872
13860,2024-01-31,85592,-0.18849817570038396,-0.07026187
13861,2024-01-31,85621,0.027155747801811403,0.020968348
13862,2024-01-31,85631,-0.16138093898234052,-0.07118763
13863,2024-01-31,85663,0.07083561294411345,0.00011405302
13864,2024-01-31,85753,-0.14782899834903895,-0.091649555
13865,2024-01-31,85792,0.3328986648649752,-0.0632976
13866,2024-01-31,85913,-0.012912314118654344,-0.077375606
13867,2024-01-31,85914,0.02801899615037473,-0.05673342
13868,2024-01-31,86111,-0.11517512687019371,-0.072237544
13869,2024-01-31,86136,0.009872245292740889,-0.06962683
13870,2024-01-31,86158,-0.14502377241034492,-0.061985325
13871,2024-01-31,86228,0.12342802787973417,-0.09028657
13872,2024-01-31,86288,0.0964290527766909,-0.08599987
13873,2024-01-31,86339,-0.12090409432856808,-0.06806907
13874,2024-01-31,86356,0.2616576036888252,-0.057236765
13875,2024-01-31,86580,0.40436254671095706,0.072211914
13876,2024-01-31,86783,-0.013329469489798518,-0.076975726
13877,2024-01-31,86868,0.11896500573496316,-0.07096775
13878,2024-01-31,86964,-0.10011207461520155,-0.093688734
13879,2024-01-31,86979,-0.05230318826426095,0.0034687105
13880,2024-01-31,86996,-0.164879466472043,-0.08424058
13881,2024-01-31,87055,0.04350433433378709,-0.077122994
13882,2024-01-31,87137,0.229190562612837,-0.035577774
13883,2024-01-31,87267,-0.01941740815443105,-0.07096775
13884,2024-01-31,87299,-0.1809606071527904,-0.098297834
13885,2024-01-31,87432,0.05505523217473218,-0.05216486
13886,2024-01-31,87445,-0.08839391183839951,-0.07799808
13887,2024-01-31,87447,0.05073730806273291,-0.0008456655
13888,2024-01-31,87541,0.04992222087428044,-0.09405144
13889,2024-01-31,87657,0.07901563674074885,0.012284871
13890,2024-01-31,87717,-0.11889550142017191,-0.092093885
13891,2024-01-31,87842,0.0334914718526127,-0.07065384
13892,2024-01-31,88031,-0.028537034480817236,-0.07117013
13893,2024-01-31,88182,-0.013634734471829946,0.0051144757
13894,2024-01-31,88281,0.05881439521768472,-0.04910693
13895,2024-01-31,88352,-0.0200967560354276,-0.0026387076
13896,2024-01-31,88446,-0.13957038223865414,0.023394985
13897,2024-01-31,88661,0.03680694987955757,-0.05763291
13898,2024-01-31,88664,-0.01582711242929613,-0.09271773
13899,2024-01-31,88837,0.21505706677538705,-0.09496471
13900,2024-01-31,88860,0.05633835883094496,0.008937197
13901,2024-01-31,88873,-0.07676609868582707,-0.050815035
13902,2024-01-31,89003,0.09659046660297821,-0.04597902
13903,2024-01-31,89006,-0.03844753211897911,-0.07350957
13904,2024-01-31,89017,0.02290192607540531,-0.090708114
13905,2024-01-31,89070,-0.0406247824690712,-0.059656102
13906,2024-01-31,89071,-0.1697599717858026,-0.07639235
13907,2024-01-31,89179,0.07469639122870309,-0.071843736
13908,2024-01-31,89195,0.009124917983515557,-0.09121059
13909,2024-01-31,89258,0.06565113057032468,-0.08685835
13910,2024-01-31,89269,-0.02987545002619396,-0.06523707
13911,2024-01-31,89393,-0.023878812436151087,0.038701944
13912,2024-01-31,89508,-0.045098687026661866,-0.048485965
13913,2024-01-31,89525,-0.175059384251125,-0.07490602
13914,2024-01-31,89533,-0.027134960627464455,-0.060865182
13915,2024-01-31,89617,-0.13881738949817435,-0.070735455
13916,2024-01-31,89626,0.023944017962781006,-0.07460267
13917,2024-01-31,89641,0.01071623469953864,-0.022073442
13918,2024-01-31,89781,-0.040227884723666674,-0.09218131
13919,2024-01-31,89866,-0.07050050147088882,-0.09370339
13920,2024-01-31,90038,0.04288832595423431,-0.08573753
13921,2024-01-31,90071,0.3777831745678011,-0.09048743
13922,2024-01-31,90199,0.006719553919763754,-0.08597802
13923,2024-01-31,90215,-0.04197104225359982,-0.07182204
13924,2024-01-31,90248,0.24600542559628313,-0.064598046
13925,2024-01-31,90305,-0.05976177337299893,-0.07593962
13926,2024-01-31,90319,0.16188531012580887,0.030059826
13927,2024-01-31,90373,-0.0035213579856941957,-0.039657943
13928,2024-01-31,90386,0.028966089765421144,-0.070018746
13929,2024-01-31,90454,-0.10972979208348765,-0.014588118
13930,2024-01-31,90455,0.11257742294482287,0.043273065
13931,2024-01-31,90505,-0.08966237107339425,-0.013582703
13932,2024-01-31,90520,0.05969191593198908,-0.09399101
13933,2024-01-31,90601,0.03983315640499274,-0.08685835
13934,2024-01-31,90664,0.04977306068913312,0.010678744
13935,2024-01-31,90808,-0.09236296045374537,-0.03295133
13936,2024-01-31,90829,0.052565408186006524,-0.09387605
13937,2024-01-31,90880,0.06816202503099,-0.066648535
13938,2024-01-31,90993,0.014593062308581928,-0.07213766
13939,2024-01-31,91041,0.000676351726961455,-0.08508775
13940,2024-01-31,91068,0.3117056483106453,-0.07903873
13941,2024-01-31,91103,0.24359712278137002,-0.011738258
13942,2024-01-31,91152,0.1421774590570939,-0.08274396
13943,2024-01-31,91233,0.005768916409823799,-0.071969554
13944,2024-01-31,91547,0.27307918900386174,-0.09451426
13945,2024-01-31,91556,-0.074166413333706,-0.06881254
13946,2024-01-31,91611,0.20505749938400175,-0.0048167296
13947,2024-01-31,91849,-0.04904774967070913,-0.092013866
13948,2024-01-31,91926,0.28232019663992425,-0.006963049
13949,2024-01-31,91937,0.02228758055538327,-0.072798535
13950,2024-01-31,92121,0.2079659157195055,0.025122404
13951,2024-01-31,92157,-0.0008909588720255046,0.006184308
13952,2024-01-31,92322,-0.19362621976772432,-0.04523123
13953,2024-01-31,92402,-0.2197314060859027,0.014672758
13954,2024-01-31,92602,0.059523670268463835,-0.07255383
13955,2024-01-31,92611,-0.015162313113812664,-0.07336312
13956,2024-01-31,92614,-0.007985808255484894,-0.08972774
13957,2024-01-31,92655,-0.05106371947502786,0.019089159
13958,2024-01-31,93002,0.10645704667476785,0.07164853
13959,2024-01-31,93089,-0.09607127994232023,-0.08345046
13960,2024-01-31,93096,0.05787702217079427,0.058923725
13961,2024-01-31,93132,-0.02031120474797965,-0.0012464834
13962,2024-01-31,93246,0.19609120714169537,-0.051545557
13963,2024-01-31,93429,-0.011916475358195622,-0.1025311
13964,2024-01-31,93436,-0.021411897308047823,-0.004128139
13965,2024-04-30,10104,0.2293674800138581,-0.110730305
13966,2024-04-30,10107,0.0764448015494017,-0.0136618
13967,2024-04-30,10138,0.05359761025465559,-0.04431185
13968,2024-04-30,10145,0.06792145151409335,-0.1121762
13969,2024-04-30,10516,0.06590204484853368,0.05096105
13970,2024-04-30,10696,0.07139591217048391,-0.07674745
13971,2024-04-30,11308,0.08883625663016281,-0.112104304
13972,2024-04-30,11403,-0.028910185418859036,-0.084175356
13973,2024-04-30,11404,0.041927267120258405,-0.060358413
13974,2024-04-30,11533,0.411766194783993,0.043992918
13975,2024-04-30,11618,0.04712757872763884,-0.038908754
13976,2024-04-30,11674,0.10261118568534933,-0.1271762
13977,2024-04-30,11762,-0.03951103687253921,-0.024317777
13978,2024-04-30,11850,0.010800059007392004,-0.087953955
13979,2024-04-30,11891,0.0895046125284702,0.054336652
13980,2024-04-30,11955,-0.022124735178133403,-0.1112177
13981,2024-04-30,12052,0.045720979493919955,-0.10729033
13982,2024-04-30,12060,0.05360674155353684,-0.0076632663
13983,2024-04-30,12062,0.07372934060945324,-0.07609476
13984,2024-04-30,12084,0.03098525997438717,-0.022127032
13985,2024-04-30,12308,0.4836317158947119,0.068544045
13986,2024-04-30,12345,0.00886105097462253,-0.06588663
13987,2024-04-30,12369,-0.0021072670742843247,-0.031533264
13988,2024-04-30,12431,0.056152884040614914,-0.044357184
13989,2024-04-30,12449,-0.03415918819928987,-0.13406932
13990,2024-04-30,12476,0.1926196054543452,-0.087712735
13991,2024-04-30,12490,0.1676818661861792,-0.045837957
13992,2024-04-30,12558,0.17164256058745764,-0.08750257
13993,2024-04-30,12622,0.17410502345060386,-0.03971788
13994,2024-04-30,12623,0.0162101388161211,-0.12858094
13995,2024-04-30,12872,-0.021205733444540797,-0.02399368
13996,2024-04-30,13035,0.02406542045941329,-0.10889605
13997,2024-04-30,13103,-0.022673334628050545,-0.0983742
13998,2024-04-30,13210,-0.08556750795715573,-0.0894486
13999,2024-04-30,13323,0.058385011877645,0.022440648
14000,2024-04-30,13356,0.02379669701850262,-0.02241784
14001,2024-04-30,13407,0.10491672367666083,0.03349302
14002,2024-04-30,13447,0.17460590227713157,-0.04356134
14003,2024-04-30,13586,0.11425575925810927,-0.13110343
14004,2024-04-30,13641,0.015871055885583907,-0.045002628
14005,2024-04-30,13688,0.06724099360852254,-0.073900014
14006,2024-04-30,13721,0.1499587424041584,-0.04519694
14007,2024-04-30,13760,-0.025901101418774553,0.029685235
14008,2024-04-30,13788,0.1333418159450266,-0.033231758
14009,2024-04-30,13856,-0.010641432003845486,-0.108282484
14010,2024-04-30,13901,0.14342843877280975,-0.10799855
14011,2024-04-30,13911,0.062391505138036596,-0.08116557
14012,2024-04-30,13928,-0.10912708702357221,-0.11106093
14013,2024-04-30,13949,-0.09578370304713568,-0.10841951
14014,2024-04-30,13963,0.15881943522052677,-0.12911026
14015,2024-04-30,13964,0.16095932633404786,-0.128883
14016,2024-04-30,14008,0.22233769804040615,-0.11078547
14017,2024-04-30,14277,0.02353170477928712,-0.09367165
14018,2024-04-30,14297,0.13009690518150485,-0.12863374
14019,2024-04-30,14338,0.08894435453231098,-0.083626576
14020,2024-04-30,14541,0.00510664940892247,-0.10734069
14021,2024-04-30,14542,0.052882128978100074,0.04489473
14022,2024-04-30,14579,-0.11077783272138475,-0.10556777
14023,2024-04-30,14593,0.30560488565400545,0.0257725
14024,2024-04-30,14702,0.07016667455428927,-0.038468353
14025,2024-04-30,14714,0.3507614281079261,-0.035051513
14026,2024-04-30,14763,0.06248524782481635,-0.1288159
14027,2024-04-30,14776,0.16117697521445873,-0.031945705
14028,2024-04-30,14882,0.11529746004523744,-0.024984628
14029,2024-04-30,14889,0.2632613555606984,-0.0382275
14030,2024-04-30,14939,-0.05657553302991125,-0.08657235
14031,2024-04-30,15069,0.04902150089323509,-0.055270594
14032,2024-04-30,15202,0.0674233798431576,-0.073018566
14033,2024-04-30,15291,-0.05140407597396246,-0.012571307
14034,2024-04-30,15408,-0.0775044326905644,-0.08683628
14035,2024-04-30,15488,-0.03150986695912661,-0.03596906
14036,2024-04-30,15579,0.17090158382191323,-0.040652335
14037,2024-04-30,15707,0.1781447932671707,-0.056646578
14038,2024-04-30,15720,0.13821882425367593,-0.116543815
14039,2024-04-30,15850,0.23750852030055092,-0.025976809
14040,2024-04-30,16087,-0.04440728625920187,-0.11607742
14041,2024-04-30,16431,-0.27675069063844027,0.03082736
14042,2024-04-30,16581,0.039454917121510835,-0.12976813
14043,2024-04-30,16600,0.02506429667129484,0.04840352
14044,2024-04-30,16678,-0.010731564716930153,-0.08726761
14045,2024-04-30,16692,0.07610580251292087,-0.053284295
14046,2024-04-30,16851,0.1598206468062915,-0.11658947
14047,2024-04-30,17005,-0.09883437598472855,-0.03993891
14048,2024-04-30,17144,-0.0379949309237273,0.044178218
14049,2024-04-30,17307,0.1110876863147725,-0.028460965
14050,2024-04-30,17478,0.16818413359239592,-0.1152907
14051,2024-04-30,17700,-0.034053102660759005,-0.09403166
14052,2024-04-30,17743,0.08261889137434619,-0.09261316
14053,2024-04-30,17750,-0.0018682358335180282,-0.057730667
14054,2024-04-30,17830,0.16430642666061046,-0.11294801
14055,2024-04-30,17942,0.023759554009557204,-0.087229565
14056,2024-04-30,18143,0.03175584789462138,-0.11488448
14057,2024-04-30,18163,-0.00905109012190286,-0.113342874
14058,2024-04-30,18312,0.0807737541272322,0.042166997
14059,2024-04-30,18411,0.1466151138208236,-0.10509614
14060,2024-04-30,18420,0.2267035942343123,-0.124676436
14061,2024-04-30,18421,0.23535793741080302,-0.122752175
14062,2024-04-30,18428,-0.03108124012198399,-0.087303296
14063,2024-04-30,18542,0.03895054548102883,-0.03860781
14064,2024-04-30,18592,0.03947756036439154,-0.10182169
14065,2024-04-30,18724,0.19246988120190145,-0.12046124
14066,2024-04-30,18729,0.08459068805543524,-0.11172874
14067,2024-04-30,19166,-0.0010495897043399927,-0.085939676
14068,2024-04-30,19285,0.1144685411119879,-0.015055791
14069,2024-04-30,19286,0.04036765053014646,-0.0845837
14070,2024-04-30,19350,-0.045904305386221256,-0.1109024
14071,2024-04-30,19393,0.0987621540156507,0.024981877
14072,2024-04-30,19502,-0.3211235346974256,0.028454948
14073,2024-04-30,19561,0.13560699743352922,-0.05613338
14074,2024-04-30,19583,0.23387750522413686,-0.012208282
14075,2024-04-30,20057,0.054224447920630414,-0.1302852
14076,2024-04-30,20482,0.005055619178248705,-0.106076
14077,2024-04-30,21020,-0.2124344757630705,0.0011729732
14078,2024-04-30,21178,0.1734455834105877,-0.11294801
14079,2024-04-30,21186,0.08037675342605177,-0.12742132
14080,2024-04-30,21207,0.21488085039291516,0.03146587
14081,2024-04-30,21371,-0.016384521382851958,-0.08687624
14082,2024-04-30,21573,0.34421439865169146,-0.026148375
14083,2024-04-30,21776,-0.00012525772611193808,-0.07142465
14084,2024-04-30,21792,-0.04129818238732863,-0.13096002
14085,2024-04-30,21936,0.22631690995073983,0.005526897
14086,2024-04-30,22103,0.09162345466555721,-0.09116323
14087,2024-04-30,22111,0.10065742078469864,-0.10982765
14088,2024-04-30,22293,0.2076276655527305,-0.10508542
14089,2024-04-30,22509,-0.010896451141201857,-0.04093412
14090,2024-04-30,22517,0.09220004607796839,-0.12611444
14091,2024-04-30,22592,0.3309267775240423,-0.0248191
14092,2024-04-30,22623,0.022390417215012004,-0.0071613383
14093,2024-04-30,22752,-0.11923020065110013,-0.11433044
14094,2024-04-30,22779,0.17930791938898927,-0.09136252
14095,2024-04-30,22976,0.17527366983804304,0.028454948
14096,2024-04-30,23026,0.1050448176633405,-0.12611444
14097,2024-04-30,23229,0.07795623750304248,-0.12665543
14098,2024-04-30,23393,-0.08916035399662814,-0.12905852
14099,2024-04-30,23473,0.1370950266694615,-0.114205465
14100,2024-04-30,23536,0.05162683985113836,-0.1255885
14101,2024-04-30,23570,0.11046178520081207,0.026188845
14102,2024-04-30,23579,0.09849952246338245,-0.114422776
14103,2024-04-30,23660,0.16267972082397808,-0.09533271
14104,2024-04-30,23712,0.16425227750418103,-0.073517725
14105,2024-04-30,23819,-0.06975666480427578,-0.022957252
14106,2024-04-30,23931,0.0957201118496318,0.044370707
14107,2024-04-30,24010,0.09866765146352496,-0.090559214
14108,2024-04-30,24053,0.11870639111116033,-0.12411274
14109,2024-04-30,24109,0.15156618047997172,-0.08568829
14110,2024-04-30,24205,0.14821758122606843,0.008393637
14111,2024-04-30,24328,-0.13583651634488303,0.0085988175
14112,2024-04-30,24643,0.4345796999116913,-0.022575825
14113,2024-04-30,24766,0.0029442794090035473,-0.102489136
14114,2024-04-30,24985,0.0833522690616677,-0.07371898
14115,2024-04-30,25232,0.053212869037163824,-0.0876832
14116,2024-04-30,25320,0.03358611524399713,-0.07534787
14117,2024-04-30,25582,0.06541022385229689,-0.08696282
14118,2024-04-30,25785,-0.09849118607457263,-0.023581179
14119,2024-04-30,25953,0.030513436757751977,-0.08960901
14120,2024-04-30,26403,-0.15280764947161496,-0.110446066
14121,2024-04-30,26710,0.06476541690945159,-0.12647563
14122,2024-04-30,26825,0.014409436390983243,-0.12714262
14123,2024-04-30,27828,0.2945530071408289,-0.073516816
14124,2024-04-30,27887,-0.1051574191907888,-0.122655764
14125,2024-04-30,27959,0.12313891266659871,-0.10677965
14126,2024-04-30,27991,0.1621250294494161,-0.12349023
14127,2024-04-30,28222,0.1243908278063881,0.036045227
14128,2024-04-30,28484,-0.022874803440967817,-0.0825119
14129,2024-04-30,29946,-0.051536731794360136,-0.09201765
14130,2024-04-30,30681,0.0642294748593999,-0.13299865
14131,2024-04-30,32870,-0.08866698548217156,-0.12519106
14132,2024-04-30,32986,0.09240162252067652,-0.10409273
14133,2024-04-30,34032,0.14212141055242467,-0.120682806
14134,2024-04-30,34746,0.17241101776253043,-0.11265457
14135,2024-04-30,34817,-0.029867372997185115,-0.014423059
14136,2024-04-30,34833,-0.0770895025744156,-0.0873786
14137,2024-04-30,35044,0.17560031914541696,-0.12103811
14138,2024-04-30,35554,0.20324962313701245,-0.11216335
14139,2024-04-30,36003,0.07860866171203518,-0.13087162
14140,2024-04-30,36468,0.17352158051112543,-0.10990648
14141,2024-04-30,37584,0.015201191783674073,-0.04364603
14142,2024-04-30,38093,0.21079033786829293,-0.09933904
14143,2024-04-30,38156,0.13245782825810948,-0.087882474
14144,2024-04-30,38703,0.006051989514132883,-0.11304813
14145,2024-04-30,38762,0.13119113302239338,-0.12503022
14146,2024-04-30,39490,-2.145511189666216e-05,-0.036785364
14147,2024-04-30,39642,0.03160816424845381,-0.09214558
14148,2024-04-30,39917,0.05970630260187293,-0.11249113
14149,2024-04-30,40272,0.18009232221394456,-0.12714262
14150,2024-04-30,40539,0.2057618458204722,-0.11189921
14151,2024-04-30,41080,0.03906803747189169,-0.08726761
14152,2024-04-30,41355,0.03281129612561018,-0.087838635
14153,2024-04-30,42200,0.22661647882063662,-0.09709808
14154,2024-04-30,42585,0.03640137975591795,-0.086923935
14155,2024-04-30,42877,0.06777180990746445,0.017596036
14156,2024-04-30,42906,0.12375748800093622,-0.056646578
14157,2024-04-30,43350,0.16685733017340532,-0.121507555
14158,2024-04-30,43449,-0.02172828023819484,-0.11099655
14159,2024-04-30,44206,0.08341544225520847,-0.090206325
14160,2024-04-30,44329,0.05998559389024116,-0.09152596
14161,2024-04-30,44601,0.0017780048468132303,-0.12931179
14162,2024-04-30,44644,0.09196398202258593,-0.11205597
14163,2024-04-30,45356,0.1053493444139908,-0.084366634
14164,2024-04-30,45751,0.12024329527326749,-0.10761756
14165,2024-04-30,45911,0.0736591797284607,0.009533877
14166,2024-04-30,46578,-0.1077982661275777,-0.12790497
14167,2024-04-30,46674,-0.05779756790469548,-0.018117864
14168,2024-04-30,46703,-0.061753404357622776,-0.122786
14169,2024-04-30,46886,0.19645412055181954,-0.0291911
14170,2024-04-30,47896,0.11607342654566866,-0.030137533
14171,2024-04-30,48486,0.031880035944820806,-0.03860781
14172,2024-04-30,48506,0.23517128639412688,-0.09550898
14173,2024-04-30,48653,0.1998635841738825,0.045604255
14174,2024-04-30,48725,0.04616182223967047,-0.11189921
14175,2024-04-30,49154,-0.05919652849039991,-0.110446066
14176,2024-04-30,49656,0.16043785810187927,-0.08933562
14177,2024-04-30,49680,0.12472319296446455,-0.04519694
14178,2024-04-30,50876,0.031364604473218094,-0.02208467
14179,2024-04-30,51369,0.1285451963257065,0.029093094
14180,2024-04-30,52038,0.038889054684125846,-0.050886225
14181,2024-04-30,52090,0.01861349613028862,-0.12714262
14182,2024-04-30,52329,0.023811098249541418,-0.12748048
14183,2024-04-30,52476,0.2708534329068659,0.039773844
14184,2024-04-30,52695,0.062461736810590196,-0.088720754
14185,2024-04-30,52708,0.17102287514653747,0.008107152
14186,2024-04-30,52978,0.051552783837425675,-0.0861876
14187,2024-04-30,53065,0.06807829968648416,-0.12265679
14188,2024-04-30,53613,-0.02693953334450283,0.026229506
14189,2024-04-30,54148,0.18683981356795987,-0.028542405
14190,2024-04-30,55976,0.16049594215961194,-0.09491089
14191,2024-04-30,56274,-0.014945488239605953,-0.008816564
14192,2024-04-30,56573,0.018971251875103734,-0.11039419
14193,2024-04-30,57568,-0.07987133920055844,-0.11341087
14194,2024-04-30,57665,-0.1854184534035851,0.0017378564
14195,2024-04-30,57809,-0.027986035563285383,-0.123851895
14196,2024-04-30,57904,0.146737802970079,-0.099538326
14197,2024-04-30,58246,0.08578638140766359,-0.12103811
14198,2024-04-30,58413,0.08346149129590241,-0.12806262
14199,2024-04-30,58683,0.04512293492599406,0.010190663
14200,2024-04-30,58819,0.12730659366316988,-0.12521622
14201,2024-04-30,59176,0.08444023615132124,-0.044505626
14202,2024-04-30,59248,-0.0692006536422426,-0.04911853
14203,2024-04-30,59300,0.06325948357538458,-0.12625767
14204,2024-04-30,59328,0.012934739385173977,-0.028556101
14205,2024-04-30,59408,0.09573735454524757,-0.0564921
14206,2024-04-30,59459,0.02520595865665043,-0.026669675
14207,2024-04-30,60097,0.009898456705236702,-0.10655814
14208,2024-04-30,60206,0.07830962873516167,-0.11346238
14209,2024-04-30,60442,0.19283660960647953,-0.054098718
14210,2024-04-30,60506,-0.06763357027296557,-0.019371035
14211,2024-04-30,60628,0.16080342246597357,-0.08777825
14212,2024-04-30,60871,0.1579849560324662,-0.04378827
14213,2024-04-30,61241,-0.08776609852669204,0.0006671334
14214,2024-04-30,61399,0.0821941451904662,-0.110446066
14215,2024-04-30,61516,0.2543525905381283,-0.033645287
14216,2024-04-30,61621,0.08622314843228196,-0.088720754
14217,2024-04-30,61735,0.16488795167851666,-0.020577436
14218,2024-04-30,62092,0.07919665389587127,-0.069386676
14219,2024-04-30,62148,0.06034721837592483,-0.092643075
14220,2024-04-30,62308,0.2211221546220632,0.020886086
14221,2024-04-30,62498,-0.14297342372020183,-0.10467722
14222,2024-04-30,63467,0.22129650929478095,-0.13204674
14223,2024-04-30,64186,-0.019385127692876147,-0.11549935
14224,2024-04-30,64282,-0.18735714724105557,-0.11893579
14225,2024-04-30,64311,0.08979397052259519,-0.053251445
14226,2024-04-30,64390,0.028674886898654828,-0.112537086
14227,2024-04-30,64653,0.1529819732148363,-0.032885153
14228,2024-04-30,64936,0.061632895816298605,-0.08419287
14229,2024-04-30,64995,0.12894235500889062,-0.013720887
14230,2024-04-30,65402,0.030418494617421743,-0.1271482
14231,2024-04-30,65541,0.04794707446522062,-0.02361482
14232,2024-04-30,65875,0.04269174034580159,-0.09831114
14233,2024-04-30,65947,0.17481465680719244,-0.09248842
14234,2024-04-30,66093,0.15660072837369632,-0.10835265
14235,2024-04-30,66157,0.11823335586755745,-0.038908754
14236,2024-04-30,66181,0.1090778929697338,-0.10906852
14237,2024-04-30,66384,-0.05336658598003052,0.013067589
14238,2024-04-30,66800,0.05778056732704018,-0.09283869
14239,2024-04-30,67598,0.1910279600374556,-0.11156315
14240,2024-04-30,69032,0.14635612604824755,-0.05440718
14241,2024-04-30,69649,-0.045705067277968414,-0.13151833
14242,2024-04-30,69796,-0.028901022234396057,-0.08260178
14243,2024-04-30,70519,0.06699922899683308,-0.0564921
14244,2024-04-30,70578,0.022464305486231684,-0.09344284
14245,2024-04-30,71563,0.20597314115105925,-0.027429381
14246,2024-04-30,72726,0.18315689666631552,-0.057102915
14247,2024-04-30,73139,-0.024604828082912866,-0.110793285
14248,2024-04-30,75034,0.19481109238179517,-0.034575436
14249,2024-04-30,75154,0.12415725785370935,0.016503954
14250,2024-04-30,75186,-0.1155394880986037,-0.111571975
14251,2024-04-30,75510,0.19189825934642935,-0.11256344
14252,2024-04-30,75591,-0.04820444163676707,-0.13023639
14253,2024-04-30,75607,0.29690936330268025,-0.11551386
14254,2024-04-30,75694,0.2920543490807923,-0.10338092
14255,2024-04-30,75819,0.2403180412077155,-0.1297806
14256,2024-04-30,75825,-0.033742724388732714,-0.10426059
14257,2024-04-30,75828,0.19190580909401556,-0.035172977
14258,2024-04-30,75912,0.0023106696595835974,-0.13585526
14259,2024-04-30,76076,0.04013199160433434,-0.107796706
14260,2024-04-30,76082,-0.04989471239666665,-0.13277727
14261,2024-04-30,76095,0.07707596611555445,-0.12618458
14262,2024-04-30,76185,0.23087437384901977,-0.11007097
14263,2024-04-30,76226,0.007729994682566854,0.037634753
14264,2024-04-30,76230,-0.09205713833081486,-0.12609653
14265,2024-04-30,76605,0.05996411368730459,-0.08611173
14266,2024-04-30,76614,0.21168027131318667,-0.11292889
14267,2024-04-30,76709,-0.03376494529423579,-0.0634274
14268,2024-04-30,76712,-0.006145857721277848,-0.09913815
14269,2024-04-30,76744,0.26198634894751294,-0.11039419
14270,2024-04-30,76795,0.11644969696123164,-0.05821786
14271,2024-04-30,76841,-0.007542143205985119,0.06433154
14272,2024-04-30,77037,0.1583897225763813,-0.008196395
14273,2024-04-30,77129,0.18112305405466356,-0.11108408
14274,2024-04-30,77178,0.09557292250345317,-0.045837957
14275,2024-04-30,77274,0.18037259271952344,-0.1101733
14276,2024-04-30,77338,0.06652057927701827,-0.086696684
14277,2024-04-30,77357,0.05226350139835256,-0.058527373
14278,2024-04-30,77496,0.3967265762953105,-0.06802863
14279,2024-04-30,77605,0.027968625943290304,-0.09964569
14280,2024-04-30,77649,0.16987756998504788,-0.13286293
14281,2024-04-30,77661,0.2654150742642465,-0.021354267
14282,2024-04-30,77702,-0.11244259068313778,-0.01723869
14283,2024-04-30,77730,0.012718268359767304,-0.1290956
14284,2024-04-30,78975,0.03620632855381367,-0.08254214
14285,2024-04-30,78987,-0.030230912677810973,-0.025317758
14286,2024-04-30,79057,0.11255986486767289,-0.11015225
14287,2024-04-30,79094,-0.039308974601181434,-0.01580773
14288,2024-04-30,79103,0.11160140093672433,-0.086696684
14289,2024-04-30,79145,0.12239341290492423,0.008876838
14290,2024-04-30,79323,0.011761077861296876,-0.07738426
14291,2024-04-30,79452,0.1215405814077597,-0.10426101
14292,2024-04-30,79545,0.0808142542053647,-0.08809761
14293,2024-04-30,79547,0.09191549897928897,-0.11791484
14294,2024-04-30,79637,0.2555835727830209,-0.113646634
14295,2024-04-30,79698,0.21474125795314425,0.011849118
14296,2024-04-30,79782,0.14968574420825753,-0.12605397
14297,2024-04-30,79785,0.15709981770891157,-0.132787
14298,2024-04-30,79906,0.25013736263063313,-0.102785334
14299,2024-04-30,80080,0.10306164384195315,-0.12773973
14300,2024-04-30,80100,0.10625260515584412,-0.1007517
14301,2024-04-30,80183,0.086445914041269,-0.11156315
14302,2024-04-30,80191,-0.21842198136453195,0.034280095
14303,2024-04-30,80204,0.012023494791027822,-0.050758813
14304,2024-04-30,80286,-0.031977136822622154,-0.012133935
14305,2024-04-30,80320,-0.03645521096238291,-0.09136252
14306,2024-04-30,80381,0.08985562523106672,-0.09058681
14307,2024-04-30,80681,0.14056956531632836,-0.12561525
14308,2024-04-30,81045,0.08335228216477075,-0.07236585
14309,2024-04-30,81055,0.06000991948870449,-0.058608446
14310,2024-04-30,81061,0.149803853102509,-0.09235258
14311,2024-04-30,81481,-0.11763150581441428,0.010634306
14312,2024-04-30,81540,-0.0026284537524786655,-0.08913633
14313,2024-04-30,81655,-0.03674149773372515,-0.08520222
14314,2024-04-30,81677,0.0016116904319551928,-0.009996427
14315,2024-04-30,81736,-0.0012103838068669992,0.05416316
14316,2024-04-30,81774,-0.08800242058219387,-0.039003808
14317,2024-04-30,82276,0.02394611255032686,-0.09576167
14318,2024-04-30,82303,0.07781764172092487,-0.10065225
14319,2024-04-30,82307,-0.01719248694272779,-0.12802474
14320,2024-04-30,82515,0.03497852960803072,-0.12541255
14321,2024-04-30,82581,0.038393640022418296,-0.119795054
14322,2024-04-30,82598,0.2473482394521065,-0.13409233
14323,2024-04-30,82642,-0.31740877825779656,0.060269825
14324,2024-04-30,82651,0.08814191119425852,-0.11526129
14325,2024-04-30,82775,0.15009448194543173,-0.048445385
14326,2024-04-30,83143,0.33275664960857565,-0.13078795
14327,2024-04-30,83443,0.10528373658139545,-0.06958479
14328,2024-04-30,83597,-0.006564629220226936,-0.1290664
14329,2024-04-30,83621,-0.03462616049639988,-0.12146865
14330,2024-04-30,84262,0.02746250466348732,-0.120729774
14331,2024-04-30,84373,0.03537514740631775,-0.105122305
14332,2024-04-30,84381,0.03308101920205653,-0.009737198
14333,2024-04-30,84761,0.054056273625795015,-0.058647763
14334,2024-04-30,84767,0.023508903579797735,-0.10521525
14335,2024-04-30,84769,0.06585163003242811,-0.11194221
14336,2024-04-30,84788,0.06846000306795075,0.03058233
14337,2024-04-30,85035,0.02533311726330445,-0.11585578
14338,2024-04-30,85058,0.17055312825900448,-0.10791454
14339,2024-04-30,85072,0.07808313254280241,-0.037786867
14340,2024-04-30,85257,-0.005091168384004696,-0.12079324
14341,2024-04-30,85269,0.018744990654101068,-0.031533264
14342,2024-04-30,85348,-0.05503345118451619,-0.08770725
14343,2024-04-30,85459,0.2630184708163674,-0.09828974
14344,2024-04-30,85592,0.24583351267151876,-0.03813759
14345,2024-04-30,85621,0.23690421715965382,-0.09388262
14346,2024-04-30,85631,0.16287993545105173,-0.029658971
14347,2024-04-30,85663,0.1361383579604336,-0.0077943164
14348,2024-04-30,85753,0.1034281189462245,-0.08446473
14349,2024-04-30,85792,0.026745142329398064,-0.020284794
14350,2024-04-30,85913,-0.034779702362933596,-0.09179079
14351,2024-04-30,85914,0.186866306915769,-0.087359235
14352,2024-04-30,86111,0.2952450980455863,-0.041149087
14353,2024-04-30,86136,0.12680954446536763,-0.08755475
14354,2024-04-30,86158,0.15728393566079268,-0.03637734
14355,2024-04-30,86228,0.016472712426859104,-0.0917781
14356,2024-04-30,86288,-0.1476035786996086,-0.019028604
14357,2024-04-30,86339,0.19234415610010291,-0.07229903
14358,2024-04-30,86356,0.08434414539418644,-0.05534942
14359,2024-04-30,86580,0.35448297848609434,0.034723297
14360,2024-04-30,86783,0.07865427325210517,-0.099972926
14361,2024-04-30,86868,0.20020148581150132,-0.07255129
14362,2024-04-30,86964,0.23186718411569385,-0.056392353
14363,2024-04-30,86979,0.08913934779434918,-0.13272361
14364,2024-04-30,86996,0.1855248868999788,0.008350726
14365,2024-04-30,87055,0.13870090247568623,-0.11818438
14366,2024-04-30,87137,-0.07402750419068294,-0.029440926
14367,2024-04-30,87267,0.16918817535103936,-0.11189921
14368,2024-04-30,87299,-0.02625603297436463,-0.11151631
14369,2024-04-30,87432,0.03375235427598633,-0.039327856
14370,2024-04-30,87445,0.10585421488906066,-0.091178544
14371,2024-04-30,87447,-0.10623757008359602,0.010561702
14372,2024-04-30,87541,0.16336008214876752,-0.12309079
14373,2024-04-30,87657,-0.2553435877579362,-0.09040691
14374,2024-04-30,87717,0.1281279324019955,-0.12678331
14375,2024-04-30,87842,0.08944842460528357,-0.09281565
14376,2024-04-30,88031,-0.037419066671645074,-0.085124165
14377,2024-04-30,88182,0.11531178445871215,0.022410948
14378,2024-04-30,88281,0.06594415016966804,-0.053234126
14379,2024-04-30,88352,0.19964006333972795,-0.11189921
14380,2024-04-30,88661,0.012360080904410431,-0.023841338
14381,2024-04-30,88664,0.05746761994024929,-0.12565777
14382,2024-04-30,88837,0.19091313918792663,-0.12165122
14383,2024-04-30,88860,-0.17883578427036473,0.015937302
14384,2024-04-30,88873,-0.1699121529646438,-0.06643896
14385,2024-04-30,89003,0.13645626852039494,-0.08726761
14386,2024-04-30,89006,-0.04373454693071521,-0.10879353
14387,2024-04-30,89017,0.127767542022458,-0.13237995
14388,2024-04-30,89070,-0.07219118300532545,-0.12906392
14389,2024-04-30,89071,0.103495692926179,-0.11256344
14390,2024-04-30,89138,0.040921274351469306,-0.12543395
14391,2024-04-30,89179,0.009589241834776052,-0.11119207
14392,2024-04-30,89195,0.03899932563181063,-0.13023639
14393,2024-04-30,89258,0.14685026966850545,-0.12099253
14394,2024-04-30,89269,0.052836746352058706,-0.024355467
14395,2024-04-30,89393,0.14112457858034944,-0.02855316
14396,2024-04-30,89508,0.24231454447646694,0.029837353
14397,2024-04-30,89525,0.0917419164980462,-0.043304272
14398,2024-04-30,89533,-0.09401184035508792,-0.103995204
14399,2024-04-30,89617,0.11725086069484725,-0.09134737
14400,2024-04-30,89626,-0.07065784757998061,-0.10761756
14401,2024-04-30,89641,0.19738349082175644,-0.029010458
14402,2024-04-30,89781,-0.00242633367863887,-0.07509949
14403,2024-04-30,89866,-0.03126235815537426,-0.02136837
14404,2024-04-30,90038,0.006877982832836249,-0.1313979
14405,2024-04-30,90071,0.03439898238955008,0.054069802
14406,2024-04-30,90199,0.29716217577002646,-0.11507407
14407,2024-04-30,90215,-0.036178003208989895,-0.04825867
14408,2024-04-30,90248,-0.1876708921335164,0.010889016
14409,2024-04-30,90305,0.20100971166163206,-0.08642031
14410,2024-04-30,90319,0.055021072322014586,0.04489473
14411,2024-04-30,90373,0.0859361334449158,-0.06489849
14412,2024-04-30,90386,-0.044756776241745344,-0.087840065
14413,2024-04-30,90454,0.12094636503296807,-0.10409165
14414,2024-04-30,90455,0.2914452671059651,0.051580716
14415,2024-04-30,90505,-0.10192198350166659,0.07886774
14416,2024-04-30,90520,-0.07650301458032849,-0.1125609
14417,2024-04-30,90601,0.13546288068126744,-0.07469164
14418,2024-04-30,90664,-0.4676181805084181,-0.0120564215
14419,2024-04-30,90808,-0.051697230164072794,-0.0573386
14420,2024-04-30,90829,-0.026167294508565142,-0.034067348
14421,2024-04-30,90880,0.04807975203133563,-0.08726761
14422,2024-04-30,90993,0.1809900606659598,-0.11205597
14423,2024-04-30,91041,0.08188404932129867,0.014848039
14424,2024-04-30,91068,-0.14039647451656412,-0.026703173
14425,2024-04-30,91103,-0.11737212406828201,-0.013273975
14426,2024-04-30,91152,0.03700745722441057,-0.06570546
14427,2024-04-30,91233,0.02925139353074724,-0.11516873
14428,2024-04-30,91547,0.03253147790173583,-0.118158035
14429,2024-04-30,91556,0.10840305713245058,-0.087873474
14430,2024-04-30,91611,0.22512904972008307,0.0056997673
14431,2024-04-30,91849,0.11099093959859019,-0.13082792
14432,2024-04-30,91926,-0.1361948430451092,0.0055869385
14433,2024-04-30,91937,0.11443889127649842,-0.11695249
14434,2024-04-30,92050,0.13033346802759405,-0.106278226
14435,2024-04-30,92121,0.14259148551142298,-0.10569036
14436,2024-04-30,92157,0.09555613492053427,-0.08122578
14437,2024-04-30,92322,-0.09868098793076019,0.017718049
14438,2024-04-30,92402,0.16469067967701978,0.012774219
14439,2024-04-30,92602,0.22875440565862792,-0.096583314
14440,2024-04-30,92611,-0.009105664228256538,-0.11516873
14441,2024-04-30,92614,0.17048796621090312,-0.030060345
14442,2024-04-30,92655,0.19626575255408585,-0.024919704
14443,2024-04-30,93002,0.23981589869353637,0.0016002993
14444,2024-04-30,93089,0.20268408829739726,-0.043363806
14445,2024-04-30,93096,-0.131094528560883,0.0622141
14446,2024-04-30,93132,-0.08135567102234076,-0.026212655
14447,2024-04-30,93246,0.14504229498908883,-0.019930199
14448,2024-04-30,93429,0.016250429187017135,-0.13406932
14449,2024-04-30,93436,0.26620814527354786,0.011888213
14450,2024-07-31,10104,0.2063325390100108,-0.10783817
14451,2024-07-31,10107,-0.02695453947956017,0.046636835
14452,2024-07-31,10138,-0.02667896301822481,-0.12133694
14453,2024-07-31,10145,0.010004579086792864,-0.11112665
14454,2024-07-31,10516,-0.10214349656465405,0.014102331
14455,2024-07-31,10696,0.2098831246810513,-0.12006027
14456,2024-07-31,11308,-0.01478089755545764,-0.11948842
14457,2024-07-31,11403,0.03160650991281222,-0.054794542
14458,2024-07-31,11404,0.05124179015965091,-0.13105023
14459,2024-07-31,11533,0.24569274592660784,0.015417616
14460,2024-07-31,11618,0.1107005029204795,-0.12181708
14461,2024-07-31,11674,0.03893146524044111,-0.13093251
14462,2024-07-31,11762,0.09164957336347324,-0.05697053
14463,2024-07-31,11850,-0.007388147779491039,-0.08215506
14464,2024-07-31,11891,-0.14196109133319423,-0.117249966
14465,2024-07-31,11955,0.06892649340400947,-0.0837328
14466,2024-07-31,12052,-0.019137564212753033,-0.11648357
14467,2024-07-31,12060,0.010812993322815823,-0.04216366
14468,2024-07-31,12062,0.06287360501408212,-0.12165342
14469,2024-07-31,12084,-0.10489028370568199,-0.05597367
14470,2024-07-31,12308,-0.13723230321236102,0.041762948
14471,2024-07-31,12345,-0.11482803218287829,-0.12875818
14472,2024-07-31,12369,0.14821827807815513,-0.08719997
14473,2024-07-31,12431,0.11005120910196164,-0.095072694
14474,2024-07-31,12449,0.12987961385378677,-0.1190295
14475,2024-07-31,12476,0.23972787836246257,-0.12402419
14476,2024-07-31,12490,0.08526702560969635,-0.123365596
14477,2024-07-31,12558,0.17356908458697595,-0.119731374
14478,2024-07-31,12622,-0.010256015159785581,-0.11913582
14479,2024-07-31,12623,-0.3363400362400256,-0.121979155
14480,2024-07-31,12872,-0.17428385162053672,-0.08747764
14481,2024-07-31,13035,-0.08536878673645676,-0.11798876
14482,2024-07-31,13103,-0.18101132174232093,0.00873927
14483,2024-07-31,13210,-0.12308815100300785,0.016583774
14484,2024-07-31,13323,-0.2786005401194448,0.028069593
14485,2024-07-31,13356,-0.1553609107875612,-0.1141253
14486,2024-07-31,13407,0.19645312075796828,0.045609646
14487,2024-07-31,13447,0.14563235256780627,-0.057512484
14488,2024-07-31,13511,0.10963131969453288,-0.11020219
14489,2024-07-31,13586,0.13064980693360662,-0.070173964
14490,2024-07-31,13641,-0.1158383136081127,-0.11228792
14491,2024-07-31,13688,0.10850938262771415,-0.121815756
14492,2024-07-31,13721,0.10898564529386401,-0.11913582
14493,2024-07-31,13760,0.37493501181126954,-0.06810626
14494,2024-07-31,13788,-0.004598702253961751,-0.11856396
14495,2024-07-31,13856,-0.030814285853445367,-0.11012243
14496,2024-07-31,13901,0.1331245889651702,-0.11856396
14497,2024-07-31,13911,-0.1641189832675165,-0.07162817
14498,2024-07-31,13928,-0.007944707429926035,-0.110790536
14499,2024-07-31,13949,-0.1346626630992216,-0.08508385
14500,2024-07-31,13963,-0.008156458099176866,-0.11141901
14501,2024-07-31,13964,0.023070738853613548,-0.08053069
14502,2024-07-31,14008,-0.03028928784203755,-0.117805116
14503,2024-07-31,14277,-0.16470016018367128,0.012980561
14504,2024-07-31,14297,0.024101384588940844,-0.12368896
14505,2024-07-31,14338,0.09476112798568237,-0.112848885
14506,2024-07-31,14541,-0.062304277014569975,-0.119750954
14507,2024-07-31,14542,-0.0013235744649545689,0.031566747
14508,2024-07-31,14579,0.2561096117183388,-0.013785824
14509,2024-07-31,14593,0.018417767364119042,0.12910524
14510,2024-07-31,14702,-0.14258662529352917,-0.05647087
14511,2024-07-31,14714,0.11510079632065806,0.0944442
14512,2024-07-31,14763,-0.012473116530842154,-0.11688745
14513,2024-07-31,14776,0.09184778779383418,-0.119951904
14514,2024-07-31,14882,0.002503779034255693,0.04330893
14515,2024-07-31,14889,-0.00318410741195696,-0.1213468
14516,2024-07-31,14939,0.06763200740384501,-0.091282405
14517,2024-07-31,15069,-0.008546028202462086,-0.11977037
14518,2024-07-31,15202,-0.0002508121186420853,-0.12238762
14519,2024-07-31,15408,-0.03897247411981797,-0.09478689
14520,2024-07-31,15488,0.20553014522151192,0.011774964
14521,2024-07-31,15579,0.0034823402812806936,-0.11192443
14522,2024-07-31,15707,-0.014343574412140847,-0.11154103
14523,2024-07-31,15720,0.039359033050904824,-0.12744099
14524,2024-07-31,15850,-0.05532098907339089,0.0051332973
14525,2024-07-31,16087,-0.004765922083683649,-0.09705269
14526,2024-07-31,16431,0.30258263735611357,0.090289585
14527,2024-07-31,16581,-0.102319544868118,-0.11661343
14528,2024-07-31,16600,-0.09440130701620486,-0.027637739
14529,2024-07-31,16678,0.0294917564111965,-0.113774434
14530,2024-07-31,16692,-0.04361758376799607,-0.12376603
14531,2024-07-31,16851,-0.0040066988976544815,-0.1173808
14532,2024-07-31,17005,-0.05344729741225507,0.03597719
14533,2024-07-31,17144,0.02163240228391161,-0.10982029
14534,2024-07-31,17307,0.029287450468926446,-0.12146316
14535,2024-07-31,17478,-0.007229414096015074,-0.12253425
14536,2024-07-31,17700,0.19686297918639006,0.03309298
14537,2024-07-31,17743,0.042962359830006625,-0.11648111
14538,2024-07-31,17750,0.0018093283952527184,-0.0857554
14539,2024-07-31,17830,0.03528866062563907,-0.11913582
14540,2024-07-31,17942,-0.03289202690735349,-0.12076482
14541,2024-07-31,18143,0.008805001979441007,-0.11917193
14542,2024-07-31,18163,0.033533444778275356,-0.08778032
14543,2024-07-31,18312,-0.5440365321318148,-0.112848885
14544,2024-07-31,18411,0.09894345032347962,-0.12100264
14545,2024-07-31,18420,0.11133876268718912,-0.08843987
14546,2024-07-31,18421,0.10740428585421946,-0.08843987
14547,2024-07-31,18428,-0.08159787317111311,-0.10805084
14548,2024-07-31,18542,0.09057629944337098,-0.11253239
14549,2024-07-31,18592,0.08924256362853744,-0.12099002
14550,2024-07-31,18724,0.06890325386683949,-0.11868472
14551,2024-07-31,18729,-0.05054278496744835,-0.11948842
14552,2024-07-31,19166,0.12340017613162102,0.013680812
14553,2024-07-31,19285,0.07043815724483715,-0.11388887
14554,2024-07-31,19286,0.04355298072782943,-0.112883456
14555,2024-07-31,19350,0.09176302584267448,-0.08208699
14556,2024-07-31,19393,0.18565828451913857,0.077849865
14557,2024-07-31,19502,-0.18385796069478055,0.04470521
14558,2024-07-31,19561,-0.2166333060200455,0.010586736
14559,2024-07-31,19583,0.016850785606192797,-0.091961674
14560,2024-07-31,20057,-0.028323939990588687,-0.12532228
14561,2024-07-31,20482,0.07520549828377199,-0.10880354
14562,2024-07-31,21178,0.013218846504417847,-0.11913582
14563,2024-07-31,21207,-0.06951940995629002,-0.11685918
14564,2024-07-31,21371,0.08119667550947085,-0.10972847
14565,2024-07-31,21573,0.20670967019006903,-0.11877273
14566,2024-07-31,21776,0.06733029143625702,-0.110369906
14567,2024-07-31,21792,0.07237257361663652,-0.08571056
14568,2024-07-31,21936,-0.07334646304649184,-0.016872773
14569,2024-07-31,22103,-0.07077824151191026,-0.11492218
14570,2024-07-31,22111,0.020443843670626016,-0.11456592
14571,2024-07-31,22293,0.19741048622649693,-0.052884117
14572,2024-07-31,22509,-0.013820207646802696,-0.10802846
14573,2024-07-31,22517,0.10432904727535552,-0.12829295
14574,2024-07-31,22592,0.012560698581178364,-0.060068663
14575,2024-07-31,22623,0.38806854745866626,0.06774736
14576,2024-07-31,22752,-0.08965048209248039,-0.094339654
14577,2024-07-31,22779,0.1289148389102397,-0.12151088
14578,2024-07-31,22976,-0.060113750528296594,0.023349022
14579,2024-07-31,23026,0.00820987706165699,-0.13226324
14580,2024-07-31,23229,0.08259646525319231,-0.13226324
14581,2024-07-31,23393,0.022279865001184174,-0.10770656
14582,2024-07-31,23473,0.08457727271471938,-0.1247063
14583,2024-07-31,23536,0.12038015735475827,-0.12894547
14584,2024-07-31,23570,0.03247606193440711,-0.1204178
14585,2024-07-31,23579,-0.13413932216373048,-0.12238967
14586,2024-07-31,23660,0.07981071842483578,-0.12072872
14587,2024-07-31,23712,0.12921083220090646,-0.12569293
14588,2024-07-31,23819,-0.19549130387632818,-0.08639002
14589,2024-07-31,23931,0.15619471076773372,-0.12650497
14590,2024-07-31,24010,0.34752222789674936,-0.12871236
14591,2024-07-31,24053,0.05363519727963806,-0.12592867
14592,2024-07-31,24109,0.01550021755413078,-0.12460755
14593,2024-07-31,24205,0.04407848521225466,-0.111180045
14594,2024-07-31,24328,0.06433901847669476,-0.10531589
14595,2024-07-31,24643,0.04290267625618993,-0.053908177
14596,2024-07-31,24766,0.05513876646945226,-0.10173168
14597,2024-07-31,24985,0.10769391499448489,-0.13325159
14598,2024-07-31,25232,0.17663354366616923,-0.12149927
14599,2024-07-31,25320,0.0033068644444380624,-0.115945145
14600,2024-07-31,25582,0.09627387504570195,-0.11517623
14601,2024-07-31,25785,-0.03438291606335375,-0.054471552
14602,2024-07-31,25953,0.030360334753174012,-0.115206644
14603,2024-07-31,26403,0.02679183370585969,-0.09786413
14604,2024-07-31,26710,-0.011600478111794987,-0.123676606
14605,2024-07-31,26825,0.39679024842964594,-0.12910509
14606,2024-07-31,27828,-0.007668410263741765,-0.11261751
14607,2024-07-31,27887,0.004268574030713346,0.034427058
14608,2024-07-31,27959,0.06472933307294992,-0.12412716
14609,2024-07-31,27991,0.036183660142719676,-0.11895716
14610,2024-07-31,28222,0.18406705492878217,-0.11192443
14611,2024-07-31,28484,-0.1200511118118548,-0.09434352
14612,2024-07-31,29946,-0.02039091049561559,0.02051014
14613,2024-07-31,30681,0.03724283732038969,-0.12586354
14614,2024-07-31,32870,-0.03995583339005504,-0.0002627112
14615,2024-07-31,32986,0.09194998115194775,-0.13226324
14616,2024-07-31,34032,0.030429137869997236,-0.11785371
14617,2024-07-31,34746,0.040558095612454936,-0.12181006
14618,2024-07-31,34817,-0.12636665128107472,-0.08795803
14619,2024-07-31,34833,-0.17256508135203885,-0.105172
14620,2024-07-31,35044,0.07865239002754576,-0.12042984
14621,2024-07-31,35554,0.13965283397268324,-0.123558864
14622,2024-07-31,36003,-0.012982448500159727,-0.11580072
14623,2024-07-31,36468,0.024783713771411753,-0.11823941
14624,2024-07-31,37584,-0.07784961187859041,0.032241102
14625,2024-07-31,38093,-0.006051494140743796,-0.12410275
14626,2024-07-31,38156,0.2324714172281186,-0.1179489
14627,2024-07-31,38703,0.10232808826550199,-0.107907124
14628,2024-07-31,38762,0.13359951832815975,-0.130545
14629,2024-07-31,39490,-0.2358363972354346,0.06758685
14630,2024-07-31,39642,-0.02710545126946906,-0.11113846
14631,2024-07-31,39917,-0.012456264532346384,-0.12985313
14632,2024-07-31,40272,0.0034093949043327854,-0.11934875
14633,2024-07-31,40539,0.003453447266161591,-0.117805116
14634,2024-07-31,41080,0.13405461400205732,-0.114859745
14635,2024-07-31,41355,0.13305749888785456,-0.11974378
14636,2024-07-31,42200,-0.05533578262643113,-0.122113846
14637,2024-07-31,42585,-0.02888981496391818,0.03648639
14638,2024-07-31,42877,0.04588437308412341,0.011345298
14639,2024-07-31,42906,0.05390468950704519,-0.12107563
14640,2024-07-31,43350,-0.11283509048851914,-0.072908975
14641,2024-07-31,43449,0.10707868838717594,-0.08950256
14642,2024-07-31,44206,0.02538566345335269,-0.009969423
14643,2024-07-31,44329,-0.08859451120963424,-0.11159661
14644,2024-07-31,44601,-0.041358278912221325,-0.097360305
14645,2024-07-31,44644,0.10691962656645027,-0.123458706
14646,2024-07-31,45356,0.06120888017625803,-0.11452442
14647,2024-07-31,45751,-0.015853510383770142,-0.11856396
14648,2024-07-31,45911,-0.22410632868427915,-0.105591506
14649,2024-07-31,46578,0.22121031228659271,-0.10938236
14650,2024-07-31,46674,-0.21450945706069735,-0.08680609
14651,2024-07-31,46703,-0.004235004102075557,-0.08351793
14652,2024-07-31,46886,-0.18915206645984195,-0.058592133
14653,2024-07-31,47896,0.04902001015192936,-0.02809587
14654,2024-07-31,48486,-0.19051372036695124,-0.05926054
14655,2024-07-31,48506,-0.0035352727974879983,-0.11568551
14656,2024-07-31,48653,-0.2849998264341608,0.06383812
14657,2024-07-31,48725,-0.05449268759040338,-0.1225926
14658,2024-07-31,49154,0.0045543495418680635,-0.08572474
14659,2024-07-31,49656,0.16530704285579456,-0.12072872
14660,2024-07-31,49680,-0.11252816790295983,-0.11913582
14661,2024-07-31,50876,0.03310991120485296,0.04327754
14662,2024-07-31,51369,-0.18945569474319957,-0.06184479
14663,2024-07-31,52038,-0.015561448179903459,-0.11883004
14664,2024-07-31,52090,0.021347603083930355,-0.030674648
14665,2024-07-31,52329,0.19970657267682057,-0.11810288
14666,2024-07-31,52476,-0.0501421425051537,-0.12125394
14667,2024-07-31,52695,0.1379826568307183,-0.11889248
14668,2024-07-31,52708,-0.03480631692303959,-0.11205043
14669,2024-07-31,52978,0.028854234742517137,-0.10526345
14670,2024-07-31,53065,-0.07666469043262913,-0.12583454
14671,2024-07-31,53613,-0.09159120752670424,0.01987734
14672,2024-07-31,54148,-0.01731625843059592,-0.084751025
14673,2024-07-31,55976,0.19728340236385056,-0.03847668
14674,2024-07-31,56274,-0.02279628188970073,-0.10496389
14675,2024-07-31,56573,0.06205568454384136,-0.11228792
14676,2024-07-31,57568,-0.06885117564233056,-0.1111046
14677,2024-07-31,57665,0.035015463100858346,0.025145998
14678,2024-07-31,57809,-0.006730944120304061,-0.08629619
14679,2024-07-31,57904,0.10387151957422613,-0.1208913
14680,2024-07-31,58246,0.14370569747184292,-0.12165342
14681,2024-07-31,58413,0.0023746681090270894,-0.0954889
14682,2024-07-31,58683,0.1420367413658452,-0.10012409
14683,2024-07-31,58819,0.0865965264528421,-0.12592867
14684,2024-07-31,59176,0.07005112427231697,-0.12006027
14685,2024-07-31,59248,0.03905460247234305,0.03887596
14686,2024-07-31,59300,0.06321509309874407,-0.12209934
14687,2024-07-31,59328,-0.2953240082805648,-0.10119925
14688,2024-07-31,59408,0.044420575837516685,-0.112848885
14689,2024-07-31,59459,0.14129102243370872,-0.11214427
14690,2024-07-31,60097,0.11988960405345694,-0.10880354
14691,2024-07-31,60206,0.15787091660469943,-0.12563878
14692,2024-07-31,60442,0.048349250320124826,-0.11775559
14693,2024-07-31,60506,0.06030440472630616,-0.0489548
14694,2024-07-31,60628,-0.08954898451522131,-0.118014336
14695,2024-07-31,60871,-0.031683703862955825,-0.10675213
14696,2024-07-31,61241,-0.0028379655907170287,-0.0018832211
14697,2024-07-31,61399,0.07101140828880736,-0.12006027
14698,2024-07-31,61621,0.09692172825181355,-0.122729115
14699,2024-07-31,61735,0.11906594556092975,-0.11913582
14700,2024-07-31,62092,-0.10869883528245872,-0.12006027
14701,2024-07-31,62148,-0.03823762456171398,-0.112848885
14702,2024-07-31,62308,0.14123396444596792,0.028721893
14703,2024-07-31,62498,0.00574993847766847,-0.054556668
14704,2024-07-31,63467,0.05378394791292096,-0.12773111
14705,2024-07-31,64186,-0.09366429007302823,-0.10270686
14706,2024-07-31,64311,0.009048531493575318,-0.111732386
14707,2024-07-31,64390,0.13453139348216037,-0.098856926
14708,2024-07-31,64653,0.12127653327439103,-0.11425178
14709,2024-07-31,64936,0.1268427351835748,-0.12551664
14710,2024-07-31,64995,0.08258865414198846,-0.121564046
14711,2024-07-31,65402,-0.11288946965619218,-0.08973217
14712,2024-07-31,65541,0.12160791172587926,-0.12627645
14713,2024-07-31,65875,0.0561348201833356,-0.11253239
14714,2024-07-31,65947,0.21936855832768676,-0.11939802
14715,2024-07-31,66093,0.18621653755675238,-0.11192443
14716,2024-07-31,66157,0.08819428434400689,-0.11913582
14717,2024-07-31,66181,0.07606384666139943,-0.11192443
14718,2024-07-31,66384,-0.025950546790833418,0.086804
14719,2024-07-31,66800,-0.03703002168974956,-0.11253239
14720,2024-07-31,67598,0.043753129773029587,-0.12491251
14721,2024-07-31,69032,0.1353079956322638,-0.1158756
14722,2024-07-31,69649,0.2824307601243077,-0.08481415
14723,2024-07-31,69796,-0.048323172835677775,-0.08579517
14724,2024-07-31,70519,-0.0010851103662836703,-0.112848885
14725,2024-07-31,70578,0.06762312406732196,-0.110565685
14726,2024-07-31,71563,-0.024643642503036967,-0.1189266
14727,2024-07-31,72726,0.10173094625192802,-0.12042984
14728,2024-07-31,73139,0.09045646029764876,-0.091373935
14729,2024-07-31,75034,-0.010488588381824648,-0.12008294
14730,2024-07-31,75154,0.3205299944296778,-0.06873316
14731,2024-07-31,75186,0.09086794515351193,-0.05396644
14732,2024-07-31,75510,-0.13336463416998456,-0.11449538
14733,2024-07-31,75591,0.03290629980424242,-0.08827332
14734,2024-07-31,75607,0.12554072403521754,-0.11974784
14735,2024-07-31,75694,-0.09512760299171741,-0.12500443
14736,2024-07-31,75819,0.21144954937140947,-0.12543865
14737,2024-07-31,75825,-0.03127831897482336,-0.107316405
14738,2024-07-31,75828,0.0006794273734920253,-0.11451451
14739,2024-07-31,75912,0.04206233309086338,-0.09563807
14740,2024-07-31,76076,0.13904206482837878,-0.11917193
14741,2024-07-31,76082,-0.06481838336072487,-0.11113526
14742,2024-07-31,76095,-0.009067851882640587,-0.13226324
14743,2024-07-31,76185,0.06597294027368261,-0.12064575
14744,2024-07-31,76226,-0.03743532972090724,0.021655623
14745,2024-07-31,76230,0.10928031093525092,-0.084543295
14746,2024-07-31,76605,-0.03979120262746827,-0.112848885
14747,2024-07-31,76614,-0.22330423798583499,-0.117805116
14748,2024-07-31,76709,-0.14534273974139145,-0.08623579
14749,2024-07-31,76712,-0.06414534144619632,-0.063877515
14750,2024-07-31,76744,-0.0398189783429127,-0.117805116
14751,2024-07-31,76795,0.08763840468840156,-0.12794034
14752,2024-07-31,76841,-0.18386278604599982,-0.08603483
14753,2024-07-31,77037,-0.04088058800139116,-0.11684547
14754,2024-07-31,77129,0.10291343761655392,-0.12491251
14755,2024-07-31,77178,-0.09579563637946276,-0.05647087
14756,2024-07-31,77274,0.17862548201412798,-0.11775559
14757,2024-07-31,77338,-0.01152259715016335,-0.11271955
14758,2024-07-31,77357,-0.08007955904500019,-0.054847486
14759,2024-07-31,77496,-0.16638314200764925,-0.0682302
14760,2024-07-31,77605,0.13725042834064438,-0.10984754
14761,2024-07-31,77649,-0.06860914615045954,-0.1247063
14762,2024-07-31,77661,-0.059175682282490816,-0.060179528
14763,2024-07-31,77702,0.26090606201848776,0.018955734
14764,2024-07-31,77730,-0.030601592571877778,-0.12448876
14765,2024-07-31,78975,-0.05565213679221315,-0.11253239
14766,2024-07-31,78987,-0.16887435030697906,-0.09008922
14767,2024-07-31,79057,0.027825657125486236,-0.119731374
14768,2024-07-31,79094,0.09329821952836714,-0.086259164
14769,2024-07-31,79103,0.023796043614211504,-0.11192443
14770,2024-07-31,79145,0.319706360370569,-0.10483906
14771,2024-07-31,79323,0.09530388167962056,-0.11087684
14772,2024-07-31,79452,0.054225684328246926,-0.11134665
14773,2024-07-31,79545,-0.044411835340511074,0.009197641
14774,2024-07-31,79547,0.01968815102588417,-0.12829295
14775,2024-07-31,79637,-0.043398110186972816,-0.07397765
14776,2024-07-31,79698,0.0026105068833968126,-0.12125394
14777,2024-07-31,79782,0.07044451070235924,-0.112293854
14778,2024-07-31,79785,0.06335852196534364,-0.124939084
14779,2024-07-31,79906,0.13908113001847888,-0.11150871
14780,2024-07-31,80080,0.024849471971793324,-0.1120022
14781,2024-07-31,80100,0.11614006531063681,-0.11465732
14782,2024-07-31,80183,0.09319906746789042,-0.123676606
14783,2024-07-31,80191,0.01599739789140764,0.062159155
14784,2024-07-31,80204,-0.00018533000631915098,-0.11760783
14785,2024-07-31,80286,0.012383814119826253,-0.086102314
14786,2024-07-31,80320,-0.016437410848663236,-0.086489834
14787,2024-07-31,80381,0.0896116555069264,-0.12829295
14788,2024-07-31,80681,0.028217563808352608,-0.12736848
14789,2024-07-31,81045,0.04721890438020648,-0.125532
14790,2024-07-31,81055,0.08011506900379528,-0.12006027
14791,2024-07-31,81061,-0.1876701663905349,-0.11856396
14792,2024-07-31,81481,-0.38048425213883064,0.015235943
14793,2024-07-31,81540,-0.03913754562633942,-0.10912752
14794,2024-07-31,81655,0.10367331895734444,-0.08683675
14795,2024-07-31,81677,0.16798448135753752,-0.0956097
14796,2024-07-31,81736,0.13967313552952287,-0.1048691
14797,2024-07-31,81774,-0.0054417507109649765,-0.0819799
14798,2024-07-31,82276,0.029027365171072184,-0.12423151
14799,2024-07-31,82303,-0.09019168842647107,-0.12165342
14800,2024-07-31,82307,0.02334958255084474,-0.08664924
14801,2024-07-31,82515,-0.029808717356093806,0.021261875
14802,2024-07-31,82581,-0.02376735658294038,0.015429894
14803,2024-07-31,82598,-0.08807701642496923,-0.10465708
14804,2024-07-31,82642,-0.30291673993871704,0.0396534
14805,2024-07-31,82651,-0.03916325182500591,-0.12886481
14806,2024-07-31,82775,-0.0002966645590061212,-0.12597059
14807,2024-07-31,83143,0.2137150314087113,-0.121224016
14808,2024-07-31,83443,0.028323283785790077,-0.027559241
14809,2024-07-31,83597,0.10188431461450342,-0.087284975
14810,2024-07-31,83621,0.02162223676898245,-0.08996576
14811,2024-07-31,84262,-0.016843947840606388,-0.11833567
14812,2024-07-31,84373,0.09346597907455956,-0.11393265
14813,2024-07-31,84381,-0.038119742833520265,0.0038193143
14814,2024-07-31,84761,0.07433800039352989,-0.12012393
14815,2024-07-31,84767,-0.0385288003781733,-0.11616462
14816,2024-07-31,84769,0.045642585139996195,-0.055799738
14817,2024-07-31,84788,-0.0031081694425796336,0.041506045
14818,2024-07-31,85035,-0.4051751152215344,-0.103617154
14819,2024-07-31,85058,0.14347692959811909,-0.12279255
14820,2024-07-31,85072,0.13196173968432356,-0.079885855
14821,2024-07-31,85257,0.05859611857001834,-0.08821207
14822,2024-07-31,85269,-0.19213702033384494,-0.10931822
14823,2024-07-31,85348,-0.007649198666905721,-0.10643916
14824,2024-07-31,85459,0.16422077164566096,-0.11561156
14825,2024-07-31,85592,-0.09735321696291244,-0.11775559
14826,2024-07-31,85621,-0.15073718828693883,-0.12008294
14827,2024-07-31,85631,0.14657604517870526,-0.117468506
14828,2024-07-31,85663,0.07606029383544088,-0.11205043
14829,2024-07-31,85753,-0.054383974294511916,-0.12733772
14830,2024-07-31,85792,0.13694557614837222,-0.053200014
14831,2024-07-31,85913,0.14721808674068493,-0.08462921
14832,2024-07-31,85914,0.05517555251250994,-0.112964414
14833,2024-07-31,86111,-0.02401734592779059,-0.11775559
14834,2024-07-31,86136,0.04922616258775081,-0.1208913
14835,2024-07-31,86158,-0.010483417113392512,-0.12072872
14836,2024-07-31,86228,0.02189531092261876,-0.11228792
14837,2024-07-31,86288,-0.06703528951540638,-0.088920325
14838,2024-07-31,86339,-0.010668938545355888,-0.11982889
14839,2024-07-31,86356,0.038891836861217444,-0.11552314
14840,2024-07-31,86580,0.13460304516178367,0.0726168
14841,2024-07-31,86783,0.2616959033501396,-0.108390614
14842,2024-07-31,86868,0.023191159632067082,-0.1189266
14843,2024-07-31,86964,0.14849462854749707,-0.08845037
14844,2024-07-31,86979,0.03794707654787355,-0.11364952
14845,2024-07-31,86996,0.04992114402077963,-0.119533435
14846,2024-07-31,87055,0.06347680262237221,-0.11031923
14847,2024-07-31,87137,-0.16837102543307758,-0.086071655
14848,2024-07-31,87267,0.12576151980924655,-0.12198464
14849,2024-07-31,87299,0.028492013720763598,-0.110287525
14850,2024-07-31,87432,-0.07694461877884606,-0.12181708
14851,2024-07-31,87445,0.07931532660109686,-0.13156949
14852,2024-07-31,87447,0.04130205742230486,0.086640306
14853,2024-07-31,87541,0.15212036577511912,-0.13064504
14854,2024-07-31,87657,0.0628072541955007,-0.040654592
14855,2024-07-31,87717,-0.04662901871375458,-0.11772771
14856,2024-07-31,87842,0.02853562224606976,-0.12578604
14857,2024-07-31,88031,0.023909847826805386,-0.10864712
14858,2024-07-31,88182,-0.09916610484551514,0.0622919
14859,2024-07-31,88281,-0.2684135532827383,-0.12267514
14860,2024-07-31,88352,0.1332198173684036,-0.10231335
14861,2024-07-31,88661,0.1938500318401577,-0.093314596
14862,2024-07-31,88664,0.06438519476186255,-0.111954615
14863,2024-07-31,88837,0.16327794122745254,-0.120588645
14864,2024-07-31,88860,-0.11579711799994474,-0.01041015
14865,2024-07-31,88873,0.02267637141525447,-0.08926724
14866,2024-07-31,89003,0.17294284427206352,-0.1208913
14867,2024-07-31,89006,0.008293769458199929,-0.10864712
14868,2024-07-31,89017,0.07373501493465584,-0.1255259
14869,2024-07-31,89031,0.4116158153335958,-0.09120739
14870,2024-07-31,89070,-0.03764877871884342,-0.008990217
14871,2024-07-31,89071,0.04721953966372294,-0.12006027
14872,2024-07-31,89138,-0.19591762018028291,-0.11504873
14873,2024-07-31,89179,-0.23505057080981928,-0.1070813
14874,2024-07-31,89195,0.02005244078824031,-0.12133694
14875,2024-07-31,89258,-0.011444209090317292,-0.12402032
14876,2024-07-31,89269,-0.19058673982403285,-0.07949667
14877,2024-07-31,89393,0.20319506248700137,-0.06292168
14878,2024-07-31,89508,-0.14282287671516036,-0.12667347
14879,2024-07-31,89525,0.06609618336847412,-0.112848885
14880,2024-07-31,89533,0.16316227608737988,0.0044483566
14881,2024-07-31,89617,0.15510521472737637,-0.11351734
14882,2024-07-31,89626,0.16950862273156675,-0.10689424
14883,2024-07-31,89641,-0.011126346930463216,-0.09672264
14884,2024-07-31,89781,-0.05875070152570128,-0.059586573
14885,2024-07-31,89866,-0.10684440960081287,0.051772233
14886,2024-07-31,90038,0.10025654270197748,-0.096679926
14887,2024-07-31,90071,0.20927964081266026,-0.021537567
14888,2024-07-31,90199,0.16200937376212732,-0.11491062
14889,2024-07-31,90215,0.12763685109862744,-0.09674643
14890,2024-07-31,90248,-0.03129633334523263,-0.06060484
14891,2024-07-31,90305,0.03238307045126221,-0.119001836
14892,2024-07-31,90319,-0.0011615367658578402,0.022550577
14893,2024-07-31,90373,0.20140888220127828,-0.11492218
14894,2024-07-31,90386,-0.09399911303383779,0.062209956
14895,2024-07-31,90454,0.30298069877379685,0.032752857
14896,2024-07-31,90455,-0.11906269898198418,-0.056183763
14897,2024-07-31,90505,0.31382686818078964,0.046361886
14898,2024-07-31,90520,-0.10262318363975609,-0.084543295
14899,2024-07-31,90601,0.09579225543398429,-0.121209115
14900,2024-07-31,90664,0.03922682448939541,-0.050927937
14901,2024-07-31,90808,0.22432340135091855,-0.084474325
14902,2024-07-31,90829,0.08319835211486759,-0.08629619
14903,2024-07-31,90880,0.19103389595666553,-0.114605695
14904,2024-07-31,90993,0.03129653341088057,-0.12177541
14905,2024-07-31,91041,0.2178002496850342,-0.11552314
14906,2024-07-31,91068,0.026692205958009696,-0.08994323
14907,2024-07-31,91103,0.7230350214146248,-0.08664059
14908,2024-07-31,91152,0.0619222328235447,-0.11316268
14909,2024-07-31,91233,0.07879899202351881,-0.10748078
14910,2024-07-31,91547,0.27151754572351394,-0.12175274
14911,2024-07-31,91556,-0.02212872062774418,-0.12063725
14912,2024-07-31,91611,-0.09958431220890684,-0.066862546
14913,2024-07-31,91849,-0.01055865901738895,-0.1275551
14914,2024-07-31,91926,0.3340505296113523,-0.09178296
14915,2024-07-31,91937,0.22827531503277898,-0.1193953
14916,2024-07-31,92050,0.1913072269770153,0.028102465
14917,2024-07-31,92121,0.03633537319911584,-0.12146316
14918,2024-07-31,92157,-0.04071904557843231,-0.11444179
14919,2024-07-31,92322,0.011208843817777314,-0.08354159
14920,2024-07-31,92402,0.059301352635342974,-0.12072872
14921,2024-07-31,92602,0.16517964534883722,-0.12060441
14922,2024-07-31,92611,0.09320133101261074,-0.086590186
14923,2024-07-31,92614,-0.02460151813705269,-0.12892869
14924,2024-07-31,92655,-0.016745103308119735,0.005729951
14925,2024-07-31,93002,0.059914903511746775,0.09259557
14926,2024-07-31,93089,0.05107174848379237,-0.1114239
14927,2024-07-31,93096,-0.33046658555618547,0.042075254
14928,2024-07-31,93132,0.3552688682605192,0.010405326
14929,2024-07-31,93246,0.06339754160027078,-0.10803867
14930,2024-07-31,93429,0.16737530169327952,-0.1261687
14931,2024-07-31,93436,0.07661807062334347,0.1717098
14932,2024-10-31,10104,0.01585171329039392,-0.09943719
14933,2024-10-31,10107,0.023490681887144094,0.035645023
14934,2024-10-31,10138,0.07530526193250053,-0.110252984
14935,2024-10-31,10145,0.09308030013111446,-0.105118535
14936,2024-10-31,10516,-0.06336739898856258,-0.046927664
14937,2024-10-31,10696,0.0916610746740294,-0.10874465
14938,2024-10-31,11308,-0.020664195009817865,-0.08194355
14939,2024-10-31,11403,0.0778651620829034,-0.01753558
14940,2024-10-31,11404,-0.0700670053476109,-0.11591568
14941,2024-10-31,11533,-0.05998126352258526,-0.020802956
14942,2024-10-31,11618,-0.057690252988847335,-0.108557604
14943,2024-10-31,11674,-0.026268476012999975,-0.1167702
14944,2024-10-31,11762,-0.012705386489057169,-0.10777071
14945,2024-10-31,11850,-0.07768948460348513,-0.07261128
14946,2024-10-31,11891,-0.064820555050492,-0.024679806
14947,2024-10-31,11955,0.023872706579559866,-0.10972505
14948,2024-10-31,12052,-0.11406324731473216,-0.10110357
14949,2024-10-31,12060,0.18701452583233213,-0.010308872
14950,2024-10-31,12062,0.09761736717564395,-0.11646934
14951,2024-10-31,12084,-0.10650380872023002,-0.09285382
14952,2024-10-31,12308,0.05457797367222739,-0.042785607
14953,2024-10-31,12345,-0.1141455256638374,-0.051854722
14954,2024-10-31,12369,-0.02342063265599892,-0.03650129
14955,2024-10-31,12431,-0.01802266682594922,-0.054426864
14956,2024-10-31,12449,0.1539809237935441,-0.117813
14957,2024-10-31,12476,0.18321581374374296,-0.10320213
14958,2024-10-31,12490,0.24673155975771244,-0.10656308
14959,2024-10-31,12558,0.12117497598991456,-0.10765379
14960,2024-10-31,12622,-0.07842936359764086,-0.0035471558
14961,2024-10-31,12623,0.07377715791598072,-0.0062307036
14962,2024-10-31,12872,0.007364828659427891,0.04063522
14963,2024-10-31,13035,0.021506024134247737,-0.046498504
14964,2024-10-31,13103,0.09835974087997323,0.023015248
14965,2024-10-31,13210,0.34619453437694925,-0.036865905
14966,2024-10-31,13323,-0.24999966877100965,0.03133479
14967,2024-10-31,13356,-0.02395464406509651,-0.0940406
14968,2024-10-31,13407,0.2152138967029078,0.03543353
14969,2024-10-31,13447,0.09152229065476947,-0.10864154
14970,2024-10-31,13511,0.023619300315415703,-0.10641108
14971,2024-10-31,13586,0.04853897672306973,-0.11787546
14972,2024-10-31,13641,-0.06561841541053126,-0.09117872
14973,2024-10-31,13688,-0.22505791326853009,-0.11674111
14974,2024-10-31,13721,-0.08931798705658078,-0.10719701
14975,2024-10-31,13760,0.1187864398229419,-0.016701946
14976,2024-10-31,13788,-0.04122645061619379,-0.09706523
14977,2024-10-31,13856,-0.08487727676598222,-0.068910435
14978,2024-10-31,13901,-0.022351219854825577,-0.11032512
14979,2024-10-31,13911,-0.021670354852939222,-0.040950537
14980,2024-10-31,13928,-0.09146732522005396,-0.037727904
14981,2024-10-31,13949,0.06160669861833257,0.008614237
14982,2024-10-31,13963,0.031926176820217034,-0.11692602
14983,2024-10-31,13964,0.08987506155508784,-0.118179046
14984,2024-10-31,14008,-0.101313094118342,-0.10513152
14985,2024-10-31,14277,0.011706924050079781,-0.047166962
14986,2024-10-31,14297,-0.046075548157173185,-0.11643199
14987,2024-10-31,14338,0.0910132055604922,-0.11113466
14988,2024-10-31,14541,0.012650305930150818,-0.058483087
14989,2024-10-31,14542,0.19192063049007957,0.058463264
14990,2024-10-31,14579,-0.005446823132245315,-0.03311468
14991,2024-10-31,14593,0.04581435926592037,0.018687997
14992,2024-10-31,14702,-0.004508854242478266,0.036964014
14993,2024-10-31,14714,0.19273348720339478,-0.06466549
14994,2024-10-31,14776,0.2566803344611903,-0.1150656
14995,2024-10-31,14882,-0.09987457089023266,-0.009252834
14996,2024-10-31,14889,0.13936166023814045,-0.0884854
14997,2024-10-31,14939,0.19689791656604072,-0.116684616
14998,2024-10-31,15202,0.0025152793268119478,-0.11146466
14999,2024-10-31,15408,-0.09703134153050685,-0.10542521
15000,2024-10-31,15488,0.1170261982673344,-0.10738852
15001,2024-10-31,15579,-0.0846154538834536,-0.105118535
15002,2024-10-31,15707,0.09376843820937397,-0.105108544
15003,2024-10-31,15720,-0.33765288290073037,-0.11636731
15004,2024-10-31,15850,-0.003520326104834104,-0.08811065
15005,2024-10-31,16087,0.13974603238907024,-0.06256447
15006,2024-10-31,16431,-0.22008663828732689,-0.03443896
15007,2024-10-31,16581,0.0006287847901751409,-0.05075864
15008,2024-10-31,16600,-0.15275731878591592,-0.06725108
15009,2024-10-31,16678,0.11134932509346362,-0.11636731
15010,2024-10-31,16692,-0.022727988461501925,-0.110849604
15011,2024-10-31,16851,-0.07038052729803945,-0.11591063
15012,2024-10-31,17005,0.012714022479510811,0.054540116
15013,2024-10-31,17144,-0.10678123248396443,-0.11043176
15014,2024-10-31,17307,-0.04916642633589208,-0.11591063
15015,2024-10-31,17478,0.08734765677189849,-0.10632617
15016,2024-10-31,17700,-0.0029586237494541034,-0.042388372
15017,2024-10-31,17743,0.03903248464445097,-0.115643896
15018,2024-10-31,17750,-0.022605753779674775,-0.10824665
15019,2024-10-31,17830,0.07144731193363763,-0.107856296
15020,2024-10-31,17942,-0.018689844947778478,-0.038177755
15021,2024-10-31,18143,-0.01902026061300821,-0.10520412
15022,2024-10-31,18163,0.011069573797738652,-0.10573657
15023,2024-10-31,18312,-0.2748331632300197,0.010344966
15024,2024-10-31,18411,-0.07023715216002624,-0.10824665
15025,2024-10-31,18420,0.21856974055378164,-0.11671861
15026,2024-10-31,18421,0.24743125808231903,-0.11671861
15027,2024-10-31,18428,-0.19667062395316404,-0.043421455
15028,2024-10-31,18542,-0.0091545304494689,-0.10354907
15029,2024-10-31,18592,0.07433133625174748,-0.117903516
15030,2024-10-31,18724,-0.11605180608394916,-0.11671861
15031,2024-10-31,18729,-0.06955991264063488,-0.064435214
15032,2024-10-31,19166,-0.13147427756419172,-0.0533947
15033,2024-10-31,19285,-0.09798383312005554,-0.054896962
15034,2024-10-31,19286,-0.024482698434966088,-0.114795975
15035,2024-10-31,19350,0.1820903210110678,-0.10833223
15036,2024-10-31,19393,0.06860754351043541,-0.05848405
15037,2024-10-31,19502,0.11805196770684234,0.02067227
15038,2024-10-31,19561,0.1822410359598814,-0.007157551
15039,2024-10-31,19583,0.12181259713968484,-0.11610058
15040,2024-10-31,20057,-0.018860689241426254,-0.11070967
15041,2024-10-31,20190,-0.026852282515634762,-0.059383806
15042,2024-10-31,20482,0.1344236524113982,-0.106411755
15043,2024-10-31,21178,-0.14680864527764614,-0.10632617
15044,2024-10-31,21207,-0.05427176140810097,0.026770713
15045,2024-10-31,21371,0.14439844377841626,-0.1169366
15046,2024-10-31,21573,0.009666220783468349,-0.022500569
15047,2024-10-31,21776,0.02796228471056783,-0.087824196
15048,2024-10-31,21792,0.11023838103234196,-0.11582012
15049,2024-10-31,21936,-0.03248289951316752,-0.019429306
15050,2024-10-31,22103,0.20523733049083237,-0.103181474
15051,2024-10-31,22111,-0.0405954059194944,-0.10573657
15052,2024-10-31,22293,0.10093712975479918,-0.11132512
15053,2024-10-31,22509,-0.06815453587718168,-0.09450893
15054,2024-10-31,22517,0.0400102458907281,-0.116186164
15055,2024-10-31,22592,0.19109510548561115,-0.0728751
15056,2024-10-31,22623,0.14257468153133712,0.036831528
15057,2024-10-31,22752,-0.026389105619104347,-0.050444502
15058,2024-10-31,22779,0.04670718056329881,-0.11030922
15059,2024-10-31,22976,0.28413389353208673,-0.05190602
15060,2024-10-31,23026,-0.038721094941778555,-0.116186164
15061,2024-10-31,23229,-0.044644127731834016,-0.116186164
15062,2024-10-31,23393,0.0588999409949571,-0.11572948
15063,2024-10-31,23473,-0.021294631323199864,-0.118179046
15064,2024-10-31,23536,0.04807192984536335,-0.11528445
15065,2024-10-31,23570,0.01129260631833362,-0.114795975
15066,2024-10-31,23579,-0.048382970973253836,-0.07957291
15067,2024-10-31,23660,-0.023693931905478638,-0.11144876
15068,2024-10-31,23712,-0.05916037279525199,-0.114795975
15069,2024-10-31,23819,-0.05679384263159648,-0.051934034
15070,2024-10-31,23876,-0.06329331855798881,-0.10705653
15071,2024-10-31,23931,0.014291349266588593,-0.112970926
15072,2024-10-31,24010,0.056198348690722044,-0.0011187599
15073,2024-10-31,24053,0.07269423618115178,-0.11671861
15074,2024-10-31,24109,0.005659049172689334,-0.10947177
15075,2024-10-31,24174,0.012836887189026536,-0.07413203
15076,2024-10-31,24205,-0.09091308074637527,-0.105118535
15077,2024-10-31,24328,0.40449651858801694,-0.0516322
15078,2024-10-31,24643,0.27025200820038675,-0.050340116
15079,2024-10-31,24766,-0.03866181325827689,-0.10824665
15080,2024-10-31,24985,0.08945615731453538,-0.11626193
15081,2024-10-31,25232,0.0136279112523372,-0.11289459
15082,2024-10-31,25320,-0.16120659970587758,-0.11572948
15083,2024-10-31,25582,-0.13922230893951804,-0.1183602
15084,2024-10-31,25785,-0.007003197501333491,-0.09507916
15085,2024-10-31,25953,0.07848724397202145,-0.11631857
15086,2024-10-31,26403,0.18050003778473678,-0.105118535
15087,2024-10-31,26710,0.0829697688838189,-0.115643896
15088,2024-10-31,26825,0.020548521830471733,-0.11347531
15089,2024-10-31,27828,-0.07735894930361353,-0.114795975
15090,2024-10-31,27887,-0.08335715055458814,-0.115643896
15091,2024-10-31,27959,-0.019399788762770154,-0.10824665
15092,2024-10-31,27991,0.0006579883561967925,-0.11572948
15093,2024-10-31,28222,0.08637898211703687,-0.058435325
15094,2024-10-31,28484,0.03763886537557681,-0.021428091
15095,2024-10-31,29946,-0.24646035979680136,0.034407124
15096,2024-10-31,30681,-0.1339221358218421,-0.11610058
15097,2024-10-31,32870,-0.00925277929311874,-0.048591208
15098,2024-10-31,32942,-0.006567928884762431,-0.11643199
15099,2024-10-31,32986,0.03282557704919187,-0.11671861
15100,2024-10-31,34032,-0.00432708790543479,-0.11651757
15101,2024-10-31,34746,0.02329903517308063,-0.074698776
15102,2024-10-31,34817,-0.09027902229132567,-0.014956035
15103,2024-10-31,34833,-0.0647830461301715,-0.042107802
15104,2024-10-31,35044,0.041984808384466055,-0.115574904
15105,2024-10-31,35554,0.040170108064164545,-0.114339136
15106,2024-10-31,36003,0.05345812007014583,-0.11142004
15107,2024-10-31,36468,0.0001844583549490686,-0.10969119
15108,2024-10-31,37584,0.08781649895114252,-0.038419265
15109,2024-10-31,38093,0.07549644762753549,-0.10824665
15110,2024-10-31,38156,0.06766204539158194,-0.10471358
15111,2024-10-31,38703,0.22073259863748618,-0.10277558
15112,2024-10-31,38762,0.06086510164670367,-0.11692602
15113,2024-10-31,39490,-0.06081876643588069,-0.018508278
15114,2024-10-31,39642,0.06492116770346823,-0.03961101
15115,2024-10-31,39917,-0.011237241002420961,-0.112534694
15116,2024-10-31,40272,-0.12001982222233942,-0.11701603
15117,2024-10-31,40539,0.10749651790932147,-0.106411755
15118,2024-10-31,41080,0.08817884939432474,-0.118803695
15119,2024-10-31,41355,0.11770926133194903,-0.107295215
15120,2024-10-31,42200,0.06420791077198063,-0.109454416
15121,2024-10-31,42585,-0.048810166060764715,-0.108945385
15122,2024-10-31,42877,-0.049919799236484264,-0.04298216
15123,2024-10-31,42906,0.1140161625276177,-0.116398565
15124,2024-10-31,43350,-0.04371302050322867,-0.051903673
15125,2024-10-31,43449,-0.005689781503666835,-0.105118535
15126,2024-10-31,44206,-0.11292044639156551,-0.11610058
15127,2024-10-31,44329,-0.10196465213291817,-0.004780812
15128,2024-10-31,44601,-0.0990237966558285,-0.110252984
15129,2024-10-31,44644,0.05304108099923033,-0.11094315
15130,2024-10-31,45356,0.03718425398063774,-0.11144876
15131,2024-10-31,45751,-0.0025689590814778063,-0.10676045
15132,2024-10-31,45911,0.021569156774572606,-0.05638579
15133,2024-10-31,46578,0.008559192776440572,-0.11463
15134,2024-10-31,46674,0.021724091696128545,0.0028399283
15135,2024-10-31,46703,-0.014146852852871872,-0.115643896
15136,2024-10-31,46886,0.11112332621097987,0.027516035
15137,2024-10-31,47896,0.21074752433999233,-0.044637065
15138,2024-10-31,48486,0.09332000925694772,0.010871321
15139,2024-10-31,48506,0.10193458117996035,-0.10969119
15140,2024-10-31,48653,0.1412650314480708,0.14715391
15141,2024-10-31,48725,0.07386568663525539,-0.09918309
15142,2024-10-31,49154,-0.07238776324150886,-0.10632617
15143,2024-10-31,49656,0.14649661777647438,-0.108755656
15144,2024-10-31,49680,-0.09223971491026295,-0.039165292
15145,2024-10-31,50876,-0.020785896430400408,0.080901854
15146,2024-10-31,51369,0.09138102927865877,0.019323071
15147,2024-10-31,52038,-0.020507399326226916,-0.109652154
15148,2024-10-31,52090,-0.007021366097462067,-0.11610058
15149,2024-10-31,52329,-0.003202266292157252,-0.11772236
15150,2024-10-31,52476,0.038418670459109405,-0.04521073
15151,2024-10-31,52695,-0.040339851598577114,-0.11289459
15152,2024-10-31,52708,-0.16270737334845597,-0.07134182
15153,2024-10-31,52978,-0.10872281596772593,-0.08047942
15154,2024-10-31,53065,-0.014146678067635587,-0.10591823
15155,2024-10-31,53613,-0.08316281158193684,-0.040330887
15156,2024-10-31,54148,-0.11992745837232766,-0.03138655
15157,2024-10-31,55976,0.2004382225414505,-0.036038794
15158,2024-10-31,56274,-0.09344318340107616,-0.06483131
15159,2024-10-31,56573,-0.0016694249248232484,-0.11488156
15160,2024-10-31,57568,-0.056924237777999154,-0.059076615
15161,2024-10-31,57665,0.0020627827715855585,0.043396737
15162,2024-10-31,57809,-0.10823954898237098,-0.11626193
15163,2024-10-31,57904,0.029364056865746502,-0.11081611
15164,2024-10-31,58246,0.12485352955530682,-0.118179046
15165,2024-10-31,58413,-0.01004500887857096,-0.11610058
15166,2024-10-31,58683,0.00953941587681717,-0.11009801
15167,2024-10-31,58819,-0.010206435313602324,-0.115643896
15168,2024-10-31,59176,0.17810952419528747,-0.06614441
15169,2024-10-31,59248,0.012376990675866617,-0.043651495
15170,2024-10-31,59300,-0.0001770262435005776,-0.11610058
15171,2024-10-31,59328,-0.0971175109530088,0.041960746
15172,2024-10-31,59408,0.11328324873887574,-0.10864154
15173,2024-10-31,59459,0.0011400146175122305,-0.052591614
15174,2024-10-31,60097,0.02641336071227296,-0.10824665
15175,2024-10-31,60206,0.0821604663034563,-0.10711391
15176,2024-10-31,60442,0.07587118128038783,-0.111370094
15177,2024-10-31,60506,0.09639201441848089,-0.11032512
15178,2024-10-31,60628,-0.028018622223162204,-0.097040996
15179,2024-10-31,60871,-0.04630401580463184,-0.09918309
15180,2024-10-31,61241,-0.19518266819011476,0.033673305
15181,2024-10-31,61399,-0.002412146470466947,-0.10632617
15182,2024-10-31,61621,0.06694466539963817,-0.11231998
15183,2024-10-31,61735,0.012639419064828683,-0.11032512
15184,2024-10-31,62092,0.09495182530335922,-0.046205837
15185,2024-10-31,62148,-0.019678049346436355,-0.10110357
15186,2024-10-31,62308,0.15865270919210195,-0.043952823
15187,2024-10-31,62498,0.1098650195116313,0.032651234
15188,2024-10-31,63467,0.0015412147174749258,-0.116684616
15189,2024-10-31,64186,-0.061471580973080475,-0.06379126
15190,2024-10-31,64311,0.02495256453008521,-0.10824665
15191,2024-10-31,64390,0.034679654234559765,-0.10777071
15192,2024-10-31,64653,-0.08436081492554148,-0.047857847
15193,2024-10-31,64936,-0.05557778152004056,-0.11393956
15194,2024-10-31,64995,0.0536793142532801,-0.117134474
15195,2024-10-31,65402,-0.09933577233205515,-0.0429411
15196,2024-10-31,65541,-0.07766363342752558,-0.11610058
15197,2024-10-31,65875,-0.04828380926846931,-0.105118535
15198,2024-10-31,65947,0.016889383304693473,-0.11057954
15199,2024-10-31,66093,0.06626617773813215,-0.10719701
15200,2024-10-31,66157,-0.0006326182967238969,-0.111769654
15201,2024-10-31,66181,0.05180666463175854,-0.10067019
15202,2024-10-31,66384,-0.0027555390830964477,-0.09950799
15203,2024-10-31,66800,-0.023868865082131707,-0.10433414
15204,2024-10-31,67598,-0.0671793851580601,-0.11643199
15205,2024-10-31,69032,0.19875136577507546,-0.105970226
15206,2024-10-31,69649,0.14035798569065694,-0.11199959
15207,2024-10-31,69796,-0.21851490735107293,-0.04656145
15208,2024-10-31,70519,0.2803713920392694,-0.10701919
15209,2024-10-31,70578,0.020840238544132417,-0.112260655
15210,2024-10-31,71563,0.11887314068160726,-0.102548115
15211,2024-10-31,72726,0.10354128738987112,-0.11727733
15212,2024-10-31,73139,0.10083060460362114,-0.10824665
15213,2024-10-31,75034,0.21937934766479028,-0.07260321
15214,2024-10-31,75154,0.2577287658955856,-0.040265195
15215,2024-10-31,75186,0.17181115838165306,-0.108404644
15216,2024-10-31,75510,-0.0849832917793244,-0.020631192
15217,2024-10-31,75591,0.048392893397692704,-0.115643896
15218,2024-10-31,75607,-0.07163286223284271,-0.11772453
15219,2024-10-31,75694,-0.001662556254572567,-0.09494034
15220,2024-10-31,75819,-0.07036196000129558,-0.11750483
15221,2024-10-31,75825,0.03876593096913039,-0.025178136
15222,2024-10-31,75828,-0.18427036072671132,-0.11155024
15223,2024-10-31,75912,0.043977268839331396,-0.11688593
15224,2024-10-31,76076,0.11396077431137841,-0.052360673
15225,2024-10-31,76082,0.16843057837097164,-0.04708728
15226,2024-10-31,76095,-0.10794859317117655,-0.11626193
15227,2024-10-31,76185,-0.006523280864293879,-0.1190945
15228,2024-10-31,76226,-0.0009577472767438033,-0.0394692
15229,2024-10-31,76230,0.23900999483430496,-0.11610058
15230,2024-10-31,76605,0.11339722129465346,-0.10110357
15231,2024-10-31,76614,-0.19711403063588107,-0.037929658
15232,2024-10-31,76709,0.037183503241076554,-0.03885812
15233,2024-10-31,76712,-0.3143112592139218,-0.04967589
15234,2024-10-31,76744,-0.030043414651320544,-0.100008525
15235,2024-10-31,76795,0.026100921140287836,-0.117134474
15236,2024-10-31,76841,-0.17281958162645217,0.019654622
15237,2024-10-31,77037,-0.0768973448280712,-0.05642391
15238,2024-10-31,77129,-0.04411232176740254,-0.11692602
15239,2024-10-31,77178,0.06804964583028528,-0.093942426
15240,2024-10-31,77274,0.1035266988096506,-0.10923459
15241,2024-10-31,77338,0.07223137551992398,-0.10773217
15242,2024-10-31,77357,0.023109793035751114,-0.006985271
15243,2024-10-31,77496,-0.08914705287444735,0.015764473
15244,2024-10-31,77605,0.21828151159562492,-0.107856296
15245,2024-10-31,77649,-0.002735020275054678,-0.0738471
15246,2024-10-31,77661,-0.15827642417030385,-0.031511582
15247,2024-10-31,77702,0.1089785907312888,-0.07433413
15248,2024-10-31,77730,-0.028366716461689756,-0.113696024
15249,2024-10-31,78975,-0.012757322904106583,-0.10214516
15250,2024-10-31,78987,-0.2548671988779647,-0.060306616
15251,2024-10-31,79057,-0.034215445664708466,-0.10824665
15252,2024-10-31,79094,0.32026329497306416,-0.05424267
15253,2024-10-31,79103,0.12251974778077845,-0.10886468
15254,2024-10-31,79145,0.2950346127629351,-0.043038614
15255,2024-10-31,79323,0.035724924283342174,-0.10969119
15256,2024-10-31,79452,-0.009039159841311428,-0.11651757
15257,2024-10-31,79545,-0.04840283079727692,-0.034646455
15258,2024-10-31,79547,0.013361962930134696,-0.116684616
15259,2024-10-31,79637,-0.07615820002033435,0.018261727
15260,2024-10-31,79698,0.08026088265234432,-0.11781185
15261,2024-10-31,79782,0.015000930275780089,-0.11572948
15262,2024-10-31,79785,-0.12418597827792088,-0.11603962
15263,2024-10-31,79906,0.0005398041717645796,-0.044713285
15264,2024-10-31,80080,-0.04360340086078718,-0.11705002
15265,2024-10-31,80100,0.03988083945007692,-0.11604375
15266,2024-10-31,80183,0.018416033379232255,-0.11671861
15267,2024-10-31,80191,-0.10764247233300117,0.021672068
15268,2024-10-31,80204,-0.0801812048999766,-0.11146466
15269,2024-10-31,80286,0.027628522330435112,-0.07857803
15270,2024-10-31,80320,0.12550972734456622,-0.110115446
15271,2024-10-31,80381,0.007271858902907713,-0.116684616
15272,2024-10-31,80681,0.01128822855019962,-0.11610058
15273,2024-10-31,81045,-0.06659500513357997,-0.107646585
15274,2024-10-31,81055,0.25546621349248677,-0.107432686
15275,2024-10-31,81061,0.18945280846262724,-0.078209884
15276,2024-10-31,81481,0.13474344535035532,-0.013905158
15277,2024-10-31,81540,0.11711409031816289,-0.10419578
15278,2024-10-31,81655,0.2295842357021325,-0.115643896
15279,2024-10-31,81677,0.10718969992709781,-0.11845505
15280,2024-10-31,81736,-0.023866075669075615,-0.105291195
15281,2024-10-31,81774,-0.2007015977420673,-0.050282463
15282,2024-10-31,82276,-0.007015846635448741,-0.06210974
15283,2024-10-31,82303,-0.017755443074705557,0.059162572
15284,2024-10-31,82307,0.26028147775014543,-0.001425463
15285,2024-10-31,82515,-0.044832461073777585,-0.10946707
15286,2024-10-31,82581,0.13911362642796332,-0.11323934
15287,2024-10-31,82598,0.06359144615556378,-0.10373532
15288,2024-10-31,82642,0.21605434451796768,0.09878128
15289,2024-10-31,82651,0.28587403714552173,-0.05754466
15290,2024-10-31,82775,0.014381568224826502,-0.11604375
15291,2024-10-31,83143,-0.17382268254569344,-0.08553532
15292,2024-10-31,83443,0.03936730868643745,-0.04261581
15293,2024-10-31,83597,0.04703351873381245,-0.08025835
15294,2024-10-31,83621,0.09390939469496984,-0.11622793
15295,2024-10-31,84262,-0.013662977661564102,-0.1122559
15296,2024-10-31,84373,0.058573969069122045,-0.115643896
15297,2024-10-31,84381,0.04877649196046674,-0.06634128
15298,2024-10-31,84761,0.14710113511489653,-0.118397035
15299,2024-10-31,84767,-0.11548935848590847,-0.11070967
15300,2024-10-31,84769,0.05845199480176544,-0.10944962
15301,2024-10-31,84788,0.27510512320461955,0.022041325
15302,2024-10-31,85058,-0.08013627443970395,-0.11643199
15303,2024-10-31,85072,0.2660912979507435,-0.11628101
15304,2024-10-31,85257,0.008125176651798904,-0.112108655
15305,2024-10-31,85269,0.04135372939791648,-0.026859695
15306,2024-10-31,85348,-0.00023658186344743815,-0.11653371
15307,2024-10-31,85459,-0.028769688677705574,-0.11610058
15308,2024-10-31,85592,0.06518289965414947,-0.045386914
15309,2024-10-31,85621,0.05627287380269319,-0.03921755
15310,2024-10-31,85631,0.09704423860342182,-0.109925546
15311,2024-10-31,85663,-0.06557981116427614,-0.0563275
15312,2024-10-31,85753,0.21579222280106003,-0.048591208
15313,2024-10-31,85792,0.02014556907219678,-0.11322652
15314,2024-10-31,85913,0.12004693038973091,-0.11032512
15315,2024-10-31,85914,-0.040334615395180795,-0.058350887
15316,2024-10-31,86111,-0.1261698985381341,-0.10110357
15317,2024-10-31,86136,0.0015042082800083012,-0.11488156
15318,2024-10-31,86158,0.11188052668698867,-0.11081611
15319,2024-10-31,86228,0.09847670670828323,-0.11600126
15320,2024-10-31,86288,0.05234236862984143,-0.017866319
15321,2024-10-31,86339,-0.15602511153993437,-0.063141435
15322,2024-10-31,86356,0.17836342204677003,-0.06302666
15323,2024-10-31,86580,-0.09552357123840416,0.04698
15324,2024-10-31,86783,0.014782734202326342,-0.10745143
15325,2024-10-31,86868,0.2429579906168522,-0.10864154
15326,2024-10-31,86964,0.2709878130643486,-0.10851294
15327,2024-10-31,86979,-0.09831737341839819,-0.11671861
15328,2024-10-31,86996,-0.1352002183481983,-0.115198866
15329,2024-10-31,87055,0.12239619117124567,-0.10664866
15330,2024-10-31,87137,-0.11268229385680595,-0.04587961
15331,2024-10-31,87267,0.10164959209554913,-0.10944962
15332,2024-10-31,87299,-0.011679036303155033,-0.040989276
15333,2024-10-31,87432,0.16491568006250645,-0.04396383
15334,2024-10-31,87445,0.12300959700420089,-0.11772236
15335,2024-10-31,87447,-0.13763917697059058,-0.03653021
15336,2024-10-31,87541,-0.06601970629170573,-0.118179046
15337,2024-10-31,87657,0.08118680446618609,-0.059047837
15338,2024-10-31,87717,-0.03981262329780233,-0.06007434
15339,2024-10-31,87842,0.11085574325256564,-0.10938618
15340,2024-10-31,88031,-0.07536098373116018,-0.032321207
15341,2024-10-31,88182,-0.25748447583833267,-0.0915025
15342,2024-10-31,88281,-0.07738813352633045,-0.059456248
15343,2024-10-31,88352,0.13504286642796037,-0.012777146
15344,2024-10-31,88661,0.5458355488766244,-0.028203059
15345,2024-10-31,88664,-0.04009883907950851,-0.117940836
15346,2024-10-31,88837,0.09201387582406628,-0.019361053
15347,2024-10-31,88860,0.06867608113591839,-0.051752858
15348,2024-10-31,88873,0.09051521266353135,-0.03883725
15349,2024-10-31,89003,-0.0881570317622391,-0.111943156
15350,2024-10-31,89006,-0.14652103941586647,-0.10833223
15351,2024-10-31,89017,0.09364793358281132,-0.11790684
15352,2024-10-31,89031,0.5399758169889366,-0.04672202
15353,2024-10-31,89070,0.026273907538600705,-0.06236659
15354,2024-10-31,89071,0.1210874421703847,-0.105118535
15355,2024-10-31,89138,-0.08716021910680727,0.048587065
15356,2024-10-31,89179,-0.020747481120693134,0.02422112
15357,2024-10-31,89195,0.009161751099964643,-0.11610058
15358,2024-10-31,89258,-0.003758493954757247,-0.116281725
15359,2024-10-31,89269,0.028429105315010972,0.070935704
15360,2024-10-31,89393,0.2919564612258665,0.0555889
15361,2024-10-31,89508,0.18319958353818167,-0.10209818
15362,2024-10-31,89525,-0.22279012388999153,-0.03128844
15363,2024-10-31,89533,-0.09300786231842029,-0.10394935
15364,2024-10-31,89617,0.010903499114974347,-0.109690115
15365,2024-10-31,89626,0.0808148144963976,-0.083462335
15366,2024-10-31,89641,-0.0327316273756334,-0.09873731
15367,2024-10-31,89781,-0.03365612100667825,-0.005683973
15368,2024-10-31,89866,0.024185879498344276,-0.020676026
15369,2024-10-31,90038,0.12664491723231297,-0.11610058
15370,2024-10-31,90071,0.13850841013870396,0.005703921
15371,2024-10-31,90199,0.10513717291371671,-0.110539205
15372,2024-10-31,90215,0.17413021795340677,-0.10719701
15373,2024-10-31,90248,0.08915998131765712,-0.102486216
15374,2024-10-31,90305,-0.04713245409886857,-0.07012744
15375,2024-10-31,90319,0.19369342533575296,0.050803218
15376,2024-10-31,90373,-0.07456318701378262,-0.104138084
15377,2024-10-31,90386,0.05077332095849085,-0.053224586
15378,2024-10-31,90454,-0.23555588839111674,-0.113860935
15379,2024-10-31,90455,-0.15881031390710698,0.035901256
15380,2024-10-31,90505,-0.11259151765966302,-0.0566078
15381,2024-10-31,90520,-0.43605420734865585,-0.10392364
15382,2024-10-31,90601,0.11720201543556152,-0.11591568
15383,2024-10-31,90664,0.23198048621409795,-0.059652053
15384,2024-10-31,90808,0.09365997077026478,-0.11010889
15385,2024-10-31,90829,0.12780089653961202,-0.11134994
15386,2024-10-31,90880,0.06789678860270687,-0.118319
15387,2024-10-31,90993,0.028389643736013825,-0.10777071
15388,2024-10-31,91041,0.23510246514646727,-0.116172805
15389,2024-10-31,91068,0.046265946797499735,-0.105540246
15390,2024-10-31,91103,0.35241356935628554,-0.038033992
15391,2024-10-31,91152,0.03919683429577203,-0.108672045
15392,2024-10-31,91233,0.11344849178975913,-0.09890367
15393,2024-10-31,91547,-0.22252458534395037,-0.1138631
15394,2024-10-31,91556,0.08012796316727933,-0.10110357
15395,2024-10-31,91611,-0.13862914065157073,0.024948064
15396,2024-10-31,91849,0.134005752520292,-0.116845965
15397,2024-10-31,91926,0.17563692856242596,-0.045340665
15398,2024-10-31,91937,0.04768992545081363,-0.10600688
15399,2024-10-31,92050,0.20234646086780117,-0.115455575
15400,2024-10-31,92108,0.05579757647929129,-0.10984918
15401,2024-10-31,92121,0.3601998317111681,-0.10996746
15402,2024-10-31,92157,0.008014708166334206,-0.10399527
15403,2024-10-31,92203,0.3903982283450489,-0.04560357
15404,2024-10-31,92322,0.11700189781041526,-0.03898713
15405,2024-10-31,92402,0.04758043227770026,-0.107646585
15406,2024-10-31,92602,-0.007955731156053636,-0.09895205
15407,2024-10-31,92611,0.18147862637782208,-0.100071125
15408,2024-10-31,92614,-0.09231900558117268,-0.11083703
15409,2024-10-31,92655,-0.03538561316930233,-0.06577376
15410,2024-10-31,93002,0.306658923275404,0.09905477
15411,2024-10-31,93089,0.04774152992715153,-0.11706708
15412,2024-10-31,93096,-0.10512739011752559,-0.016087424
15413,2024-10-31,93132,0.2824813952181817,-0.10163712
15414,2024-10-31,93246,-0.09797656649959519,-0.04847402
15415,2024-10-31,93429,-0.040471225236086705,-0.117813
15416,2024-10-31,93436,0.6193687895282005,0.058860112
15417,2025-01-31,10104,-0.16942214806066025,0.05558687
15418,2025-01-31,10107,-0.045802768748081424,0.03347235
15419,2025-01-31,10138,-0.23230401217561902,-0.07948548
15420,2025-01-31,10145,-0.05409990899833306,-0.07722451
15421,2025-01-31,10516,-0.05757254747264384,-0.078716
15422,2025-01-31,10696,-0.14566840745868426,-0.07722451
15423,2025-01-31,11308,0.15131286404416056,-0.06846813
15424,2025-01-31,11403,0.0004049363816083229,-0.048299905
15425,2025-01-31,11404,0.21353101917944817,-0.07929585
15426,2025-01-31,11533,0.061981322534508054,-0.07814229
15427,2025-01-31,11618,0.11157000917797744,-0.08035723
15428,2025-01-31,11674,0.15199581113254546,-0.075810984
15429,2025-01-31,11762,-0.09486291141616288,-0.03501224
15430,2025-01-31,11850,-0.0021139507944759606,0.03796539
15431,2025-01-31,11891,-0.08759047316189772,-0.05775241
15432,2025-01-31,11955,0.06336817940704731,-0.077516414
15433,2025-01-31,12052,0.06466076576004576,-0.07648832
15434,2025-01-31,12060,-0.008118293882224403,-0.05482167
15435,2025-01-31,12062,-0.032382278349961324,-0.07965607
15436,2025-01-31,12084,-0.11191050566092509,-0.075862445
15437,2025-01-31,12308,0.13421423701883506,-0.07521665
15438,2025-01-31,12345,-0.2175835660545139,-0.07249796
15439,2025-01-31,12369,-0.08301284736363945,-0.047103375
15440,2025-01-31,12431,0.059561785203990913,-0.07814229
15441,2025-01-31,12449,-0.14486411372194885,-0.0796202
15442,2025-01-31,12476,-0.12652176151470074,0.019335246
15443,2025-01-31,12490,-0.04794545264896288,-0.037953988
15444,2025-01-31,12558,-0.022209985253094255,-0.05190669
15445,2025-01-31,12622,0.048275596761544914,-0.075862445
15446,2025-01-31,12623,0.1766771622259511,0.074215576
15447,2025-01-31,12872,-0.05148262227600642,-0.069526516
15448,2025-01-31,13035,-0.02499772165689529,-0.07841207
15449,2025-01-31,13103,-0.08586890222248256,-0.069765545
15450,2025-01-31,13210,-0.3821472208465303,-0.05163341
15451,2025-01-31,13323,-0.2840354611093826,0.055369128
15452,2025-01-31,13356,-0.10917211676547744,-0.07090142
15453,2025-01-31,13407,-0.20271273415676383,0.027554678
15454,2025-01-31,13447,-0.06222614091651535,-0.03419164
15455,2025-01-31,13511,0.013609695699501767,-0.051386435
15456,2025-01-31,13586,-0.12218322391977432,-0.06510512
15457,2025-01-31,13641,-0.19108373488682417,-0.08050869
15458,2025-01-31,13688,0.05712500969380896,-0.053284697
15459,2025-01-31,13721,0.07074383275647511,-0.05358776
15460,2025-01-31,13760,-0.4345688883123112,-0.0719561
15461,2025-01-31,13788,-0.08172597654365343,-0.069526516
15462,2025-01-31,13856,-0.09237929802902578,-0.06556508
15463,2025-01-31,13901,0.1528598220265358,-0.077516414
15464,2025-01-31,13911,-0.22988612336645586,-0.07929585
15465,2025-01-31,13928,-0.09094148477545638,-0.07062346
15466,2025-01-31,13949,-0.19097051820643274,-0.0667455
15467,2025-01-31,13963,-0.03195979966411122,-0.063755
15468,2025-01-31,13964,-0.004031533059812187,0.06085618
15469,2025-01-31,14008,0.02759862711859329,-0.069526516
15470,2025-01-31,14277,-0.16876859914849363,-0.06597128
15471,2025-01-31,14297,0.05296541166637869,-0.06399257
15472,2025-01-31,14338,-0.11895388906074622,-0.08021678
15473,2025-01-31,14541,-0.0779670100546076,-0.050841633
15474,2025-01-31,14542,-0.21652960643321495,0.029232325
15475,2025-01-31,14579,0.0926113605047949,-0.06595228
15476,2025-01-31,14593,-0.09858559408672185,0.04644549
15477,2025-01-31,14702,-0.1624470517518104,-0.03749028
15478,2025-01-31,14714,-0.28603841859976964,-0.041788477
15479,2025-01-31,14776,-0.24409428274737766,-0.07978013
15480,2025-01-31,14882,-0.24937496165098194,0.0547859
15481,2025-01-31,14889,-0.2156795978997127,-0.080765285
15482,2025-01-31,14939,-0.18474954478344496,-0.07543292
15483,2025-01-31,15202,-0.04099842819093935,-0.080226354
15484,2025-01-31,15408,-0.012677539296316098,-0.07358579
15485,2025-01-31,15488,-0.2567169700623211,-0.07722451
15486,2025-01-31,15579,-0.12567206428498856,-0.037709165
15487,2025-01-31,15707,-0.2283434046023307,-0.053463146
15488,2025-01-31,15720,0.0062153989258530995,-0.036334533
15489,2025-01-31,15850,-0.16395682654650112,0.051246036
15490,2025-01-31,16087,-0.14225829516695765,-0.077129014
15491,2025-01-31,16431,-0.11895503974962363,0.024964185
15492,2025-01-31,16581,0.10691069980189205,-0.065464914
15493,2025-01-31,16600,0.12992438010298835,-0.07707407
15494,2025-01-31,16678,0.1772357054377458,-0.08065792
15495,2025-01-31,16692,-0.1956503592740103,-0.08144859
15496,2025-01-31,16851,-0.13628630438540268,-0.080226354
15497,2025-01-31,17005,0.19312630390514451,-0.0650868
15498,2025-01-31,17144,-0.046636461152989805,-0.07992173
15499,2025-01-31,17307,0.09011185879416894,-0.07929585
15500,2025-01-31,17478,-0.03922706311429036,-0.07722451
15501,2025-01-31,17700,-0.1819315781351285,-0.06740343
15502,2025-01-31,17743,0.2201298885886569,-0.07471963
15503,2025-01-31,17750,0.02274879565759158,-0.08094983
15504,2025-01-31,17830,-0.016868495416871854,-0.07722451
15505,2025-01-31,17942,0.08491417098422138,-0.07929585
15506,2025-01-31,18143,0.019296933587077403,-0.06556508
15507,2025-01-31,18163,-0.014356554224190354,-0.03956292
15508,2025-01-31,18312,-0.2760028070573416,-0.0023645996
15509,2025-01-31,18411,0.1037537004774669,-0.077516414
15510,2025-01-31,18420,-0.02249388221673021,-0.08203274
15511,2025-01-31,18421,-0.04367610421704704,-0.069102205
15512,2025-01-31,18428,-0.20225970029559837,-0.06766328
15513,2025-01-31,18542,-0.16325123026688526,-0.07498938
15514,2025-01-31,18576,0.2118123342244531,-0.043909855
15515,2025-01-31,18592,-0.047577277389343475,-0.081418
15516,2025-01-31,18724,-0.041538789171617574,-0.08065452
15517,2025-01-31,18729,0.06911634825871982,-0.077549696
15518,2025-01-31,19285,-0.0434402049097794,-0.081134565
15519,2025-01-31,19286,0.012979001995450545,-0.08035723
15520,2025-01-31,19350,-0.023919387928744373,-0.073944665
15521,2025-01-31,19393,-0.1388852427141447,-0.07722451
15522,2025-01-31,19502,0.06711909183870635,0.044852976
15523,2025-01-31,19561,0.03806707619970395,-0.0314169
15524,2025-01-31,19583,-0.2675851846695425,0.029285971
15525,2025-01-31,20057,-0.24411875918405146,-0.06846202
15526,2025-01-31,20190,-0.07051868431185904,-0.07062346
15527,2025-01-31,20482,0.026815562745378108,-0.0730435
15528,2025-01-31,21178,0.03950347241988794,-0.060336668
15529,2025-01-31,21207,0.2403988850655241,-0.08050869
15530,2025-01-31,21371,0.14677800655540651,-0.078101896
15531,2025-01-31,21573,-0.17199017100528335,-0.07045828
15532,2025-01-31,21776,0.18331791689470545,-0.08094983
15533,2025-01-31,21792,0.1984308637630634,-0.08180881
15534,2025-01-31,21936,-0.0795578890723746,-0.06556508
15535,2025-01-31,22103,-0.18769049390556325,-0.0785363
15536,2025-01-31,22111,0.03556077975119387,-0.04485569
15537,2025-01-31,22293,-0.14309025330981218,-0.052327476
15538,2025-01-31,22509,-0.050919451218164546,-0.073889725
15539,2025-01-31,22517,0.09494100680530049,-0.08210072
15540,2025-01-31,22592,-0.08283771701055942,-0.07554404
15541,2025-01-31,22623,-0.253791269005912,-0.031624213
15542,2025-01-31,22752,-0.13045686671173384,-0.04521269
15543,2025-01-31,22779,-0.05905378548423623,-0.08050869
15544,2025-01-31,22976,-0.16954258823578439,-0.07796059
15545,2025-01-31,23026,0.08878591920954926,-0.08210072
15546,2025-01-31,23229,0.12470695117753383,-0.08086874
15547,2025-01-31,23393,-0.055924658248113546,-0.079147026
15548,2025-01-31,23473,0.021829429283859225,-0.06619704
15549,2025-01-31,23536,0.11292882587084763,-0.08144859
15550,2025-01-31,23570,-0.20310357060624917,-0.08035723
15551,2025-01-31,23579,-0.0799985083043544,-0.055089623
15552,2025-01-31,23660,0.057409392392470115,-0.08050869
15553,2025-01-31,23712,-0.03554084495315024,-0.08144859
15554,2025-01-31,23819,-0.2329247721738158,-0.06722214
15555,2025-01-31,23876,0.11934559711369364,-0.08035723
15556,2025-01-31,23931,0.0606812135285717,-0.08094983
15557,2025-01-31,24010,0.03330081724909939,-0.08021678
15558,2025-01-31,24053,0.08787685842551696,-0.066751726
15559,2025-01-31,24109,0.11162724635447696,-0.08050869
15560,2025-01-31,24174,-0.07139355643859024,-0.08210072
15561,2025-01-31,24205,-0.05785530594662547,-0.07578454
15562,2025-01-31,24328,-0.030031601413995412,-0.041853122
15563,2025-01-31,24643,0.09565992123794209,-0.017737066
15564,2025-01-31,24766,0.002763565565932158,-0.07692382
15565,2025-01-31,24985,0.06114403112503175,-0.06481321
15566,2025-01-31,25232,-0.14555086077685753,-0.07814229
15567,2025-01-31,25320,-0.050370525880060524,-0.06740343
15568,2025-01-31,25582,0.04349391976734096,-0.07929585
15569,2025-01-31,25785,0.025121944368715177,-0.069526516
15570,2025-01-31,25953,-0.1599986674793754,-0.08172193
15571,2025-01-31,26403,-0.19555744509856776,-0.07554404
15572,2025-01-31,26710,0.01690234732001472,-0.06152458
15573,2025-01-31,26825,0.019712799561599992,-0.081752524
15574,2025-01-31,27828,-0.20523412147267062,-0.08144859
15575,2025-01-31,27887,-0.037971474593825216,-0.055121105
15576,2025-01-31,27959,0.0997640875190835,-0.08050869
15577,2025-01-31,27991,0.10580643779087695,-0.06508392
15578,2025-01-31,28222,-0.18646887246244215,-0.07722451
15579,2025-01-31,28484,-0.06869789728367592,-0.07929585
15580,2025-01-31,29946,0.06191173622963464,-0.060857244
15581,2025-01-31,30681,-0.11503449148081946,-0.0798611
15582,2025-01-31,32870,0.006798393138016667,-0.064050004
15583,2025-01-31,32942,-0.1383892495975726,-0.05898749
15584,2025-01-31,32986,0.13366691461718094,-0.06510512
15585,2025-01-31,34032,-0.2323273365957651,-0.064013764
15586,2025-01-31,34746,-0.18124175143109378,-0.081752524
15587,2025-01-31,34817,-0.06629751784893612,-0.069214344
15588,2025-01-31,34833,-0.15091726254990856,-0.070152394
15589,2025-01-31,35044,-0.16272081079063527,-0.081752524
15590,2025-01-31,35554,-0.15039932986233784,-0.08094983
15591,2025-01-31,36003,0.15785014000146536,-0.06205406
15592,2025-01-31,36468,-0.012448998619132512,-0.077516414
15593,2025-01-31,37584,-0.1424543650134641,-0.038061243
15594,2025-01-31,38093,0.06465122189143813,-0.07722451
15595,2025-01-31,38156,0.06587373846204314,-0.054721642
15596,2025-01-31,38703,-0.09439096161989335,-0.05408279
15597,2025-01-31,38762,0.06389879871422299,-0.08057684
15598,2025-01-31,39490,-0.2802128616730859,0.053483576
15599,2025-01-31,39642,-0.1597853032125902,-0.07557054
15600,2025-01-31,39917,-0.14802461666324118,-0.05315111
15601,2025-01-31,40272,-0.09446606728188489,-0.064013764
15602,2025-01-31,40539,0.03424206683668385,-0.07722451
15603,2025-01-31,41080,-0.1710938160666522,-0.08065792
15604,2025-01-31,41355,-0.14220688755191868,-0.07722451
15605,2025-01-31,42200,-0.25869165052944676,-0.06213687
15606,2025-01-31,42585,0.09926617952024408,-0.05708557
15607,2025-01-31,42877,-0.23533600240032826,-0.073098816
15608,2025-01-31,42906,-0.14635935542985135,-0.08052071
15609,2025-01-31,43350,-0.3116380290506058,-0.07246077
15610,2025-01-31,43449,0.11364716985067114,-0.07333541
15611,2025-01-31,44206,0.044196734493154644,-0.080530286
15612,2025-01-31,44601,-0.07428265163213688,-0.08065452
15613,2025-01-31,44644,-0.0027195133216809664,-0.077516414
15614,2025-01-31,45356,0.08035131878216784,-0.08050869
15615,2025-01-31,45751,0.043077860051981665,-0.077516414
15616,2025-01-31,45911,-0.2681806439847648,-0.07520235
15617,2025-01-31,46578,-0.09536434848467235,-0.080530286
15618,2025-01-31,46674,0.019370273154148965,-0.07352516
15619,2025-01-31,46703,-0.14310191899835956,-0.06740343
15620,2025-01-31,46886,-0.045960674306482874,-0.060444314
15621,2025-01-31,47896,-0.07875822323309711,0.023322774
15622,2025-01-31,48486,-0.11316119094075194,-0.034334544
15623,2025-01-31,48506,-0.09104347692489345,-0.08065792
15624,2025-01-31,48653,-0.10269422286372398,-0.06534805
15625,2025-01-31,48725,-0.12493525943813688,-0.07557054
15626,2025-01-31,49154,-0.2926597883640154,-0.075862445
15627,2025-01-31,49656,-0.05829826562517204,-0.07926014
15628,2025-01-31,49680,-0.10370689116178267,-0.05433719
15629,2025-01-31,50876,0.11030580075829488,0.046496876
15630,2025-01-31,51369,-0.3584189035201404,-0.041130096
15631,2025-01-31,52038,-0.0138579318874128,-0.07992173
15632,2025-01-31,52090,-0.0013404134756493935,-0.08086874
15633,2025-01-31,52329,-0.11434317630031066,-0.06314541
15634,2025-01-31,52476,-0.05176858434087439,-0.07929585
15635,2025-01-31,52695,-0.034196532447134054,-0.08050869
15636,2025-01-31,52708,-0.16858436854076642,-0.071685396
15637,2025-01-31,52978,0.08195492463782594,0.039001994
15638,2025-01-31,53065,-0.112898806084885,-0.055089623
15639,2025-01-31,53613,-0.15550210383161622,-0.029965606
15640,2025-01-31,54148,-0.0965193144926535,-0.07959978
15641,2025-01-31,55976,-0.006562590441613891,0.048180398
15642,2025-01-31,56274,-0.03170578570503624,-0.081280395
15643,2025-01-31,56573,-0.06868224527511946,-0.07929585
15644,2025-01-31,57568,-0.06392807389851218,-0.07365826
15645,2025-01-31,57665,-0.2628382736977255,-0.054948606
15646,2025-01-31,57809,-0.13591134611381694,-0.055480067
15647,2025-01-31,57904,0.017721110932339856,-0.080226354
15648,2025-01-31,58246,-0.15664923080000204,-0.06481321
15649,2025-01-31,58413,-0.12467755584873641,-0.066922106
15650,2025-01-31,58683,-0.08410363636791984,-0.07975094
15651,2025-01-31,58819,0.04530314989351991,-0.06508392
15652,2025-01-31,59176,-0.15783666913493477,-0.073017
15653,2025-01-31,59248,0.058805157749694636,-0.06544372
15654,2025-01-31,59300,0.014301222403660718,-0.067079864
15655,2025-01-31,59328,0.03449050585173086,-0.019568516
15656,2025-01-31,59408,-0.13325104382105546,-0.044697147
15657,2025-01-31,59459,0.08170144301149418,-0.08050869
15658,2025-01-31,60097,-0.05926867535333569,-0.075862445
15659,2025-01-31,60206,-0.11077119586046524,-0.070711926
15660,2025-01-31,60442,-0.1919040402348534,-0.07722451
15661,2025-01-31,60506,-0.18381291587416515,-0.080065325
15662,2025-01-31,60628,-0.20146578746435773,-0.07814229
15663,2025-01-31,60871,-0.07606106922400035,-0.077516414
15664,2025-01-31,61241,-0.16041288248716323,0.01932275
15665,2025-01-31,61399,-0.1357439856163063,-0.077516414
15666,2025-01-31,61621,0.0029276031533578273,-0.08065792
15667,2025-01-31,61735,-0.04150498768584887,-0.077516414
15668,2025-01-31,62092,-0.28171503764717576,-0.05536475
15669,2025-01-31,62148,-0.14256125087326577,-0.071685396
15670,2025-01-31,62308,0.012379626196610483,-0.055371728
15671,2025-01-31,62498,-0.3803607372933969,-0.068998374
15672,2025-01-31,63467,0.05823805772939483,-0.080226354
15673,2025-01-31,64186,0.16140859485630954,-0.075862445
15674,2025-01-31,64311,-0.11764436090471941,-0.07885471
15675,2025-01-31,64390,0.14364220263354532,-0.077516414
15676,2025-01-31,64653,0.016844931150636455,-0.08035723
15677,2025-01-31,64936,-0.01022886444101212,-0.08094983
15678,2025-01-31,64995,-0.16421696918662565,-0.08125376
15679,2025-01-31,65402,0.013370076571718181,0.055829853
15680,2025-01-31,65541,-0.15411528901811433,-0.07365826
15681,2025-01-31,65875,0.13621381608124294,-0.06244953
15682,2025-01-31,65947,0.12298154133577643,-0.08050869
15683,2025-01-31,66093,0.17956901642452316,-0.07107581
15684,2025-01-31,66157,-0.14571281939027014,-0.077516414
15685,2025-01-31,66181,-0.11918585704257978,-0.037271515
15686,2025-01-31,66384,-0.10402782470885419,-0.058122557
15687,2025-01-31,66800,0.11198397669673832,-0.08035723
15688,2025-01-31,67598,-0.11829735278121445,-0.06508392
15689,2025-01-31,69032,-0.15953739658589094,-0.06818743
15690,2025-01-31,69649,-0.18366408948000246,-0.08020004
15691,2025-01-31,69796,0.04919116440280136,-0.044172846
15692,2025-01-31,70519,-0.15435481134154871,-0.05408279
15693,2025-01-31,70578,0.007524099069358359,-0.08094983
15694,2025-01-31,71563,-0.18593423442768542,-0.08021678
15695,2025-01-31,72726,-0.12562818502819417,-0.081156686
15696,2025-01-31,73139,-0.04223687461121972,-0.07663191
15697,2025-01-31,75034,-0.22968915811115675,-0.0785363
15698,2025-01-31,75154,-0.33718811847290575,-0.05972144
15699,2025-01-31,75186,-0.012645959065013979,-0.07554404
15700,2025-01-31,75510,-0.14280908401089065,-0.052558452
15701,2025-01-31,75591,-0.2244208826868752,-0.06150926
15702,2025-01-31,75607,-0.03431351271006189,-0.063771285
15703,2025-01-31,75694,-0.31459937955786743,-0.062118832
15704,2025-01-31,75819,0.16797885157023829,-0.08086874
15705,2025-01-31,75825,-0.11499942635398752,-0.077283464
15706,2025-01-31,75828,0.18216481812960694,-0.05298444
15707,2025-01-31,75912,-0.199039558998641,-0.078716
15708,2025-01-31,76076,-0.040546465915051955,-0.051687125
15709,2025-01-31,76082,-0.10670253253016271,-0.0779433
15710,2025-01-31,76095,-0.19323318361928432,-0.078377545
15711,2025-01-31,76185,-0.09696944197169144,-0.08210072
15712,2025-01-31,76226,0.08366360849542831,0.049681384
15713,2025-01-31,76230,-0.17102197315689072,-0.06835044
15714,2025-01-31,76605,0.12309424938807223,-0.08021678
15715,2025-01-31,76614,-0.10916230677590522,-0.06064702
15716,2025-01-31,76709,0.025117577953413406,-0.06742626
15717,2025-01-31,76712,-0.09091190838154029,0.07614001
15718,2025-01-31,76744,0.10358007773594413,-0.0747134
15719,2025-01-31,76795,-0.3613291694497852,-0.08206661
15720,2025-01-31,76841,-0.15875922511181573,-0.07084661
15721,2025-01-31,77037,-0.17287244313218786,-0.07405685
15722,2025-01-31,77129,-0.09964147189696326,-0.069039576
15723,2025-01-31,77178,-0.13682659437130995,-0.05590956
15724,2025-01-31,77274,0.10386152756955447,-0.07722451
15725,2025-01-31,77338,-0.025567429484762094,-0.0785628
15726,2025-01-31,77357,-0.1264955373010903,-0.05972348
15727,2025-01-31,77496,-0.13042025144082592,0.023716066
15728,2025-01-31,77605,0.004979697584768239,-0.07554404
15729,2025-01-31,77649,0.021167186589686082,-0.06346896
15730,2025-01-31,77661,-0.10689377535101519,-0.075862445
15731,2025-01-31,77702,-0.25256440420468795,-0.06821394
15732,2025-01-31,77730,0.09292241611939267,-0.08163524
15733,2025-01-31,78975,0.045037778234793935,-0.06619096
15734,2025-01-31,78987,-0.1450331268865166,-0.04432462
15735,2025-01-31,79057,0.05548364093838187,-0.07814229
15736,2025-01-31,79094,-0.09716799846599411,-0.06439583
15737,2025-01-31,79103,0.09330628128298746,-0.07722451
15738,2025-01-31,79145,-0.1910642617030931,-0.037937123
15739,2025-01-31,79323,0.03669975277135906,-0.08050869
15740,2025-01-31,79452,0.0093835316344959,-0.06676549
15741,2025-01-31,79547,0.004385167445239535,-0.06510512
15742,2025-01-31,79637,-0.05987217521884036,-0.06508392
15743,2025-01-31,79698,-0.22428622227227735,-0.080065325
15744,2025-01-31,79782,0.014568618604884787,-0.06575094
15745,2025-01-31,79785,-0.1110797473206303,-0.0823784
15746,2025-01-31,79906,-0.15507141859038187,-0.06704363
15747,2025-01-31,80080,-0.22025506189669541,-0.06704363
15748,2025-01-31,80100,-0.08328633612509861,-0.08144859
15749,2025-01-31,80183,0.0565739629863955,-0.06510512
15750,2025-01-31,80191,-0.300805028088856,-0.041308776
15751,2025-01-31,80204,-0.03539426860908235,-0.079557166
15752,2025-01-31,80286,-0.06491454437022304,-0.08125376
15753,2025-01-31,80320,0.053513789862106975,-0.081156686
15754,2025-01-31,80381,-0.04432901105920517,-0.0706999
15755,2025-01-31,80681,-0.010820152659993476,-0.06510512
15756,2025-01-31,81045,0.07404158909803726,-0.07929585
15757,2025-01-31,81055,-0.11249323674378675,-0.07554404
15758,2025-01-31,81061,0.1997919000008097,-0.07554404
15759,2025-01-31,81481,0.11479381428868463,-0.074175395
15760,2025-01-31,81540,0.15390225292924464,-0.079003945
15761,2025-01-31,81655,0.0351471773408949,-0.07978013
15762,2025-01-31,81677,-0.11028376241880988,-0.07993445
15763,2025-01-31,81736,0.003950757820311512,-0.07405467
15764,2025-01-31,81774,0.009536779874728563,-0.07648832
15765,2025-01-31,82276,-0.02567688573343274,-0.08170991
15766,2025-01-31,82303,0.03823479328139823,-0.081280395
15767,2025-01-31,82307,-0.19665463435150687,-0.06923327
15768,2025-01-31,82515,-0.1454054081958026,-0.06425842
15769,2025-01-31,82581,-0.18787555996202654,-0.06300987
15770,2025-01-31,82598,-0.2599267938244674,-0.08057684
15771,2025-01-31,82642,-0.2778170570003682,-0.071073875
15772,2025-01-31,82651,-0.16306558646195968,-0.0785579
15773,2025-01-31,82775,0.10445927314172598,-0.08170991
15774,2025-01-31,83143,-0.10938551097521343,-0.0719441
15775,2025-01-31,83443,0.1377950182350558,0.03951829
15776,2025-01-31,83597,-0.08687672454335238,-0.078716
15777,2025-01-31,83621,-0.08165959845387949,-0.078120165
15778,2025-01-31,84262,0.01582208100644067,-0.07959978
15779,2025-01-31,84373,0.09802255809634453,-0.08023838
15780,2025-01-31,84381,-0.10657262495024333,-0.082335785
15781,2025-01-31,84761,0.25772285857663246,-0.07970128
15782,2025-01-31,84767,-0.24297205390487675,-0.06929028
15783,2025-01-31,84769,0.08997957588932759,-0.048887856
15784,2025-01-31,84788,-0.2240842310094323,0.041155793
15785,2025-01-31,85058,-0.11594751006067427,-0.06484273
15786,2025-01-31,85072,-0.09567071343047573,-0.08169428
15787,2025-01-31,85257,-0.07955196701565637,-0.08144859
15788,2025-01-31,85269,-0.12714237702966913,-0.069526516
15789,2025-01-31,85348,0.15830071894766484,-0.08046654
15790,2025-01-31,85459,-0.09779739342441418,-0.069039576
15791,2025-01-31,85592,-0.13527529001195338,-0.06923461
15792,2025-01-31,85621,-0.21537857487107048,-0.078424096
15793,2025-01-31,85631,-0.11912781651026794,-0.07722451
15794,2025-01-31,85663,-0.16498874106820816,-0.077516414
15795,2025-01-31,85753,0.3121813031257725,-0.07573685
15796,2025-01-31,85792,-0.04812562707288359,-0.05571062
15797,2025-01-31,85913,-0.17711634603982773,-0.07722451
15798,2025-01-31,85914,-0.21338028640256923,-0.081752524
15799,2025-01-31,86111,0.2284753817360603,-0.075862445
15800,2025-01-31,86136,-0.09617100853592797,-0.06801462
15801,2025-01-31,86158,-0.10631925129937181,-0.079003945
15802,2025-01-31,86228,0.15896075937511744,-0.081156686
15803,2025-01-31,86288,-0.03172322694277063,-0.0686479
15804,2025-01-31,86339,0.2025467697829575,-0.07358579
15805,2025-01-31,86356,0.014563587350477247,-0.05393756
15806,2025-01-31,86580,-0.09278944538113898,0.03517561
15807,2025-01-31,86783,0.07856647937096106,-0.052556846
15808,2025-01-31,86868,-0.14086671885925883,-0.047193337
15809,2025-01-31,86964,-0.10939877735313897,-0.059822273
15810,2025-01-31,86979,0.04824536459475781,-0.08242549
15811,2025-01-31,86996,0.23840592709073172,-0.07819283
15812,2025-01-31,87055,0.01604560457416615,0.036934614
15813,2025-01-31,87137,-0.10201808935388545,-0.06926749
15814,2025-01-31,87267,-0.14524520636347849,-0.07722451
15815,2025-01-31,87299,-0.19339292550752962,-0.057059627
15816,2025-01-31,87432,-0.28831918155514025,-0.07704053
15817,2025-01-31,87445,-0.08859260566591176,-0.070711926
15818,2025-01-31,87447,-0.15386166574099203,-0.050308745
15819,2025-01-31,87541,-0.12166121550145559,-0.08058713
15820,2025-01-31,87657,0.04196202052481901,-0.07918868
15821,2025-01-31,87717,-0.032308525484386674,-0.05315111
15822,2025-01-31,87842,-0.12316407333424073,-0.08065792
15823,2025-01-31,88031,0.234243603859128,-0.07948059
15824,2025-01-31,88182,-0.24149551801079794,-0.034950376
15825,2025-01-31,88281,-0.2800438589519907,0.03266851
15826,2025-01-31,88352,-0.0980634541384725,-0.06251131
15827,2025-01-31,88661,-0.02703293407753382,-0.06998498
15828,2025-01-31,88664,-0.0006420350765310445,-0.065048255
15829,2025-01-31,88837,-0.13122260445017364,-0.07485985
15830,2025-01-31,88860,-0.2090717994705752,-0.0548292
15831,2025-01-31,88873,-0.3219999505650172,-0.068659924
15832,2025-01-31,89003,-0.0261072648966314,-0.08170991
15833,2025-01-31,89006,0.18299385101728216,-0.06853503
15834,2025-01-31,89017,-0.06349914857874694,-0.080272906
15835,2025-01-31,89031,-0.059615718111534655,0.033825137
15836,2025-01-31,89070,-0.05673794727164938,-0.07352516
15837,2025-01-31,89071,-0.21885683910513154,-0.06821394
15838,2025-01-31,89138,0.044085008921310065,-0.05770457
15839,2025-01-31,89179,0.06731120798639934,-0.06002114
15840,2025-01-31,89195,-0.09244140969497672,-0.06346896
15841,2025-01-31,89258,-0.13920022071409444,-0.08170991
15842,2025-01-31,89269,-0.06528509353482603,-0.06742626
15843,2025-01-31,89393,0.15864829979308137,0.005634157
15844,2025-01-31,89508,-0.2448656474685741,-0.08206684
15845,2025-01-31,89525,0.025201637190707338,-0.035008296
15846,2025-01-31,89533,-0.0727392209429012,-0.07940538
15847,2025-01-31,89617,-0.05305577291533692,-0.07814229
15848,2025-01-31,89626,0.17723704943169394,-0.07722451
15849,2025-01-31,89641,-0.047667948636962776,-0.060224902
15850,2025-01-31,89781,0.053478563903882614,-0.06767293
15851,2025-01-31,89866,0.02935680064134516,-0.053477414
15852,2025-01-31,90038,-0.10095417732546397,-0.064792015
15853,2025-01-31,90071,0.07428198556108057,-0.035097394
15854,2025-01-31,90199,-0.1558659845210567,-0.08065792
15855,2025-01-31,90215,-0.21232632873303026,-0.043016676
15856,2025-01-31,90248,0.09631108435881708,-0.08124639
15857,2025-01-31,90305,-0.037943347725123644,-0.08035723
15858,2025-01-31,90319,-0.2207064974283619,0.060555443
15859,2025-01-31,90373,-0.01221540539821131,-0.055055324
15860,2025-01-31,90386,0.09969536328475481,0.060325548
15861,2025-01-31,90454,0.008335363643985128,0.046708554
15862,2025-01-31,90455,-0.06695489748127481,-0.047445957
15863,2025-01-31,90505,-0.19507122857637726,-0.046647698
15864,2025-01-31,90601,-0.0714166005496405,-0.081156686
15865,2025-01-31,90664,-0.17793401779129203,-0.06768309
15866,2025-01-31,90720,-0.2848510966123361,-0.060867954
15867,2025-01-31,90808,-0.08001287481135255,-0.079459034
15868,2025-01-31,90829,-0.14494235954855395,-0.06054611
15869,2025-01-31,90880,-0.13071237759656196,-0.08065792
15870,2025-01-31,90993,0.053848261960189436,-0.077516414
15871,2025-01-31,91041,-0.08453222423163631,-0.0794762
15872,2025-01-31,91068,-0.13419160876941083,-0.07814229
15873,2025-01-31,91103,-0.34977464378188394,0.07328615
15874,2025-01-31,91152,0.04413868823109035,-0.08094983
15875,2025-01-31,91233,-0.01181292445793869,0.039733194
15876,2025-01-31,91547,0.039341604308310574,-0.06568809
15877,2025-01-31,91556,-0.07375861864529387,-0.07962418
15878,2025-01-31,91611,-0.24892681856388377,-0.039741304
15879,2025-01-31,91849,0.021517184272450862,-0.06481321
15880,2025-01-31,91926,-0.37959719940495296,-0.06464191
15881,2025-01-31,91937,0.06346312686814115,-0.07498938
15882,2025-01-31,92050,-0.09371896283273717,-0.07889636
15883,2025-01-31,92108,-0.244764611197003,-0.07722451
15884,2025-01-31,92121,-0.08842070406774227,-0.072485015
15885,2025-01-31,92157,-0.006580087719297634,-0.07929585
15886,2025-01-31,92203,-0.34628382570469063,-0.05994856
15887,2025-01-31,92322,-0.04005459837107028,-0.07315668
15888,2025-01-31,92402,-0.08369261874928124,-0.07929585
15889,2025-01-31,92602,0.3277775240131653,-0.077516414
15890,2025-01-31,92611,0.01252517221534366,0.040211678
15891,2025-01-31,92614,0.1868454254290164,-0.078716
15892,2025-01-31,92655,-0.23825585157159113,0.042645086
15893,2025-01-31,93002,-0.1274650093720454,0.08559445
15894,2025-01-31,93089,0.03288466424008929,-0.08144859
15895,2025-01-31,93096,0.3273240232585073,-0.07367214
15896,2025-01-31,93132,0.02854977943937942,-0.07554404
15897,2025-01-31,93246,-0.23404593538704277,0.031854853
15898,2025-01-31,93429,0.0887462528321965,-0.07977739
15899,2025-01-31,93436,-0.3026199289331801,0.102352336
15900,2025-04-30,10104,0.8072025391831985,-0.0645251
15901,2025-04-30,10107,0.3522187292019532,0.06561416
15902,2025-04-30,10138,0.1615729332466984,-0.08914663
15903,2025-04-30,10145,0.0616496184848796,-0.09341688
15904,2025-04-30,10516,0.1466412725410864,-0.087209046
15905,2025-04-30,10696,-0.2472202991554583,0.006677649
15906,2025-04-30,11308,-0.05751155105291228,-0.077601105
15907,2025-04-30,11403,0.2244610530233766,-0.061341006
15908,2025-04-30,11404,-0.07417732133810884,-0.09712392
15909,2025-04-30,11533,-0.2779160895416515,-0.05868494
15910,2025-04-30,11618,0.14481394723451668,-0.0962034
15911,2025-04-30,11674,0.01856050771002149,-0.09573225
15912,2025-04-30,11762,0.3114813468352904,-0.087920286
15913,2025-04-30,11850,0.06653289886482772,-0.029167518
15914,2025-04-30,11891,0.15861588223560696,-0.01757095
15915,2025-04-30,11955,-0.014567997785433828,-0.09341688
15916,2025-04-30,12052,0.1509465423112084,-0.09341688
15917,2025-04-30,12060,0.34699050462414993,-0.08084942
15918,2025-04-30,12062,0.08227209095687638,-0.09714617
15919,2025-04-30,12084,0.16528091369336417,0.020200219
15920,2025-04-30,12308,-0.31261275692622326,-0.0879663
15921,2025-04-30,12345,0.020235556221854134,0.020304756
15922,2025-04-30,12369,0.18276651577499292,-0.09341688
15923,2025-04-30,12431,0.14539349097128773,-0.09277167
15924,2025-04-30,12449,-0.007126475763123641,-0.020402083
15925,2025-04-30,12476,-0.020420285094760904,0.036564272
15926,2025-04-30,12490,0.053910020736356756,-0.07297354
15927,2025-04-30,12558,0.07804202372865232,-0.053791616
15928,2025-04-30,12622,0.027823841957086204,-0.09341688
15929,2025-04-30,12623,0.2179717454210932,-0.04543595
15930,2025-04-30,12872,0.2457555838266745,-0.05360209
15931,2025-04-30,13035,0.20328906992323548,-0.096675016
15932,2025-04-30,13103,0.20294076193991817,-0.05361676
15933,2025-04-30,13210,0.005097910409763484,-0.021958161
15934,2025-04-30,13323,-0.2742751016183823,0.048597638
15935,2025-04-30,13356,0.19924510719183663,-0.03440961
15936,2025-04-30,13407,0.40987602832535264,0.032951657
15937,2025-04-30,13447,-0.01244883013860476,-0.010749348
15938,2025-04-30,13511,-0.07131072019261997,-0.09126492
15939,2025-04-30,13586,0.12907503551184463,-0.091932446
15940,2025-04-30,13641,0.1340563211225052,0.00965801
15941,2025-04-30,13688,-0.14981265002496802,-0.096675016
15942,2025-04-30,13721,-0.022637592711837073,-0.04960895
15943,2025-04-30,13760,0.5945081603137701,0.03141102
15944,2025-04-30,13788,-0.06470178598870935,-0.09341688
15945,2025-04-30,13856,0.028386301569205852,-0.08782898
15946,2025-04-30,13901,0.0653328306323464,-0.09201833
15947,2025-04-30,13911,0.1985590130785344,-0.062704824
15948,2025-04-30,13928,0.07902169364169764,-0.04755188
15949,2025-04-30,13949,0.08980033502683615,-0.06727678
15950,2025-04-30,13963,0.08112292682296274,-0.07182473
15951,2025-04-30,13964,0.06365711399782703,0.06166702
15952,2025-04-30,14008,0.02323104229275641,-0.09341688
15953,2025-04-30,14277,0.025258185360129026,-0.0178645
15954,2025-04-30,14297,0.19644361435977897,-0.08195887
15955,2025-04-30,14338,0.18966094953855683,-0.09341688
15956,2025-04-30,14541,0.1282681047113321,-0.078083135
15957,2025-04-30,14542,0.20012152473373113,0.06914399
15958,2025-04-30,14579,0.024213530755444967,-0.0719594
15959,2025-04-30,14593,-0.02199617849593727,0.046336673
15960,2025-04-30,14702,0.19816883795989892,0.016059836
15961,2025-04-30,14714,0.4977561438238247,-0.027513277
15962,2025-04-30,14776,0.3485166155689783,-0.0200879
15963,2025-04-30,14882,-0.01404423290592649,0.053351734
15964,2025-04-30,14889,0.30495869174180634,-0.058728885
15965,2025-04-30,14939,0.12730140799320866,-0.07424872
15966,2025-04-30,15202,0.04895521793472435,-0.09606074
15967,2025-04-30,15408,-0.04223665050328007,-0.088769495
15968,2025-04-30,15488,0.04435086142144451,-0.08435761
15969,2025-04-30,15579,0.13977103770207533,0.0020521516
15970,2025-04-30,15707,0.28491441258189054,-0.014879385
15971,2025-04-30,15720,-0.010017026985163713,-0.09153558
15972,2025-04-30,15850,0.16217684775446095,0.05484178
15973,2025-04-30,16087,-0.09796735199876161,-0.09496277
15974,2025-04-30,16431,0.08843014288227868,0.05592703
15975,2025-04-30,16581,-0.09564104427948128,-0.06758567
15976,2025-04-30,16600,0.12290706685435926,-0.09218852
15977,2025-04-30,16678,-0.024626971419713595,-0.09294526
15978,2025-04-30,16692,0.1222391565414862,-0.09397691
15979,2025-04-30,16851,0.09624507721498277,-0.00968183
15980,2025-04-30,17005,-0.05897619052717129,-0.08917782
15981,2025-04-30,17144,-0.12651231771385707,-0.09333038
15982,2025-04-30,17307,0.03173302283449564,-0.09573225
15983,2025-04-30,17478,0.10415724502385526,-0.09341688
15984,2025-04-30,17700,-0.0034533783614065783,-0.062067218
15985,2025-04-30,17743,-0.03251419862414562,-0.07032607
15986,2025-04-30,17750,-0.04540823894575163,-0.096675016
15987,2025-04-30,17830,0.2556834994710764,-0.09303575
15988,2025-04-30,17942,-0.04947618757017169,-0.09341688
15989,2025-04-30,18143,0.018728203004514832,-0.08924034
15990,2025-04-30,18163,-0.06812679020906187,-0.06650159
15991,2025-04-30,18312,0.035738125444300106,-0.0605125
15992,2025-04-30,18411,0.03668868959050009,-0.09386578
15993,2025-04-30,18420,0.11989898809139232,-0.0518824
15994,2025-04-30,18421,0.10596262132590639,-0.032054234
15995,2025-04-30,18428,-0.21942719147474254,0.020487798
15996,2025-04-30,18542,0.42152137539830825,-0.090227485
15997,2025-04-30,18576,0.08320121284912685,-0.08387795
15998,2025-04-30,18592,0.16636244981818638,-0.096675016
15999,2025-04-30,18724,0.030652068807227595,-0.08966741
16000,2025-04-30,18729,-0.08501854358069949,-0.09341688
16001,2025-04-30,19285,0.10392811034007665,-0.096675016
16002,2025-04-30,19286,-0.10612015477283887,-0.096675016
16003,2025-04-30,19350,0.1347843132436939,-0.09341688
16004,2025-04-30,19393,-0.1258518295502855,-0.08365251
16005,2025-04-30,19502,0.06107792716610416,-0.041365452
16006,2025-04-30,19561,0.21065254830194324,-0.007075672
16007,2025-04-30,19583,0.5287162039186408,0.0016955383
16008,2025-04-30,20057,0.05302915057263391,-0.052737296
16009,2025-04-30,20190,0.08603688753553262,-0.03374649
16010,2025-04-30,20482,-0.030545375561872645,-0.09341688
16011,2025-04-30,21178,-0.11275553037890218,-0.09388803
16012,2025-04-30,21207,0.1844090570641761,-0.089966364
16013,2025-04-30,21371,0.10200629237262149,-0.0962034
16014,2025-04-30,21573,0.0331295298687353,-0.08803218
16015,2025-04-30,21776,-0.033006666931911455,-0.09386578
16016,2025-04-30,21792,0.006946073543208531,-0.09759507
16017,2025-04-30,21936,-0.010600551571508965,-0.0857117
16018,2025-04-30,22103,0.39040735746711475,-0.09489798
16019,2025-04-30,22111,0.06287122820803703,-0.046550725
16020,2025-04-30,22293,0.43301287902381214,-0.09713996
16021,2025-04-30,22509,-0.025092697360856064,-0.09294926
16022,2025-04-30,22517,-0.014289853373780637,-0.09712392
16023,2025-04-30,22592,0.07953645724907288,-0.08423139
16024,2025-04-30,22623,0.5588206569459446,-0.019274035
16025,2025-04-30,22752,-0.07392349067933046,-0.061015118
16026,2025-04-30,22779,-0.0005428815431708367,-0.09341688
16027,2025-04-30,22976,0.5190317815967189,-0.01598079
16028,2025-04-30,23026,0.006360605165925071,-0.09759507
16029,2025-04-30,23229,0.009554614579426524,-0.09712392
16030,2025-04-30,23393,-0.05313168218121023,-0.09724428
16031,2025-04-30,23473,0.06588623477620037,-0.072796375
16032,2025-04-30,23536,0.004677674427852718,-0.09712392
16033,2025-04-30,23570,0.014532136951526775,0.002971871
16034,2025-04-30,23579,0.10544425932172774,-0.06297297
16035,2025-04-30,23660,0.053226340095010594,-0.09388803
16036,2025-04-30,23712,0.13224102045546404,-0.096675016
16037,2025-04-30,23819,0.13977651769343802,0.013952225
16038,2025-04-30,23876,-0.08349579189197354,-0.09247411
16039,2025-04-30,23931,0.04751251943350243,-0.096675016
16040,2025-04-30,24010,0.09500832400759629,-0.053258564
16041,2025-04-30,24053,0.03499690464637495,-0.07326104
16042,2025-04-30,24109,0.05358946234468576,-0.09386578
16043,2025-04-30,24174,0.09430878844119506,-0.07281213
16044,2025-04-30,24205,0.07108350210788261,-0.09341688
16045,2025-04-30,24328,0.09035009771965652,-0.09341688
16046,2025-04-30,24643,0.29804790933297776,-0.037606988
16047,2025-04-30,24766,0.1908891303873519,-0.09341688
16048,2025-04-30,24877,0.0792500087253305,-0.06301697
16049,2025-04-30,24878,0.7814150472947443,0.031864643
16050,2025-04-30,24985,0.026609570300816676,-0.094116695
16051,2025-04-30,25232,0.012236010606034409,-0.052785825
16052,2025-04-30,25320,-0.1135920752839259,-0.072796375
16053,2025-04-30,25582,0.2552290295258488,-0.09714617
16054,2025-04-30,25785,0.1216161829303577,-0.08557063
16055,2025-04-30,25953,0.06454472237506748,-0.09752109
16056,2025-04-30,26403,0.31513900219391466,-0.08871233
16057,2025-04-30,26710,0.043468848108003666,-0.072796375
16058,2025-04-30,26825,-0.028827271486245976,-0.09806669
16059,2025-04-30,27828,-0.018804185503878523,-0.02108621
16060,2025-04-30,27887,-0.2980013669691094,-0.06817561
16061,2025-04-30,27959,0.005844941132808534,-0.09386578
16062,2025-04-30,27991,-0.038834665024940596,-0.07326104
16063,2025-04-30,28222,0.06859324479216089,-0.09752109
16064,2025-04-30,28484,0.1959165447108775,-0.08978128
16065,2025-04-30,29946,-0.1651484503486802,-0.037251703
16066,2025-04-30,30681,-0.044919936657834225,-0.09724428
16067,2025-04-30,32870,-0.05138367569666169,-0.074188046
16068,2025-04-30,32942,0.20866365803995945,-0.09488432
16069,2025-04-30,32986,-0.023926096240986072,-0.09503675
16070,2025-04-30,34032,0.1297131797762059,-0.08248713
16071,2025-04-30,34746,0.16705593720447665,-0.09500654
16072,2025-04-30,34817,0.20362916244754126,-0.0705071
16073,2025-04-30,34833,0.12104031477626886,0.013047243
16074,2025-04-30,35044,0.25575576883085094,-0.09608157
16075,2025-04-30,35554,0.11990638700199518,-0.09752109
16076,2025-04-30,36003,0.005418801654653693,-0.072340526
16077,2025-04-30,36468,-0.060411796332936474,-0.09341688
16078,2025-04-30,37584,0.29650468482146564,-0.07364245
16079,2025-04-30,38093,-0.1025060493817409,-0.09311274
16080,2025-04-30,38156,0.032123491454012276,-0.056156676
16081,2025-04-30,38703,0.1417418856200916,-0.08361359
16082,2025-04-30,38762,0.09255724526082121,-0.09656755
16083,2025-04-30,39490,0.25787311784302713,0.05618246
16084,2025-04-30,39642,-0.13407179695542448,-0.09483221
16085,2025-04-30,39917,-0.025355256943438098,-0.06839054
16086,2025-04-30,40272,-0.08978334016601075,-0.07281213
16087,2025-04-30,40539,-0.029160489941851497,-0.09388803
16088,2025-04-30,41080,0.25826595895567395,-0.09752109
16089,2025-04-30,41355,0.21299643301701732,-0.042598553
16090,2025-04-30,42200,-0.05848213240727007,-0.064366765
16091,2025-04-30,42585,-0.06802057009040474,-0.07186937
16092,2025-04-30,42877,0.10673811833131874,-0.07908603
16093,2025-04-30,42906,0.14209083596329952,-0.09489798
16094,2025-04-30,43350,0.14149670348235466,-0.023221627
16095,2025-04-30,43449,-0.05593972281163995,-0.08462787
16096,2025-04-30,44206,0.12470454842867418,-0.094116695
16097,2025-04-30,44601,-0.014362361783408328,-0.08693722
16098,2025-04-30,44644,0.03477792374976252,-0.09341688
16099,2025-04-30,45356,0.2559712010285229,-0.09714617
16100,2025-04-30,45751,-0.11269647358811286,-0.09341688
16101,2025-04-30,45911,0.07672765132038051,0.020655198
16102,2025-04-30,46578,-0.11763684930585983,-0.094116695
16103,2025-04-30,46674,0.1053994282738342,-0.06981926
16104,2025-04-30,46703,0.12781178600682597,-0.057323948
16105,2025-04-30,46886,0.25397357380343566,-0.02281956
16106,2025-04-30,47896,0.2167473265440416,0.060375273
16107,2025-04-30,48486,0.32658669878340496,-0.005912236
16108,2025-04-30,48506,0.1403632747959187,-0.09341688
16109,2025-04-30,48653,-0.043685983328408784,-0.09303575
16110,2025-04-30,48725,0.03547994411957367,-0.09398614
16111,2025-04-30,49154,0.05151496368649311,-0.06434425
16112,2025-04-30,49656,0.26828520867523387,-0.09718342
16113,2025-04-30,49680,-0.009292980008168139,-0.087365314
16114,2025-04-30,50876,-0.1751088150633313,0.058973234
16115,2025-04-30,51369,0.44986360048682483,0.028965889
16116,2025-04-30,52038,0.12264971251735624,-0.096675016
16117,2025-04-30,52090,-0.0730133486811455,-0.094116695
16118,2025-04-30,52329,0.16069065546878503,-0.07182473
16119,2025-04-30,52476,-0.07474170150051196,-0.05463942
16120,2025-04-30,52695,0.017018436385652036,-0.09714617
16121,2025-04-30,52708,0.03755343288728463,-0.09259948
16122,2025-04-30,52978,0.227042587506892,-0.024801398
16123,2025-04-30,53065,-0.006569831317057573,-0.073783785
16124,2025-04-30,53613,0.41967674534161437,0.032453444
16125,2025-04-30,54148,0.1032508573660249,-0.096675016
16126,2025-04-30,55976,0.009949786852230691,0.055323478
16127,2025-04-30,56274,-0.24706944338081305,-0.09322892
16128,2025-04-30,56573,0.07341496696078664,-0.096675016
16129,2025-04-30,57568,0.10665702020511025,-0.037934467
16130,2025-04-30,57665,0.33289525321227664,0.020071309
16131,2025-04-30,57809,0.1341075552201456,-0.054980002
16132,2025-04-30,57904,-0.08063606143205537,-0.096675016
16133,2025-04-30,58246,0.39288526888755637,-0.07462986
16134,2025-04-30,58413,-0.008337689753729616,0.043286595
16135,2025-04-30,58683,0.11261215643891775,0.0032333464
16136,2025-04-30,58819,0.07335440661925818,-0.073783785
16137,2025-04-30,59176,0.12630109114047805,-0.059948675
16138,2025-04-30,59248,-0.1454850265335227,-0.07517546
16139,2025-04-30,59300,-0.051880383318560486,-0.072796375
16140,2025-04-30,59328,-0.014926341298131862,0.056711957
16141,2025-04-30,59408,0.19215659413343422,-0.05241189
16142,2025-04-30,59459,-0.010609115906282884,-0.09341688
16143,2025-04-30,60097,0.07343749301346159,-0.09341688
16144,2025-04-30,60206,0.030222930172527418,-0.09322892
16145,2025-04-30,60442,0.19455901280129773,-0.09426295
16146,2025-04-30,60506,0.09859798918748641,-0.09752109
16147,2025-04-30,60628,0.06928919420978419,-0.08186952
16148,2025-04-30,60871,0.15764148358348873,-0.013998538
16149,2025-04-30,61241,0.811100858427821,0.045402497
16150,2025-04-30,61399,0.005292447591381144,-0.09341688
16151,2025-04-30,61621,-0.004497096102689668,-0.096675016
16152,2025-04-30,61735,0.004716560229327538,-0.08795223
16153,2025-04-30,62092,0.0913297565895026,-0.06751129
16154,2025-04-30,62148,0.27133138518562716,-0.09426295
16155,2025-04-30,62308,0.1414181998653461,-0.03738176
16156,2025-04-30,62498,0.13333046035764706,-0.056265514
16157,2025-04-30,63467,-0.1727501822251981,-0.07706093
16158,2025-04-30,64186,-0.2098686909277816,-0.09133927
16159,2025-04-30,64311,0.24825862804051102,-0.096675016
16160,2025-04-30,64390,-0.14058002618222287,-0.09247411
16161,2025-04-30,64653,-0.08567740479149077,-0.096675016
16162,2025-04-30,64936,0.08764823178993852,-0.096675016
16163,2025-04-30,64995,0.2232551182213185,-0.09489798
16164,2025-04-30,65402,0.04818685637102238,0.105180226
16165,2025-04-30,65541,-0.1344412592770361,-0.07462986
16166,2025-04-30,65875,-0.013861514148609588,-0.08829757
16167,2025-04-30,65947,0.086840130591475,-0.053494144
16168,2025-04-30,66093,-0.0005289381214992339,-0.04299921
16169,2025-04-30,66157,0.126839135525449,-0.09426295
16170,2025-04-30,66181,0.02581583262182474,-0.078457065
16171,2025-04-30,66384,0.7974168398111643,0.01562182
16172,2025-04-30,66800,-0.04265452921155499,-0.09247411
16173,2025-04-30,67598,-0.034006254335050445,-0.06853187
16174,2025-04-30,69032,0.24294146255502325,-0.09163984
16175,2025-04-30,69649,0.22351730364719402,-0.09752109
16176,2025-04-30,69796,-0.10401096423802736,-0.06499469
16177,2025-04-30,70519,0.38120685433424595,-0.083934665
16178,2025-04-30,70578,0.04367176710028309,-0.096675016
16179,2025-04-30,71563,0.15526525847309336,-0.09388182
16180,2025-04-30,72726,0.2774591619662765,-0.096675016
16181,2025-04-30,73139,0.05253860624072049,-0.09341688
16182,2025-04-30,75034,0.2806402882765937,-0.018989893
16183,2025-04-30,75154,0.6232303306704063,-0.022874927
16184,2025-04-30,75186,0.20445138370447258,-0.09388803
16185,2025-04-30,75510,-0.04611131284435277,-0.0784081
16186,2025-04-30,75591,-0.05291792652430316,-0.061311636
16187,2025-04-30,75607,0.14493491962936966,-0.072796375
16188,2025-04-30,75694,0.088754942599232,0.026229043
16189,2025-04-30,75819,-0.034095891232232556,-0.09457078
16190,2025-04-30,75825,0.09678380277122822,-0.07995233
16191,2025-04-30,75828,0.0523667352835222,-0.09247411
16192,2025-04-30,75912,0.3861361537814474,-0.06591313
16193,2025-04-30,76076,0.18625001491677606,-0.086439066
16194,2025-04-30,76082,0.0019238291169894062,-0.085079655
16195,2025-04-30,76095,0.14811011725343204,-0.08986355
16196,2025-04-30,76185,0.0759441036804891,-0.094116695
16197,2025-04-30,76226,0.07516489649008151,0.057010043
16198,2025-04-30,76230,0.35002089807354375,-0.07326132
16199,2025-04-30,76605,0.001536014751787107,-0.09247411
16200,2025-04-30,76614,-0.0877135953361321,-0.068492204
16201,2025-04-30,76709,0.2349703626465296,-0.08959502
16202,2025-04-30,76712,0.33824967000934825,0.043781307
16203,2025-04-30,76744,-0.10329920848603391,-0.094336934
16204,2025-04-30,76795,0.3543472404117294,-0.0063461754
16205,2025-04-30,76841,0.05715095741200371,-0.06300267
16206,2025-04-30,77037,-0.024601322926038782,-0.09489798
16207,2025-04-30,77129,0.07522490895130418,-0.073783785
16208,2025-04-30,77178,-0.005488583320761853,-0.012609081
16209,2025-04-30,77274,0.061543377158182366,-0.045099955
16210,2025-04-30,77338,-0.015843109581048842,-0.09341688
16211,2025-04-30,77357,0.38008324011792793,-0.08158896
16212,2025-04-30,77496,0.07673023645835597,0.005693282
16213,2025-04-30,77605,0.01993168037919557,-0.09341688
16214,2025-04-30,77649,0.010157253864579774,-0.07281213
16215,2025-04-30,77661,0.13414642526656362,-0.09341688
16216,2025-04-30,77702,0.12174479846532282,-0.07088305
16217,2025-04-30,77730,-0.13838064387530102,-0.07284101
16218,2025-04-30,78975,0.2530060863910104,-0.08924034
16219,2025-04-30,78987,0.4782943197132141,0.020240683
16220,2025-04-30,79057,-0.06690345235474549,-0.09341688
16221,2025-04-30,79094,0.523461100716198,-0.054725993
16222,2025-04-30,79103,0.04211274364857731,-0.090930805
16223,2025-04-30,79145,0.4832583659513019,-0.00955026
16224,2025-04-30,79323,0.029602561338272437,-0.096675016
16225,2025-04-30,79452,-0.03148152942613269,-0.073783785
16226,2025-04-30,79547,-0.09126117272223211,-0.07281213
16227,2025-04-30,79637,-0.05897102165490997,-0.073783785
16228,2025-04-30,79686,-0.04204646273594026,-0.0058443686
16229,2025-04-30,79698,-0.19575833181961833,-0.091964014
16230,2025-04-30,79782,-0.0009863119539705867,-0.072796375
16231,2025-04-30,79785,0.059464931916552555,-0.09322892
16232,2025-04-30,79906,0.1951838162354389,-0.07412936
16233,2025-04-30,80080,-0.04673999691778519,-0.03669907
16234,2025-04-30,80100,0.05435667391327237,-0.096675016
16235,2025-04-30,80183,-0.0986950669761738,-0.094116695
16236,2025-04-30,80191,0.16656563169696925,0.045379944
16237,2025-04-30,80204,0.09873774506687805,-0.08585088
16238,2025-04-30,80286,0.1303209421140954,-0.09724428
16239,2025-04-30,80320,-0.25724991411699705,-0.09714617
16240,2025-04-30,80381,-0.10523966604412716,-0.094116695
16241,2025-04-30,80681,-0.059502907394770155,-0.07571986
16242,2025-04-30,81045,-0.016161595299335474,-0.096675016
16243,2025-04-30,81055,0.19658444064184732,-0.014706425
16244,2025-04-30,81061,-0.02604898023803237,-0.09294526
16245,2025-04-30,81481,0.3886421685989254,-0.028788742
16246,2025-04-30,81540,-0.0206638087620602,-0.094336934
16247,2025-04-30,81655,0.012211302045515904,-0.096675016
16248,2025-04-30,81677,0.04085220277796986,-0.094116695
16249,2025-04-30,81736,0.15192420344185686,-0.09714617
16250,2025-04-30,81774,0.120645960004224,0.035580233
16251,2025-04-30,82276,-0.050950608983677204,-0.07544586
16252,2025-04-30,82303,-0.058602240672715245,-0.07281213
16253,2025-04-30,82307,-0.00833405788977526,-0.07462986
16254,2025-04-30,82515,0.05536230613053883,-0.09654979
16255,2025-04-30,82581,0.0412488385791161,0.033765435
16256,2025-04-30,82598,0.1658493684441662,-0.08107192
16257,2025-04-30,82642,0.5648474825991343,0.010601126
16258,2025-04-30,82651,-0.16958702589245667,-0.09496277
16259,2025-04-30,82775,0.018085753795043624,-0.09317393
16260,2025-04-30,83143,0.09410635942946155,-0.075917006
16261,2025-04-30,83443,-0.11508574488552537,0.04930278
16262,2025-04-30,83597,-0.0655999099840322,-0.073783785
16263,2025-04-30,83621,0.24304849704943865,-0.0952355
16264,2025-04-30,84262,-0.012733648321240576,-0.09196474
16265,2025-04-30,84373,-0.05633468996786384,-0.0962034
16266,2025-04-30,84381,0.42605517876146015,-0.09629389
16267,2025-04-30,84761,-0.04538769710716617,-0.08761051
16268,2025-04-30,84767,0.07100079333705644,-0.070321985
16269,2025-04-30,84769,0.3866091464923753,-0.089205794
16270,2025-04-30,84788,0.2694384640442711,0.06615144
16271,2025-04-30,85058,0.04158745690840604,-0.072796375
16272,2025-04-30,85072,0.3324585047328199,-0.024395764
16273,2025-04-30,85257,0.09195508978341116,-0.096675016
16274,2025-04-30,85269,0.20271686422199608,-0.030516665
16275,2025-04-30,85348,-0.0370900138008593,-0.09247411
16276,2025-04-30,85459,0.30090032266925926,-0.066901736
16277,2025-04-30,85592,0.05486007152150574,-0.09398614
16278,2025-04-30,85621,0.1523580388855008,-0.09610125
16279,2025-04-30,85631,0.10523660064546525,-0.09388803
16280,2025-04-30,85663,0.40178069955704454,-0.09163984
16281,2025-04-30,85753,-0.04436867688359758,-0.08825143
16282,2025-04-30,85792,0.3879449812731004,-0.09494438
16283,2025-04-30,85913,0.10870722845401692,-0.09426295
16284,2025-04-30,85914,-0.010759961099755855,-0.010157209
16285,2025-04-30,86111,-0.06819689673571294,-0.09294526
16286,2025-04-30,86136,0.10923727724114829,-0.09714617
16287,2025-04-30,86158,-0.020894953460701693,-0.096675016
16288,2025-04-30,86228,-0.07791709637420507,-0.09294526
16289,2025-04-30,86288,0.2834024326006621,-0.094661154
16290,2025-04-30,86339,0.004396866212837747,-0.09573225
16291,2025-04-30,86356,0.35143017465473236,-0.09341688
16292,2025-04-30,86580,0.6331532749549382,0.036399838
16293,2025-04-30,86783,0.0812221129260049,-0.085201845
16294,2025-04-30,86868,0.3281067196593408,-0.06324221
16295,2025-04-30,86964,0.18388063308735458,-0.08005923
16296,2025-04-30,86979,0.10807293003284846,-0.0732164
16297,2025-04-30,86996,-0.072259556924818,-0.091190554
16298,2025-04-30,87055,-0.05394376714021043,-0.027772643
16299,2025-04-30,87137,0.09986921365434975,0.016260052
16300,2025-04-30,87267,0.2161263712424375,-0.09426295
16301,2025-04-30,87299,-0.05299017430429165,-0.060163293
16302,2025-04-30,87432,0.06920289789560163,-0.086906396
16303,2025-04-30,87445,0.1823711987694674,-0.073783785
16304,2025-04-30,87447,-0.08094696200586837,-0.07472404
16305,2025-04-30,87541,0.050776214670523734,-0.094116695
16306,2025-04-30,87657,0.05060198922301673,-0.09285316
16307,2025-04-30,87717,0.0649171341986221,-0.09516501
16308,2025-04-30,87842,0.015178408872632332,-0.09490739
16309,2025-04-30,88031,-0.022789003487225123,-0.0962034
16310,2025-04-30,88182,0.4196471603463563,0.016031958
16311,2025-04-30,88281,0.4301087412585023,0.041963927
16312,2025-04-30,88352,-0.06729178461023433,-0.07026931
16313,2025-04-30,88661,0.5358664508658921,0.011479343
16314,2025-04-30,88664,-0.017688241125845217,-0.072796375
16315,2025-04-30,88837,0.17581963371301113,-0.0071882512
16316,2025-04-30,88860,-0.2555688401975309,-0.06602761
16317,2025-04-30,88873,0.05120995066450629,0.010350334
16318,2025-04-30,89003,0.011681251130502002,-0.09714617
16319,2025-04-30,89006,-0.04387416647318276,-0.08893038
16320,2025-04-30,89017,0.029102799634776577,-0.09724428
16321,2025-04-30,89031,0.2318426740041586,-0.044282537
16322,2025-04-30,89070,-0.10829975631235367,-0.09724428
16323,2025-04-30,89071,-0.10255515808907911,-0.09086149
16324,2025-04-30,89138,0.02204340288665385,-0.035305344
16325,2025-04-30,89179,-0.3239338287228447,-0.08551136
16326,2025-04-30,89195,0.05999304081828338,-0.068150744
16327,2025-04-30,89258,0.021334266007752234,-0.09416047
16328,2025-04-30,89269,-0.5644119912382461,-0.09062345
16329,2025-04-30,89393,0.024455501544326186,0.10650132
16330,2025-04-30,89508,-0.1246346960650605,-0.004143011
16331,2025-04-30,89525,-0.019412594734209754,-0.09341688
16332,2025-04-30,89533,0.36112663462062233,-0.062346913
16333,2025-04-30,89617,-0.08282698189797322,-0.09388803
16334,2025-04-30,89626,0.00900760093979791,-0.09294526
16335,2025-04-30,89641,0.7337857657028293,-0.015218431
16336,2025-04-30,89781,-0.517231813987949,-0.096675016
16337,2025-04-30,89866,-0.22324276896366113,-0.07273368
16338,2025-04-30,90038,-0.024313694996018542,-0.07273368
16339,2025-04-30,90071,0.531701592889779,-0.022781791
16340,2025-04-30,90199,0.2746780305391612,-0.098029494
16341,2025-04-30,90215,-0.03708663102118137,-0.0566519
16342,2025-04-30,90248,-0.05175128545430785,-0.09055984
16343,2025-04-30,90305,-0.0730236957351813,-0.09322892
16344,2025-04-30,90319,0.2098796635375253,0.081091195
16345,2025-04-30,90373,0.10672526543424299,-0.09606074
16346,2025-04-30,90386,0.1917017801150338,-0.075651325
16347,2025-04-30,90454,-0.06940322119303988,0.08043262
16348,2025-04-30,90455,0.20174570377673118,-0.019820882
16349,2025-04-30,90505,0.4381633627802246,-0.09489798
16350,2025-04-30,90601,0.266547908513888,-0.096675016
16351,2025-04-30,90664,0.13155344907569755,-0.07845213
16352,2025-04-30,90720,0.0626937082879695,-0.061635684
16353,2025-04-30,90808,0.15118452422191297,-0.019250838
16354,2025-04-30,90829,0.1913747860388728,-0.09496277
16355,2025-04-30,90880,0.10380565861088842,-0.09629389
16356,2025-04-30,90993,0.10333785453608302,-0.09341688
16357,2025-04-30,91041,0.11512997825607685,-0.096675016
16358,2025-04-30,91068,-0.15122601807535208,-0.08374092
16359,2025-04-30,91103,0.2832006371029867,-0.035277512
16360,2025-04-30,91152,0.138277957829823,-0.09341688
16361,2025-04-30,91233,0.034978292443311965,-0.025064688
16362,2025-04-30,91547,0.08765238727115499,-0.09488432
16363,2025-04-30,91556,-0.014857297138853087,-0.09388803
16364,2025-04-30,91611,0.38873268528388194,0.020569148
16365,2025-04-30,91849,0.024825454891469256,-0.07281213
16366,2025-04-30,91907,0.8509083447683712,0.018032134
16367,2025-04-30,91926,0.286302152541827,-0.0143745765
16368,2025-04-30,91937,-0.03107338429360107,-0.041094262
16369,2025-04-30,92050,0.14312618524797727,-0.0999416
16370,2025-04-30,92108,0.31318945940397014,-0.013777966
16371,2025-04-30,92157,0.41184448920010097,-0.09714617
16372,2025-04-30,92203,-0.2594081041053984,-0.07557956
16373,2025-04-30,92322,0.3017148711410693,-0.09714617
16374,2025-04-30,92402,0.03304795292108986,-0.096675016
16375,2025-04-30,92602,-0.03552029262961165,-0.03922559
16376,2025-04-30,92611,0.001570978949483104,0.04262355
16377,2025-04-30,92614,-0.04015323182789199,-0.09573225
16378,2025-04-30,92655,-0.38909046535137737,0.023883577
16379,2025-04-30,93002,0.5295566551399231,0.040827867
16380,2025-04-30,93089,-0.058414159096913276,-0.096675016
16381,2025-04-30,93096,0.125511428342433,-0.05946704
16382,2025-04-30,93132,-0.03719925336746066,-0.08181092
16383,2025-04-30,93246,0.702130296304641,0.035518218
16384,2025-04-30,93429,0.08973285670750664,-0.09573225
16385,2025-04-30,93436,0.09254086848617082,0.030464444
16386,2025-07-31,10104,0.036577772859031965,0.08730387
16387,2025-07-31,10107,-0.027809995084341343,0.030954883
16388,2025-07-31,10138,0.022969672822587217,-0.07949286
16389,2025-07-31,10145,-0.03438911586576954,-0.07858649
16390,2025-07-31,10516,0.1265842234474921,-0.07860335
16391,2025-07-31,10696,-0.520008723237094,-0.029559711
16392,2025-07-31,11308,0.022696934352224307,-0.075869255
16393,2025-07-31,11403,-0.07098605394414204,-0.055396706
16394,2025-07-31,11404,-0.05112544687661191,-0.082758866
16395,2025-07-31,11533,0.15508953363303846,-0.04017243
16396,2025-07-31,11618,-0.10324224402093984,-0.08352847
16397,2025-07-31,11674,-0.01291595200312512,-0.0837925
16398,2025-07-31,11762,-0.005351120136493859,-0.07838175
16399,2025-07-31,11850,0.03388718533891821,-0.013994479
16400,2025-07-31,11891,-0.1212581925068118,-0.053626828
16401,2025-07-31,11955,-0.12495478966156803,-0.07991668
16402,2025-07-31,11990,-0.1916706870468533,-0.07166947
16403,2025-07-31,12052,0.11182168998139108,-0.07722119
16404,2025-07-31,12060,0.14110182358756784,-0.06432063
16405,2025-07-31,12062,-0.020975471220115893,-0.079924576
16406,2025-07-31,12084,-0.01728602694338388,-0.06953957
16407,2025-07-31,12308,-0.13186669122545636,-0.044651154
16408,2025-07-31,12345,-0.179446679729113,-0.009827312
16409,2025-07-31,12369,0.2986122088610812,-0.027270027
16410,2025-07-31,12431,0.02645519101856486,-0.0642177
16411,2025-07-31,12449,-0.1940862397606009,-0.07744948
16412,2025-07-31,12476,-0.06832670096622762,-0.08460464
16413,2025-07-31,12490,0.22275941120125808,-0.062668554
16414,2025-07-31,12558,-0.06664437055541694,-0.07991668
16415,2025-07-31,12622,0.3009047866757346,-0.0729045
16416,2025-07-31,12623,0.16053479526672643,-0.0531327
16417,2025-07-31,12872,0.15153356349856706,-0.074852146
16418,2025-07-31,13035,0.045972528112763644,-0.05752975
16419,2025-07-31,13103,0.18152965214164918,-0.07440883
16420,2025-07-31,13210,0.03696224581684171,0.011107888
16421,2025-07-31,13356,0.11245246389441221,-0.079308026
16422,2025-07-31,13407,-0.1611580917055686,0.017397916
16423,2025-07-31,13447,-0.025282429114727556,-0.05660106
16424,2025-07-31,13511,0.2686636541713623,-0.010937587
16425,2025-07-31,13586,0.042980125582101625,-0.08464468
16426,2025-07-31,13641,-0.0299533981863086,-0.06306949
16427,2025-07-31,13688,0.14025826475266445,-0.07970571
16428,2025-07-31,13721,0.16189194124860085,-0.075869255
16429,2025-07-31,13760,-0.12284692704012223,-0.023291387
16430,2025-07-31,13788,-0.008229171286292525,-0.07692131
16431,2025-07-31,13856,0.06952821025025324,-0.054565445
16432,2025-07-31,13901,-0.07489253323580658,-0.07858649
16433,2025-07-31,13911,0.1646400871623912,-0.0072866515
16434,2025-07-31,13928,-0.06023339742464229,-0.07106457
16435,2025-07-31,13949,-0.08264766179835281,-0.0680226
16436,2025-07-31,13963,-0.09303427897156824,-0.059690922
16437,2025-07-31,13964,-0.0853791054821127,0.06917581
16438,2025-07-31,14008,0.019480365440479375,-0.07106457
16439,2025-07-31,14277,0.07554812839055147,-0.05035094
16440,2025-07-31,14297,0.0019824315914469537,-0.081365585
16441,2025-07-31,14338,-0.04096059210222269,-0.07838175
16442,2025-07-31,14541,0.051792550247056646,-0.05443579
16443,2025-07-31,14542,0.4625802681348141,0.060212977
16444,2025-07-31,14579,-0.19066020636512138,-0.061701305
16445,2025-07-31,14593,0.3040405980997223,0.045875303
16446,2025-07-31,14702,0.2982914576180824,-0.06870817
16447,2025-07-31,14714,0.2797430069408462,-0.07355528
16448,2025-07-31,14776,0.0721792262767409,-0.08275514
16449,2025-07-31,14889,0.07573458351237838,-0.08143791
16450,2025-07-31,14939,0.11622172169794243,-0.060422655
16451,2025-07-31,15202,0.05575308491545283,-0.08083301
16452,2025-07-31,15315,-0.17607295101770348,-0.08364232
16453,2025-07-31,15408,-0.08653968794311373,-0.065989055
16454,2025-07-31,15488,0.007414818290981673,-0.04512235
16455,2025-07-31,15579,-0.10041088723364178,-0.009247699
16456,2025-07-31,15707,0.18635794919137383,-0.07652264
16457,2025-07-31,15720,0.07892693872836487,-0.06105303
16458,2025-07-31,15850,-0.051097765802607276,0.047472924
16459,2025-07-31,16087,0.0515709253693557,-0.082939476
16460,2025-07-31,16431,0.0953250838827795,0.024912456
16461,2025-07-31,16581,-0.07235185862680482,-0.063507676
16462,2025-07-31,16600,-0.08163159632790118,-0.068713844
16463,2025-07-31,16678,-0.0877383734995234,-0.07991668
16464,2025-07-31,16692,-0.0978467493865095,-0.08026443
16465,2025-07-31,16736,-0.09609188424789661,0.021252852
16466,2025-07-31,16851,0.14165426161333627,-0.08127438
16467,2025-07-31,17005,0.2687753843737737,-0.07368684
16468,2025-07-31,17144,-0.03662442008296107,-0.08099631
16469,2025-07-31,17307,-0.06717069299369349,-0.08208402
16470,2025-07-31,17478,-0.11439353026473087,-0.07670066
16471,2025-07-31,17700,0.19195787418541177,0.0048837117
16472,2025-07-31,17743,0.03803467811813088,-0.083060995
16473,2025-07-31,17750,-0.030080601687799136,-0.08099631
16474,2025-07-31,17830,0.1378249547711261,-0.07838175
16475,2025-07-31,17942,-0.1606434154764932,-0.07637713
16476,2025-07-31,18143,-0.08828183196427974,-0.07670066
16477,2025-07-31,18163,0.006262850906622042,-0.06511103
16478,2025-07-31,18312,-0.08119154612253754,-0.018780125
16479,2025-07-31,18411,0.003273750273555809,-0.07773429
16480,2025-07-31,18420,0.1648313146012368,-0.08245291
16481,2025-07-31,18421,0.147988501878626,-0.0668197
16482,2025-07-31,18428,0.03859519150496693,-0.0017833728
16483,2025-07-31,18542,0.3216386169743275,-0.07669813
16484,2025-07-31,18576,0.0997146776407607,-0.06699685
16485,2025-07-31,18592,-0.14612867066436563,-0.08348703
16486,2025-07-31,18724,-0.14210449906833567,-0.08194923
16487,2025-07-31,18726,0.19455404587312697,-0.026387239
16488,2025-07-31,18729,-0.0750561306212989,-0.07825148
16489,2025-07-31,19285,-0.12983851235466026,-0.02352671
16490,2025-07-31,19286,0.08771010405334034,-0.026519626
16491,2025-07-31,19350,-0.1165300515960187,-0.07858649
16492,2025-07-31,19393,0.07823463257254715,-0.06792603
16493,2025-07-31,19561,-0.09385063698187424,-0.056969315
16494,2025-07-31,19583,0.13913554374103176,-0.006725322
16495,2025-07-31,20057,0.1987068510054273,-0.06387836
16496,2025-07-31,20190,-0.04433434758962618,-0.07589102
16497,2025-07-31,20482,-0.015898968675247538,-0.06915199
16498,2025-07-31,21178,0.17693612021600513,-0.04713344
16499,2025-07-31,21207,0.3082203568655866,-0.037711628
16500,2025-07-31,21371,0.23300139591635882,-0.07966626
16501,2025-07-31,21573,-0.1650921218480348,-0.029756352
16502,2025-07-31,21776,0.035440148046154585,-0.08295988
16503,2025-07-31,21792,-0.009237384802038506,-0.08387276
16504,2025-07-31,21936,0.058393350452812465,-0.07589102
16505,2025-07-31,22103,-0.03698456717585574,-0.07971192
16506,2025-07-31,22111,0.15491822819704426,-0.05932328
16507,2025-07-31,22293,0.4144783158296481,-0.03858817
16508,2025-07-31,22509,-0.06728222268016992,-0.082939476
16509,2025-07-31,22517,0.03104763533281374,-0.08387276
16510,2025-07-31,22592,0.12103093626753392,-0.07858649
16511,2025-07-31,22623,0.08513429610092205,-0.06515866
16512,2025-07-31,22752,0.11161867535768355,-0.053372487
16513,2025-07-31,22779,-0.07142026508177723,-0.08164265
16514,2025-07-31,22976,0.7046263380468714,-0.06721663
16515,2025-07-31,23026,0.08404189217627622,-0.07941302
16516,2025-07-31,23229,0.003968795139332126,-0.075291105
16517,2025-07-31,23393,-0.06185610514215989,-0.08268111
16518,2025-07-31,23473,0.05388617255625827,-0.060422655
16519,2025-07-31,23536,0.03274767211999419,-0.08464468
16520,2025-07-31,23570,0.0513662502351242,-0.07704813
16521,2025-07-31,23579,0.03934681582901156,-0.08086075
16522,2025-07-31,23660,-0.17478661958356423,-0.08352847
16523,2025-07-31,23712,-0.09573171542054426,-0.082758866
16524,2025-07-31,23819,0.20764764042384964,-0.029925605
16525,2025-07-31,23876,-0.32334988760502814,-0.07991668
16526,2025-07-31,23931,0.11387893442695907,-0.08464468
16527,2025-07-31,24010,0.06959923329705853,-0.08387276
16528,2025-07-31,24053,0.09490225245485595,-0.08073602
16529,2025-07-31,24109,0.07171395392729307,-0.08164265
16530,2025-07-31,24174,-0.05769776877623245,-0.0672907
16531,2025-07-31,24205,0.1545100376833337,-0.06711637
16532,2025-07-31,24328,-0.00011136662356403537,-0.01649078
16533,2025-07-31,24643,0.14639661144552707,-0.013153601
16534,2025-07-31,24766,0.01583076411222306,-0.07387791
16535,2025-07-31,24877,-0.0325074160181793,-0.062433198
16536,2025-07-31,24878,-0.11343982613149328,0.0072745504
16537,2025-07-31,24985,0.016020993651257864,-0.07191139
16538,2025-07-31,25146,-0.15969744969759092,-0.050513662
16539,2025-07-31,25232,-0.17338084823989863,-0.08164265
16540,2025-07-31,25320,-0.04442742597154192,0.021309126
16541,2025-07-31,25582,0.05659786071077599,-0.08143791
16542,2025-07-31,25785,0.20205723666709607,-0.07187421
16543,2025-07-31,25953,0.004680481134976322,-0.082758866
16544,2025-07-31,26403,-0.05448854572296191,-0.07838175
16545,2025-07-31,26710,0.10033343691305707,-0.060422655
16546,2025-07-31,26825,0.04810570358773458,-0.08387276
16547,2025-07-31,27828,0.12710789825680946,-0.05619074
16548,2025-07-31,27887,-0.14535301672109824,-0.07720988
16549,2025-07-31,27959,0.030757673113436912,-0.08164265
16550,2025-07-31,27991,-0.01352974427465703,-0.06289958
16551,2025-07-31,28222,-0.15170543159349126,-0.08164265
16552,2025-07-31,29946,-0.04857162561219208,0.01749267
16553,2025-07-31,30681,0.05069075618481622,-0.053344715
16554,2025-07-31,32870,-0.22208092010877512,-0.063507676
16555,2025-07-31,32942,0.07762598776142404,-0.080869325
16556,2025-07-31,32986,0.10712209886928381,-0.05828819
16557,2025-07-31,34032,-0.04521143806520944,-0.0750588
16558,2025-07-31,34746,0.010191608511012529,-0.08143791
16559,2025-07-31,34817,0.05304894317388609,-0.079308026
16560,2025-07-31,34833,-0.05749885738808369,-0.051570915
16561,2025-07-31,35044,-0.03519738388708937,-0.07698204
16562,2025-07-31,35554,-0.01825281036865678,-0.08460464
16563,2025-07-31,36003,0.008780386533218998,-0.05828819
16564,2025-07-31,36468,0.04475276195675826,-0.07589102
16565,2025-07-31,37584,-0.044882068760652594,-0.056760654
16566,2025-07-31,38093,-0.12956746262341512,-0.07901503
16567,2025-07-31,38156,-0.02648947531504431,-0.08142557
16568,2025-07-31,38703,0.08487105843027143,-0.061209098
16569,2025-07-31,38762,-0.0014166738526688594,-0.08129882
16570,2025-07-31,39490,0.18701068315401503,0.08122262
16571,2025-07-31,39642,0.0080250398274333,-0.06682749
16572,2025-07-31,39917,-0.0743825104239555,-0.0680226
16573,2025-07-31,40272,-0.10765542172364018,-0.064390466
16574,2025-07-31,40539,0.12895320970847357,-0.07670066
16575,2025-07-31,41080,0.1964987186413536,-0.083323725
16576,2025-07-31,41355,0.058454820372514815,-0.07840846
16577,2025-07-31,42200,0.06552758676795878,-0.019659782
16578,2025-07-31,42585,-0.025729803818432706,-0.079068646
16579,2025-07-31,42877,0.17592629157768314,-0.08181502
16580,2025-07-31,42906,-0.05194958637188818,-0.07858649
16581,2025-07-31,43350,0.012620002018946641,-0.022871636
16582,2025-07-31,43449,0.00010748714809905024,-0.075869255
16583,2025-07-31,44206,0.12906148225299585,-0.0672907
16584,2025-07-31,44601,0.04831613994856454,-0.05841291
16585,2025-07-31,44644,-0.15455359791274548,-0.07858649
16586,2025-07-31,45356,0.09341872235220539,-0.075064205
16587,2025-07-31,45751,-0.10164175601461234,-0.07692131
16588,2025-07-31,45911,0.14457376025732094,-0.056428082
16589,2025-07-31,46578,-0.08579895583096953,-0.08117729
16590,2025-07-31,46674,-0.004891228617718735,-0.07465517
16591,2025-07-31,46703,0.031056487130188604,-0.0684448
16592,2025-07-31,46886,0.3780377564707824,-0.07166947
16593,2025-07-31,47896,0.055321057180131916,0.040208872
16594,2025-07-31,48486,0.663636500780683,-0.07166947
16595,2025-07-31,48506,-0.06700485325022132,-0.07803085
16596,2025-07-31,48653,0.11720504388753539,-0.0077385674
16597,2025-07-31,48725,-0.0010836879010451828,-0.0750596
16598,2025-07-31,49154,-0.06742870392236433,-0.05537992
16599,2025-07-31,49656,0.0691166791606348,-0.07971192
16600,2025-07-31,49680,0.09430166999918388,-0.057276033
16601,2025-07-31,50876,0.16841246226492812,0.049455244
16602,2025-07-31,51369,0.693580429382731,-0.0025408356
16603,2025-07-31,52038,-0.060697379615544556,-0.08107407
16604,2025-07-31,52090,-0.08539590242479478,-0.08117518
16605,2025-07-31,52329,0.100624852452043,-0.058545325
16606,2025-07-31,52476,-0.1193796216497669,-0.06891288
16607,2025-07-31,52695,-0.055973633316251936,-0.08164265
16608,2025-07-31,52708,0.10796108416343997,-0.011888562
16609,2025-07-31,52978,0.024220288074609853,-0.08559403
16610,2025-07-31,53065,0.056176540108337614,0.027862549
16611,2025-07-31,53613,1.0515629209023483,-0.040918764
16612,2025-07-31,54148,0.06329133036323031,-0.035062045
16613,2025-07-31,55976,0.03508329124930154,0.035428006
16614,2025-07-31,56274,-0.03968415290428873,0.0068886727
16615,2025-07-31,56573,-0.041193478712863274,-0.08164265
16616,2025-07-31,57568,-0.17596628384157187,-0.058536835
16617,2025-07-31,57665,-0.1305671108184353,-0.06475997
16618,2025-07-31,57809,0.08671278465371723,-0.05791168
16619,2025-07-31,57904,0.08460621755463671,-0.08349077
16620,2025-07-31,58246,-0.004006711838681842,-0.08443994
16621,2025-07-31,58413,0.05556700305718176,0.056666564
16622,2025-07-31,58683,-0.014917362420216795,-0.008749869
16623,2025-07-31,58819,0.035650212147592564,-0.0594155
16624,2025-07-31,59176,0.20832639988046475,-0.07858649
16625,2025-07-31,59248,-0.09426011599710338,0.028594691
16626,2025-07-31,59300,-0.13223062172050049,-0.06375604
16627,2025-07-31,59328,1.0196969726988718,0.016805204
16628,2025-07-31,59408,0.13709834444917424,-0.05519465
16629,2025-07-31,59459,0.03637054054159483,-0.07907262
16630,2025-07-31,60097,0.01267420406849018,-0.07670066
16631,2025-07-31,60206,0.0515921626392013,-0.059885763
16632,2025-07-31,60442,-0.031973784804185446,-0.076495916
16633,2025-07-31,60506,-0.00034647545534582935,-0.08164265
16634,2025-07-31,60628,0.1430235441026042,-0.0645368
16635,2025-07-31,60871,0.046449767354036275,-0.07670066
16636,2025-07-31,61241,0.4526660401044573,0.0034173278
16637,2025-07-31,61399,0.07037466711841489,-0.07589102
16638,2025-07-31,61621,-0.18914982241175404,-0.08352847
16639,2025-07-31,61735,-0.04023718215653005,-0.07670066
16640,2025-07-31,62092,0.21430468725782958,0.0073759365
16641,2025-07-31,62148,0.01756347289789484,-0.07436603
16642,2025-07-31,62308,-0.061948797037643555,-0.054534838
16643,2025-07-31,62498,0.1789227025193365,-0.02938233
16644,2025-07-31,63467,-0.1259212783044088,-0.06436662
16645,2025-07-31,64186,-0.08136961637608797,-0.051690217
16646,2025-07-31,64311,0.024360299223870285,-0.076495916
16647,2025-07-31,64390,-0.14855259057616965,-0.07853704
16648,2025-07-31,64653,0.035064426389182834,-0.08283624
16649,2025-07-31,64936,0.015625408274924757,-0.08107407
16650,2025-07-31,64995,-0.007803792815308075,-0.07159445
16651,2025-07-31,65402,-0.06272304932879746,0.029280359
16652,2025-07-31,65541,-0.01103597640682663,-0.08068772
16653,2025-07-31,65875,-0.054532001597905166,-0.07670066
16654,2025-07-31,65947,0.10167385290249276,-0.07991668
16655,2025-07-31,66093,-0.08736057351777593,-0.08009538
16656,2025-07-31,66157,0.04942678625505037,-0.07670066
16657,2025-07-31,66181,0.03863776277095998,-0.0680969
16658,2025-07-31,66384,0.9109998760583302,-0.04916048
16659,2025-07-31,66800,0.02312672964777507,-0.0817565
16660,2025-07-31,67598,0.07767845426888642,-0.06620097
16661,2025-07-31,69032,0.15822138901902316,-0.07838175
16662,2025-07-31,69649,-0.04775730146904544,-0.082862236
16663,2025-07-31,69796,-0.20725719869400927,-0.0643621
16664,2025-07-31,70519,0.08740552142189073,-0.06100435
16665,2025-07-31,70578,-0.018064153630243607,-0.08369177
16666,2025-07-31,71563,0.03337435915750975,-0.0767274
16667,2025-07-31,72726,0.04265817553002149,-0.07937554
16668,2025-07-31,73139,-0.09085478991933826,-0.07858649
16669,2025-07-31,75034,0.08022539274521368,-0.02953831
16670,2025-07-31,75154,-0.03157740589428204,-0.06955556
16671,2025-07-31,75186,-0.030158384148588735,-0.07838175
16672,2025-07-31,75510,-0.04858784688215523,-0.052234307
16673,2025-07-31,75591,0.05323410663869099,-0.020096818
16674,2025-07-31,75607,-0.10257437852501594,-0.058518846
16675,2025-07-31,75694,0.14497098535509556,0.037425492
16676,2025-07-31,75819,0.10593129155505432,-0.08411049
16677,2025-07-31,75825,-0.10967679507458228,-0.07591774
16678,2025-07-31,75828,0.31339679926473707,-0.07803085
16679,2025-07-31,75912,-0.07574153404614414,-0.03926065
16680,2025-07-31,76076,0.08036764652811024,-0.079059236
16681,2025-07-31,76082,-0.02106292983450342,-0.08014489
16682,2025-07-31,76095,0.10610411121727226,-0.059915334
16683,2025-07-31,76185,-0.185269324951152,-0.082758866
16684,2025-07-31,76230,-0.04935385025088901,-0.06700035
16685,2025-07-31,76605,-0.02493503418084042,-0.07858649
16686,2025-07-31,76614,0.19679088165088765,-0.051432587
16687,2025-07-31,76709,0.1781759345261873,-0.08143791
16688,2025-07-31,76712,0.08234304673468928,0.0420321
16689,2025-07-31,76744,-0.06850752216183909,-0.07589102
16690,2025-07-31,76795,-0.20579611903197748,-0.06379429
16691,2025-07-31,76841,0.20523995095542125,-0.049887266
16692,2025-07-31,77037,-0.05737880293247366,-0.02960163
16693,2025-07-31,77129,-0.016161753468336815,-0.05981548
16694,2025-07-31,77178,0.23949714313278436,-0.05785277
16695,2025-07-31,77274,0.0742833127607252,-0.07526895
16696,2025-07-31,77338,-0.18807038110207752,-0.077186786
16697,2025-07-31,77357,-0.28359996726468084,-0.041438784
16698,2025-07-31,77496,-0.0075983012958144025,0.044156104
16699,2025-07-31,77605,-0.04003058258094794,-0.07858649
16700,2025-07-31,77649,0.04335849574036765,-0.07514433
16701,2025-07-31,77661,0.04639506101918234,-0.006239495
16702,2025-07-31,77702,-0.08687273400689155,-0.07376004
16703,2025-07-31,77730,-0.008359315944033607,-0.071304016
16704,2025-07-31,78975,-0.1481778366996449,-0.07755033
16705,2025-07-31,78987,-0.07041416863272654,-0.044208422
16706,2025-07-31,79057,0.04460293413493077,-0.077730946
16707,2025-07-31,79094,-0.009852496032682012,-0.039336517
16708,2025-07-31,79103,-0.039465597937185404,-0.07991668
16709,2025-07-31,79145,-0.09486984223407258,-0.0033905106
16710,2025-07-31,79323,-0.05308436737256761,-0.08352847
16711,2025-07-31,79452,-0.08005472890883447,-0.05828835
16712,2025-07-31,79547,-0.04927490731664819,-0.07002537
16713,2025-07-31,79637,0.305191172734534,0.03209808
16714,2025-07-31,79686,-0.23236553417647798,0.0042771343
16715,2025-07-31,79698,-0.2666762441160868,-0.07400144
16716,2025-07-31,79782,-0.024886822299063138,-0.057681017
16717,2025-07-31,79785,-0.04486030448376288,-0.066036396
16718,2025-07-31,79906,0.24823225903289003,-0.033796456
16719,2025-07-31,80080,-0.1698357312845894,0.022761956
16720,2025-07-31,80100,0.08594513701043804,-0.08198694
16721,2025-07-31,80183,-0.08936418743363794,-0.06899508
16722,2025-07-31,80191,0.4554624525944204,0.06876961
16723,2025-07-31,80204,0.06792098139967417,-0.08127438
16724,2025-07-31,80286,-0.04631922855554926,-0.0767274
16725,2025-07-31,80320,-0.05118246775330437,-0.08131141
16726,2025-07-31,80381,-0.057894634305415416,-0.071920365
16727,2025-07-31,80681,-0.023032697206448183,-0.07243129
16728,2025-07-31,81045,0.05222419779891796,-0.08180595
16729,2025-07-31,81055,0.026058152081336328,-0.07838175
16730,2025-07-31,81061,0.1712371960203838,-0.07991668
16731,2025-07-31,81481,-0.1270766683704696,-0.079308026
16732,2025-07-31,81540,0.18304328263174963,-0.08369177
16733,2025-07-31,81655,-0.09931056385072201,-0.08472206
16734,2025-07-31,81677,0.06591119855491123,-0.08472206
16735,2025-07-31,81736,-0.09024104639910813,-0.08295988
16736,2025-07-31,81774,0.04000558113075425,-0.019230148
16737,2025-07-31,82276,0.0029027274040676065,-0.08180595
16738,2025-07-31,82303,-0.05799724358177194,-0.06302415
16739,2025-07-31,82307,-0.15209742435354323,-0.058905385
16740,2025-07-31,82515,-0.12999533852041678,-0.07848027
16741,2025-07-31,82581,-0.06578324704627359,0.017437635
16742,2025-07-31,82598,0.1360432129290956,-0.074555926
16743,2025-07-31,82642,0.03988275024376864,-0.024360856
16744,2025-07-31,82651,0.21069317370615015,-0.037903953
16745,2025-07-31,82775,0.002247230381314136,-0.084701724
16746,2025-07-31,83143,0.06572740686704703,-0.059268728
16747,2025-07-31,83443,0.011992661437007834,0.042155005
16748,2025-07-31,83597,-0.33584669577070014,-0.07211927
16749,2025-07-31,84262,0.23363524704919447,-0.07860335
16750,2025-07-31,84373,0.055698952703376436,-0.081686765
16751,2025-07-31,84381,0.051339676595762995,-0.083323725
16752,2025-07-31,84761,0.1510322426077697,-0.08245586
16753,2025-07-31,84767,-0.2261902860050654,-0.044928413
16754,2025-07-31,84769,0.3100492859495574,-0.07989064
16755,2025-07-31,84788,0.04318471470077223,0.034071274
16756,2025-07-31,85058,0.09827330856977645,-0.06407867
16757,2025-07-31,85072,0.07312050283311367,-0.08787033
16758,2025-07-31,85257,0.09515729268227036,-0.08164265
16759,2025-07-31,85269,0.23486625051561316,-0.05802989
16760,2025-07-31,85348,-0.03652754955998172,-0.082839586
16761,2025-07-31,85459,0.34189214918810484,-0.036114432
16762,2025-07-31,85592,0.1723995687997859,-0.07589102
16763,2025-07-31,85621,0.1480182217409849,-0.079409055
16764,2025-07-31,85631,-0.005837676839935857,-0.067268185
16765,2025-07-31,85663,-0.01142533033758475,-0.05305669
16766,2025-07-31,85753,-0.10556929694818962,-0.034013797
16767,2025-07-31,85792,0.10613935894537341,-0.07355528
16768,2025-07-31,85913,-0.009795140829857774,-0.078613214
16769,2025-07-31,85914,0.2787912214721322,-0.07832678
16770,2025-07-31,86111,-0.13353511728617629,-0.07670066
16771,2025-07-31,86136,0.1337458708196433,-0.08026443
16772,2025-07-31,86158,0.020097259943302026,-0.08283624
16773,2025-07-31,86228,-0.09462358928831793,-0.080102906
16774,2025-07-31,86288,-0.27713053840219126,-0.080869325
16775,2025-07-31,86339,-0.13175215216316938,-0.08083301
16776,2025-07-31,86356,-0.11095216678567155,-0.03575145
16777,2025-07-31,86580,0.1384760519625896,0.03211013
16778,2025-07-31,86783,-0.07584120013274398,-0.07926398
16779,2025-07-31,86868,0.09676444342093915,-0.0667921
16780,2025-07-31,86964,-0.19261865872644668,-0.075393595
16781,2025-07-31,86996,-0.14363935661881966,-0.08014489
16782,2025-07-31,87055,-0.02729227228484754,-0.037463643
16783,2025-07-31,87137,-0.01502348092077721,-0.054839082
16784,2025-07-31,87267,-0.016335414832470585,-0.07355528
16785,2025-07-31,87299,-0.015856796689856067,-0.06563513
16786,2025-07-31,87432,0.2772609223852587,-0.069957554
16787,2025-07-31,87445,-0.0439215032504614,-0.08275514
16788,2025-07-31,87447,0.1402959747793202,-0.015473522
16789,2025-07-31,87541,0.01634054435432941,-0.07173576
16790,2025-07-31,87657,0.0395889494117474,-0.078613214
16791,2025-07-31,87717,0.04868983516112113,-0.0672907
16792,2025-07-31,87842,0.058919350936561754,-0.08349077
16793,2025-07-31,88031,0.1375336411056518,-0.08472206
16794,2025-07-31,88182,-0.11142746988696373,-0.015065109
16795,2025-07-31,88281,0.06148377980122621,0.03592598
16796,2025-07-31,88352,0.11056167208979084,-0.07770562
16797,2025-07-31,88661,0.020469924423940578,0.010680545
16798,2025-07-31,88664,-0.1197956156714649,-0.05841291
16799,2025-07-31,88837,-0.018335575238831225,-0.0837651
16800,2025-07-31,88860,0.06875949411888027,0.004673924
16801,2025-07-31,88873,-0.024540530945711403,-0.068817414
16802,2025-07-31,89003,-0.20794891102373936,-0.081034385
16803,2025-07-31,89006,-0.10465468034977288,-0.07187421
16804,2025-07-31,89017,-0.0059417931618079844,-0.08198694
16805,2025-07-31,89031,-0.030788030867177518,0.06933388
16806,2025-07-31,89070,0.09989239632056024,-0.07860335
16807,2025-07-31,89071,-0.05731080511159514,-0.075010166
16808,2025-07-31,89138,0.19645484176556494,-0.073304646
16809,2025-07-31,89179,0.12677567509951726,-0.0035148603
16810,2025-07-31,89195,0.09014967001013385,-0.059268728
16811,2025-07-31,89258,0.016812585864425467,-0.07933525
16812,2025-07-31,89269,0.35673215212390397,-0.030831357
16813,2025-07-31,89393,-0.03496755295857923,0.06541525
16814,2025-07-31,89508,-0.2603797299339279,0.007478805
16815,2025-07-31,89525,-0.15341913236702653,-0.07209486
16816,2025-07-31,89533,0.09387693869937652,-0.0760054
16817,2025-07-31,89617,0.08399869167394214,-0.07670066
16818,2025-07-31,89626,-0.04140181435820611,-0.08009538
16819,2025-07-31,89641,0.6346730631999533,-0.05188006
16820,2025-07-31,89781,-0.03046590549301309,-0.003511284
16821,2025-07-31,89866,0.09480131864609476,0.034107856
16822,2025-07-31,90038,0.13459354966072423,0.052314624
16823,2025-07-31,90071,0.03056854086927374,0.0018306446
16824,2025-07-31,90199,-0.021251121112673577,-0.08275514
16825,2025-07-31,90215,0.009785499367155559,-0.06511103
16826,2025-07-31,90248,-0.1364591152472453,-0.08164265
16827,2025-07-31,90305,0.005101126353335372,-0.053869788
16828,2025-07-31,90319,0.46660589772875993,0.07404578
16829,2025-07-31,90373,-0.02744218008362098,-0.08352847
16830,2025-07-31,90386,-0.2325640332996951,-0.08066417
16831,2025-07-31,90455,0.415416445264446,-0.07569621
16832,2025-07-31,90505,0.13805790807350493,-0.07184928
16833,2025-07-31,90601,-0.10896038332760494,-0.083323725
16834,2025-07-31,90664,-0.27918747789957277,-0.05781903
16835,2025-07-31,90720,-0.08621267273398225,-0.01818626
16836,2025-07-31,90808,0.22300396283213209,-0.08352847
16837,2025-07-31,90829,-0.09754440976646983,-0.08571859
16838,2025-07-31,90880,-0.12348727166719653,-0.08369177
16839,2025-07-31,90993,-0.2062982022898825,-0.07991668
16840,2025-07-31,91041,0.012392321507378234,-0.08369177
16841,2025-07-31,91068,-0.26095971060466117,-0.028591082
16842,2025-07-31,91103,0.06488255007556809,-0.031081432
16843,2025-07-31,91152,-0.13036776944992345,-0.08352847
16844,2025-07-31,91233,-0.024249252360132756,-0.019461028
16845,2025-07-31,91547,0.19566285490919455,-0.059647955
16846,2025-07-31,91556,0.16706909203950682,-0.08083301
16847,2025-07-31,91611,0.5277318653427892,-0.015311986
16848,2025-07-31,91849,-0.10612667088582917,-0.08396984
16849,2025-07-31,91907,-0.11887608411601136,0.021362428
16850,2025-07-31,91926,0.0817157885244888,-0.029587243
16851,2025-07-31,91937,-0.11587670282517493,-0.07376004
16852,2025-07-31,92050,0.08533181612711394,-0.0858715
16853,2025-07-31,92108,-0.1470510228619335,-0.07166947
16854,2025-07-31,92157,0.2046922150230721,-0.05765803
16855,2025-07-31,92203,-0.14955536575908912,-0.06016912
16856,2025-07-31,92322,0.009460874926026985,-0.083323725
16857,2025-07-31,92402,0.051824901174208016,-0.061476447
16858,2025-07-31,92602,-0.11176908884106362,-0.058270905
16859,2025-07-31,92611,-0.01195902462015419,-0.009858519
16860,2025-07-31,92614,-0.07887933984596229,-0.07941302
16861,2025-07-31,92655,0.377344759986173,0.038651355
16862,2025-07-31,93002,0.26072362728946685,0.051739402
16863,2025-07-31,93089,-0.21371389381435768,-0.08364232
16864,2025-07-31,93096,-0.05373190552781926,-0.0820266
16865,2025-07-31,93132,-0.13483437023403966,-0.065493256
16866,2025-07-31,93246,-0.1369809405764335,-0.053470932
16867,2025-07-31,93429,0.022195628432916115,-0.08464468
16868,2025-07-31,93436,0.48103801812675284,0.0478562
16869,2025-10-31,10104,-0.3717135136241668,0.06343986
16870,2025-10-31,10107,-0.16743838942540457,0.026092276
16871,2025-10-31,10138,0.04335935059175289,-0.10511963
16872,2025-10-31,10145,0.13684367513751483,-0.09120837
16873,2025-10-31,10516,0.12174567627419952,-0.104216896
16874,2025-10-31,10696,-0.04438492191821364,0.07299552
16875,2025-10-31,11308,0.0934689233772894,-0.09507974
16876,2025-10-31,11403,-0.12498052576619245,-0.1027516
16877,2025-10-31,11404,0.10391897382782722,-0.10831709
16878,2025-10-31,11533,-0.11832038389982469,0.045155704
16879,2025-10-31,11618,0.059540455007113025,-0.10585453
16880,2025-10-31,11674,0.00041083027169763753,-0.112877645
16881,2025-10-31,11762,-0.07645484272960257,-0.098528035
16882,2025-10-31,11850,0.2471198818543372,-0.07271362
16883,2025-10-31,11891,0.0471433841451554,-0.10008277
16884,2025-10-31,11955,0.1167725872516816,-0.10341022
16885,2025-10-31,11990,-0.03282774711054637,-0.060324825
16886,2025-10-31,12052,0.02210054911615722,-0.109667964
16887,2025-10-31,12060,-0.005843955690295388,-0.07395986
16888,2025-10-31,12062,0.07201422491492004,-0.10946862
16889,2025-10-31,12084,0.08614135544554147,-0.041609816
16890,2025-10-31,12308,-0.11854222986375995,-0.09423863
16891,2025-10-31,12345,0.08575778951038115,-0.004696379
16892,2025-10-31,12369,0.21820134230103672,-0.026808815
16893,2025-10-31,12431,-0.06037198848932246,-0.10103762
16894,2025-10-31,12449,0.2084914379188203,-0.08375995
16895,2025-10-31,12476,0.31121946676416656,-0.103451945
16896,2025-10-31,12490,0.0031134173024218725,-0.07631889
16897,2025-10-31,12558,0.17724025316203318,-0.102954976
16898,2025-10-31,12622,0.06379835124659294,-0.105197914
16899,2025-10-31,12623,0.31159815947261715,-0.077507764
16900,2025-10-31,12872,-0.09141781674899163,-0.1083958
16901,2025-10-31,13035,-0.0834627535829674,-0.111616656
16902,2025-10-31,13103,-0.0659659924689111,-0.084514946
16903,2025-10-31,13210,0.2755213101364864,-0.08478647
16904,2025-10-31,13356,0.06376243784157931,-0.10787468
16905,2025-10-31,13407,0.10600987275380969,0.027714638
16906,2025-10-31,13447,-0.3635751125079403,-0.090082504
16907,2025-10-31,13511,-0.1964659418262099,-0.093340784
16908,2025-10-31,13586,-0.006729542354515061,-0.10524346
16909,2025-10-31,13641,0.15291318835910128,-0.10434585
16910,2025-10-31,13688,-0.03082355181326457,-0.06433214
16911,2025-10-31,13721,0.031049298240634515,-0.08244011
16912,2025-10-31,13760,-0.02052308394303748,-0.10031969
16913,2025-10-31,13788,-0.1300136774061954,-0.10289135
16914,2025-10-31,13856,0.061923705596973466,-0.0925861
16915,2025-10-31,13901,0.11973525352980885,-0.10170188
16916,2025-10-31,13911,0.06324635990340233,-0.09580045
16917,2025-10-31,13928,0.1840769660129966,-0.098794974
16918,2025-10-31,13949,-0.203450538530221,-0.10511963
16919,2025-10-31,13963,0.01999458223369932,-0.10395339
16920,2025-10-31,13964,0.02067643720154666,-0.10379643
16921,2025-10-31,14008,0.15367252287071897,-0.10078542
16922,2025-10-31,14277,0.35183956561695573,-0.097822644
16923,2025-10-31,14297,0.0008953671509834837,-0.1109748
16924,2025-10-31,14338,0.16233688541419644,-0.097905494
16925,2025-10-31,14541,0.1340992088416464,-0.097779766
16926,2025-10-31,14542,0.20203354924059802,0.06709731
16927,2025-10-31,14579,-0.27806154213179646,-0.092740595
16928,2025-10-31,14593,-0.03934933328967638,0.009800326
16929,2025-10-31,14702,0.38563747712394414,-0.014861299
16930,2025-10-31,14714,-0.10114948558981507,0.01404668
16931,2025-10-31,14776,-0.01959175788641143,-0.108565874
16932,2025-10-31,14889,0.23805845429414818,-0.08893061
16933,2025-10-31,14939,0.1823850954300874,-0.090962954
16934,2025-10-31,15202,0.03987058704001245,-0.10753482
16935,2025-10-31,15315,-0.24494780394996085,-0.0993719
16936,2025-10-31,15408,-0.02498082738212959,-0.0988442
16937,2025-10-31,15488,-0.23758395208595784,-0.02106953
16938,2025-10-31,15579,0.34379893143577567,-0.07529529
16939,2025-10-31,15707,-0.11361311623992665,-0.019750742
16940,2025-10-31,15720,0.14147647174078415,-0.052461788
16941,2025-10-31,15850,-0.031207148850202038,-0.09889181
16942,2025-10-31,16087,0.0502438084547534,-0.104834475
16943,2025-10-31,16431,-0.24979716126960205,-0.07453361
16944,2025-10-31,16581,-0.0398520724696807,-0.105608575
16945,2025-10-31,16600,0.1568723067735487,-0.10519504
16946,2025-10-31,16678,-0.007077559220694973,-0.10085518
16947,2025-10-31,16692,0.12816362859626662,-0.10360931
16948,2025-10-31,16736,-0.15787426857815245,0.056274436
16949,2025-10-31,16851,0.2964323260133994,-0.10319965
16950,2025-10-31,17005,-0.03878045752138204,-0.10524891
16951,2025-10-31,17144,0.006065532377019789,-0.06674343
16952,2025-10-31,17307,-0.04885209697696591,-0.10831709
16953,2025-10-31,17478,0.08539556144108218,-0.092195146
16954,2025-10-31,17700,0.0077088059889436344,-0.104147166
16955,2025-10-31,17743,-0.023527174662148154,-0.11048586
16956,2025-10-31,17750,-0.15450915842180502,-0.10442126
16957,2025-10-31,17830,0.13016957255807649,-0.09806077
16958,2025-10-31,17942,0.018685048218125333,-0.0557991
16959,2025-10-31,18143,0.09645183112361289,-0.095612176
16960,2025-10-31,18163,0.016413140995085396,-0.09854363
16961,2025-10-31,18267,-0.29028652285277823,-0.024519382
16962,2025-10-31,18312,0.6226031371838874,0.03626624
16963,2025-10-31,18411,-0.04254011821996706,-0.10289135
16964,2025-10-31,18420,0.12575169525758745,-0.08230252
16965,2025-10-31,18421,0.12257903868465636,-0.06835616
16966,2025-10-31,18428,0.17208694978134442,0.040673357
16967,2025-10-31,18542,0.14149354959677862,-0.0053762696
16968,2025-10-31,18576,-0.17046658532609993,-0.08618288
16969,2025-10-31,18592,0.1881014407379089,-0.06895439
16970,2025-10-31,18724,0.1373435264723013,-0.058934193
16971,2025-10-31,18726,-0.187113122391125,-0.02300379
16972,2025-10-31,18729,0.17902854436078286,-0.099283926
16973,2025-10-31,19285,0.005867362048318947,-0.09513813
16974,2025-10-31,19286,-0.07477040725189699,-0.10643852
16975,2025-10-31,19350,0.1477532842045599,-0.09746062
16976,2025-10-31,19393,0.20900159440011,-0.07615181
16977,2025-10-31,19561,0.1626700767250644,-0.073525384
16978,2025-10-31,19583,0.16175784551829353,-0.10737069
16979,2025-10-31,19788,-0.26876538698570884,0.012500038
16980,2025-10-31,20057,0.2778541511754675,-0.104147166
16981,2025-10-31,20190,0.02236607417390335,-0.09880521
16982,2025-10-31,20482,-0.11133144197572997,-0.10445673
16983,2025-10-31,21178,0.29950546404887524,-0.10269662
16984,2025-10-31,21207,0.39138653640599586,0.02558388
16985,2025-10-31,21371,0.12917821579953803,0.05252427
16986,2025-10-31,21573,0.056401122389025726,-0.010720982
16987,2025-10-31,21776,-0.02051136299630041,-0.11148827
16988,2025-10-31,21792,0.043683809971752696,-0.11368333
16989,2025-10-31,21936,0.10979257347167426,-0.07859739
16990,2025-10-31,22103,0.0575280260261819,-0.10849286
16991,2025-10-31,22111,0.2107765030870663,-0.0860954
16992,2025-10-31,22293,0.16302395283772597,-0.03531314
16993,2025-10-31,22509,0.19167083069923474,-0.10511963
16994,2025-10-31,22517,0.0007417484215528347,-0.112877645
16995,2025-10-31,22592,-0.07611287763234065,-0.10123181
16996,2025-10-31,22623,-0.2546390979915042,-0.020545123
16997,2025-10-31,22752,0.29338365189433846,-0.092296086
16998,2025-10-31,22779,-0.006969829833239571,-0.103932306
16999,2025-10-31,22976,0.2267291671511915,0.04473776
17000,2025-10-31,23026,0.04296694446305538,-0.10693564
17001,2025-10-31,23229,-0.02080900863984214,-0.107838385
17002,2025-10-31,23393,0.10147337350970842,-0.104102395
17003,2025-10-31,23473,0.046174179940891236,-0.10508668
17004,2025-10-31,23536,-0.001521176743239927,-0.11238052
17005,2025-10-31,23570,0.05405758123452742,-0.104834475
17006,2025-10-31,23579,0.08996302078097829,-0.10511963
17007,2025-10-31,23660,0.04682503421134809,-0.0963087
17008,2025-10-31,23712,0.03052975976799588,-0.10332447
17009,2025-10-31,23819,0.2566278135825293,-0.029672245
17010,2025-10-31,23876,0.22592695707472754,0.063168176
17011,2025-10-31,23931,-0.05574775034059953,-0.11058553
17012,2025-10-31,24010,0.0046808444196486665,-0.11099907
17013,2025-10-31,24053,0.00811055661611726,-0.10951339
17014,2025-10-31,24109,0.0036858777871771053,-0.10355375
17015,2025-10-31,24174,0.004349559158470351,-0.10831709
17016,2025-10-31,24205,0.08718287341533904,-0.09489126
17017,2025-10-31,24328,0.08062789388675529,0.004033058
17018,2025-10-31,24643,0.010926901376583364,-0.0429057
17019,2025-10-31,24766,0.1915203819494944,-0.10494543
17020,2025-10-31,24877,0.11486384140760553,-0.10552861
17021,2025-10-31,24878,0.24227385712157745,0.017526649
17022,2025-10-31,24985,0.01966200755497116,-0.112877645
17023,2025-10-31,25146,0.14173980401987518,-0.0154157495
17024,2025-10-31,25232,0.20056492048928432,-0.064935885
17025,2025-10-31,25320,-0.0576674324422729,-0.061320648
17026,2025-10-31,25582,0.1908656997449274,-0.109013386
17027,2025-10-31,25785,0.06912846842929188,-0.014313849
17028,2025-10-31,25953,0.11349828027883735,-0.104206614
17029,2025-10-31,26403,0.008394985620285844,-0.10246628
17030,2025-10-31,26710,0.06097533406130751,-0.11230187
17031,2025-10-31,27828,-0.28913787619246767,-0.06618969
17032,2025-10-31,27887,0.08720800503463622,0.004028084
17033,2025-10-31,27959,-0.0152613620888018,-0.10692772
17034,2025-10-31,27991,0.06768748421208315,-0.10552861
17035,2025-10-31,28222,0.1313230267074319,-0.10267595
17036,2025-10-31,29946,0.012781398493035834,-0.072359726
17037,2025-10-31,30681,0.03716503147038375,-0.10476502
17038,2025-10-31,32870,0.15447134738436974,-0.084882215
17039,2025-10-31,32942,0.041585286830624346,-0.10395434
17040,2025-10-31,32986,-0.02577904449291235,-0.11230187
17041,2025-10-31,34032,0.025638909002483556,-0.10511963
17042,2025-10-31,34746,0.21693716798783158,-0.096225165
17043,2025-10-31,34817,0.18847045549082742,-0.07195204
17044,2025-10-31,34833,0.10802931564475826,-0.07822021
17045,2025-10-31,35044,0.19000585354610955,-0.09161079
17046,2025-10-31,35554,0.21453772978643393,-0.10511963
17047,2025-10-31,36003,0.10288860921605081,-0.1069121
17048,2025-10-31,36468,0.030566264039128654,-0.09824289
17049,2025-10-31,37584,0.19363629340456834,-0.11002426
17050,2025-10-31,38093,0.002233759346949027,-0.09599171
17051,2025-10-31,38156,0.17198942154448638,-0.104437724
17052,2025-10-31,38703,0.04591179237488907,-0.061695855
17053,2025-10-31,38762,0.05176997208994205,-0.11368333
17054,2025-10-31,39490,0.17741393085654567,-0.029797623
17055,2025-10-31,39642,0.1449179575329509,-0.10442126
17056,2025-10-31,39917,0.13146935512880176,-0.105608575
17057,2025-10-31,40272,0.11536582708060727,-0.056277808
17058,2025-10-31,40539,0.07210826324955444,-0.10872304
17059,2025-10-31,41080,0.32806752830198893,-0.10738678
17060,2025-10-31,41355,0.21350798525230696,-0.106076315
17061,2025-10-31,42200,0.1632408487648087,-0.047040876
17062,2025-10-31,42585,0.022854280373436398,-0.10511963
17063,2025-10-31,42877,0.20360817035937107,0.019437483
17064,2025-10-31,42906,0.1421018961802316,-0.09713735
17065,2025-10-31,43350,0.1752091988784399,-0.08542932
17066,2025-10-31,43449,0.06198921094538368,-0.09989618
17067,2025-10-31,44206,-0.052928813923542206,-0.10693564
17068,2025-10-31,44601,0.0664025163439832,-0.08236969
17069,2025-10-31,44644,-0.0457298446573684,-0.0963087
17070,2025-10-31,45356,0.04604829385431142,-0.077739075
17071,2025-10-31,45751,0.06141489599378214,-0.09513813
17072,2025-10-31,45911,-0.2743804915480883,-0.05315648
17073,2025-10-31,46578,0.014362713624698431,-0.105608575
17074,2025-10-31,46674,0.10037791243957717,-0.11016912
17075,2025-10-31,46703,0.17951131871931403,-0.105608575
17076,2025-10-31,46886,0.1833212125423933,0.023773503
17077,2025-10-31,47896,-0.012399953978277423,0.048673976
17078,2025-10-31,48486,0.485066806086337,-0.008452747
17079,2025-10-31,48506,0.07551793299158827,-0.097905494
17080,2025-10-31,48653,-0.29592172336892786,-0.01991977
17081,2025-10-31,48725,0.0730978135631799,-0.103599355
17082,2025-10-31,49154,0.15162021353626054,-0.04327796
17083,2025-10-31,49656,0.11609591099469307,-0.07863582
17084,2025-10-31,49680,0.01771006707124223,-0.05533286
17085,2025-10-31,50876,0.20375158634414037,0.056706745
17086,2025-10-31,51369,0.3271604741613454,0.000622457
17087,2025-10-31,52038,0.137231147554838,-0.105608575
17088,2025-10-31,52090,-0.029623330290053596,-0.10511963
17089,2025-10-31,52329,-0.12983144029322036,-0.10319965
17090,2025-10-31,52476,-0.04367143424773834,-0.087567955
17091,2025-10-31,52695,0.10573057963762911,-0.1042271
17092,2025-10-31,52708,-0.11650817330126317,-0.10025031
17093,2025-10-31,52978,0.18106784133129983,-0.109680176
17094,2025-10-31,53613,0.8547736362794789,-0.0061468496
17095,2025-10-31,54148,0.04573179660748705,-0.1034037
17096,2025-10-31,55976,0.17987783393376056,0.05124288
17097,2025-10-31,56274,0.09778741259422818,-0.058272857
17098,2025-10-31,56573,0.07809098303716877,-0.103932306
17099,2025-10-31,57568,0.21493808428442995,-0.10079812
17100,2025-10-31,57665,-0.03704553319428161,-0.058820542
17101,2025-10-31,57809,0.18764888654148382,-0.104147166
17102,2025-10-31,57904,0.04056767909605874,-0.10691723
17103,2025-10-31,58246,0.16831820374639306,-0.11048586
17104,2025-10-31,58413,0.06366825863535808,-0.10532342
17105,2025-10-31,58683,0.5751590172606347,-0.08771097
17106,2025-10-31,58819,-0.005613519192000815,-0.1053021
17107,2025-10-31,59176,-0.021580862417847735,-0.09893982
17108,2025-10-31,59248,0.11025140593313187,-0.10409825
17109,2025-10-31,59300,0.11579828963952865,-0.10087809
17110,2025-10-31,59328,0.16204060667798048,0.012873858
17111,2025-10-31,59408,0.0004888623682395288,-0.07831675
17112,2025-10-31,59459,0.0633424450454112,-0.1089818
17113,2025-10-31,60097,0.14352290944210888,-0.10425955
17114,2025-10-31,60206,0.09900014764710341,-0.104834475
17115,2025-10-31,60442,0.23264063939306934,-0.097905494
17116,2025-10-31,60506,0.26899851689445353,-0.1042271
17117,2025-10-31,60628,0.2761459347284687,-0.103784256
17118,2025-10-31,60871,0.3325154029953463,-0.09455677
17119,2025-10-31,61241,-0.07570760383396036,0.029972253
17120,2025-10-31,61399,0.12634967105697292,-0.10335681
17121,2025-10-31,61621,-0.10089396528541272,-0.10134261
17122,2025-10-31,61735,0.028545412464971998,-0.097905494
17123,2025-10-31,62092,0.02053641428718489,-0.04731272
17124,2025-10-31,62148,0.05216074284824512,-0.09990618
17125,2025-10-31,62308,0.0682747941180133,-0.1109748
17126,2025-10-31,62498,-0.17920563955558322,-0.05276567
17127,2025-10-31,63467,-0.09389716032214335,-0.098592475
17128,2025-10-31,64186,0.12782869506686656,-0.0076702717
17129,2025-10-31,64311,0.03261539628934229,-0.11196698
17130,2025-10-31,64390,0.07444644000875633,-0.08838466
17131,2025-10-31,64653,0.0024105343204539054,-0.10470582
17132,2025-10-31,64936,0.03691862854285377,-0.107691
17133,2025-10-31,64995,0.23713976071128595,-0.096225165
17134,2025-10-31,65402,0.11910893018669189,-0.09889181
17135,2025-10-31,65541,0.1640677517343947,-0.04889678
17136,2025-10-31,65875,0.13968493119172698,-0.07869872
17137,2025-10-31,65947,0.04446193782562702,-0.104359426
17138,2025-10-31,66093,0.07137036820968445,-0.07849308
17139,2025-10-31,66157,0.21372511224879265,-0.09961079
17140,2025-10-31,66181,-0.006703682974661063,-0.09854363
17141,2025-10-31,66384,0.6671594145039026,0.022848077
17142,2025-10-31,66800,-0.04662468503108541,-0.103932306
17143,2025-10-31,67598,-0.022238549919988082,-0.104216896
17144,2025-10-31,69032,0.12073343367708045,-0.09935682
17145,2025-10-31,69649,0.04876521001532863,-0.11016912
17146,2025-10-31,69796,0.2005821359881519,-0.013457262
17147,2025-10-31,70519,0.1497929785134382,-0.067193575
17148,2025-10-31,70578,0.10289977202176503,-0.09989595
17149,2025-10-31,71563,0.16549764429450087,-0.10128081
17150,2025-10-31,72726,0.13878190799381218,-0.10918346
17151,2025-10-31,73139,0.03998856225820213,-0.098794974
17152,2025-10-31,75034,0.16340126193054672,-0.10596962
17153,2025-10-31,75154,0.041278767615401835,-0.100345306
17154,2025-10-31,75186,0.10259604264993061,-0.10279324
17155,2025-10-31,75510,-0.13828703837877798,-0.02578616
17156,2025-10-31,75591,0.16217017932459243,-0.073758356
17157,2025-10-31,75607,-0.08555517290146075,-0.10268469
17158,2025-10-31,75694,0.02568928659971159,-0.030337833
17159,2025-10-31,75819,0.05911377066098367,-0.104216896
17160,2025-10-31,75825,0.06969151630585069,-0.09978283
17161,2025-10-31,75828,0.02024896298174994,-0.107584134
17162,2025-10-31,75912,-0.21360874906724747,-0.105608575
17163,2025-10-31,76076,0.07703832244025643,-0.10000673
17164,2025-10-31,76082,0.22974494644302768,-0.104102395
17165,2025-10-31,76095,0.01379424181617872,-0.103727736
17166,2025-10-31,76185,-0.2243699757264529,-0.07171575
17167,2025-10-31,76230,-0.15235189521856607,-0.11048586
17168,2025-10-31,76605,0.00813040400564602,-0.10470139
17169,2025-10-31,76614,0.13890025810701556,0.059941184
17170,2025-10-31,76709,0.06505399168438908,-0.06837569
17171,2025-10-31,76712,0.06892479328552348,-0.028175907
17172,2025-10-31,76744,0.10416615829972486,-0.099559896
17173,2025-10-31,76795,-0.12727844067756477,0.05075159
17174,2025-10-31,76841,0.16607130292008532,-0.060341097
17175,2025-10-31,77037,0.2357263870123727,-0.05234728
17176,2025-10-31,77129,0.03350517642914341,-0.105608575
17177,2025-10-31,77178,-0.15774536515625392,-0.007981715
17178,2025-10-31,77274,0.19280354359635998,-0.09996629
17179,2025-10-31,77338,-0.16618291316508882,-0.09719818
17180,2025-10-31,77357,0.02489024881330959,-0.04632555
17181,2025-10-31,77605,-0.07138651841265109,-0.0980729
17182,2025-10-31,77649,0.11685670342120513,-0.10803194
17183,2025-10-31,77661,0.0015248478660450093,-0.08009437
17184,2025-10-31,77702,0.14532596542493637,-0.093501925
17185,2025-10-31,77730,0.28187863772546917,-0.105608575
17186,2025-10-31,78975,-0.2512219923998943,-0.089012526
17187,2025-10-31,78987,0.22707630868222028,-0.022598105
17188,2025-10-31,79057,0.12130222849171468,-0.100989215
17189,2025-10-31,79094,0.07422391318382604,-0.0027628848
17190,2025-10-31,79103,0.042038525654908954,-0.10376066
17191,2025-10-31,79145,0.13581617830897885,0.011975516
17192,2025-10-31,79323,0.04395190669039373,-0.10939534
17193,2025-10-31,79452,0.10687783125439232,-0.105608575
17194,2025-10-31,79547,0.06015925838811964,-0.10511963
17195,2025-10-31,79637,-0.07180147555689664,-0.109094195
17196,2025-10-31,79686,0.46429319544726666,0.02859632
17197,2025-10-31,79698,-0.1559556809559689,0.014075518
17198,2025-10-31,79782,0.06854307136130999,-0.10552861
17199,2025-10-31,79785,0.05892628277688883,-0.10511963
17200,2025-10-31,79906,0.07049569181766513,-0.10385671
17201,2025-10-31,80100,0.1016583659824426,-0.108492605
17202,2025-10-31,80183,0.05916910128636266,-0.10552861
17203,2025-10-31,80191,0.742349199130588,-0.01154025
17204,2025-10-31,80204,0.0648058885365379,-0.10393206
17205,2025-10-31,80286,-0.0556130731085831,-0.1054796
17206,2025-10-31,80320,-0.056497137954889975,-0.104834795
17207,2025-10-31,80381,0.03142293089555759,-0.105608575
17208,2025-10-31,80681,0.01040998947760996,-0.105706364
17209,2025-10-31,81045,0.06955817930038477,-0.10712128
17210,2025-10-31,81055,-0.000859972844345025,-0.09830209
17211,2025-10-31,81061,0.025471731776583795,-0.07113407
17212,2025-10-31,81481,0.18633992222763784,-0.0032831274
17213,2025-10-31,81540,0.06513979082959898,-0.11139121
17214,2025-10-31,81655,0.11477713784282129,-0.11136732
17215,2025-10-31,81677,0.12705067544715565,-0.10484471
17216,2025-10-31,81736,0.04878581001155591,-0.107691
17217,2025-10-31,81774,0.4461729074399141,-0.07509802
17218,2025-10-31,82276,0.11273146436518222,-0.10511963
17219,2025-10-31,82303,0.06003632776958967,-0.07437577
17220,2025-10-31,82307,-0.08132576566882821,-0.100389145
17221,2025-10-31,82486,-0.027954455824765967,-0.038425613
17222,2025-10-31,82515,-0.043817836656955045,-0.100389145
17223,2025-10-31,82581,0.19430033148072434,-0.09930079
17224,2025-10-31,82598,-0.1779537032387839,-0.1025492
17225,2025-10-31,82642,0.1967019606763707,-0.04134284
17226,2025-10-31,82651,0.06041094569137884,-0.097976424
17227,2025-10-31,82775,0.09243489279854766,-0.11016912
17228,2025-10-31,83143,-0.09572131653316696,-0.104834475
17229,2025-10-31,83443,0.006261274466932587,-0.04622404
17230,2025-10-31,83597,-0.04284308843713103,-0.040836826
17231,2025-10-31,84262,0.1485967254248579,-0.06840096
17232,2025-10-31,84373,0.06769980125040065,-0.10939503
17233,2025-10-31,84381,0.1489418811629697,-0.10943715
17234,2025-10-31,84761,-0.14069591675428916,-0.059949428
17235,2025-10-31,84767,-0.04768506425327479,-0.037920684
17236,2025-10-31,84769,0.03601337397694815,-0.056193806
17237,2025-10-31,84788,-0.020148764039402356,0.021302588
17238,2025-10-31,85058,-0.08216281480760468,-0.104216896
17239,2025-10-31,85072,0.10840185589396611,-0.081466235
17240,2025-10-31,85257,0.1099291694166491,-0.10302723
17241,2025-10-31,85269,0.07708226350407288,-0.07821787
17242,2025-10-31,85348,0.1305142038562228,-0.10939534
17243,2025-10-31,85459,0.27106486568911703,-0.026041433
17244,2025-10-31,85592,0.06046575543401045,-0.09922778
17245,2025-10-31,85621,-0.030399746555035856,-0.099010676
17246,2025-10-31,85631,-0.16084392241097722,-0.09989595
17247,2025-10-31,85663,-0.10043076711650833,-0.06421018
17248,2025-10-31,85753,0.02161530437973913,-0.053362302
17249,2025-10-31,85792,0.05704560296862504,-0.058340006
17250,2025-10-31,85913,0.21286576415563996,-0.09989595
17251,2025-10-31,85914,-0.19708202085252458,-0.061004125
17252,2025-10-31,86111,0.011360511823244712,-0.09768713
17253,2025-10-31,86136,-0.04676201847994954,-0.10630954
17254,2025-10-31,86158,0.13082329140556603,-0.10546078
17255,2025-10-31,86228,0.03596611663825189,-0.10747148
17256,2025-10-31,86288,-0.10623036842405098,-0.073673375
17257,2025-10-31,86339,-0.026372848038207164,-0.09997533
17258,2025-10-31,86356,0.12580606328096278,0.0820977
17259,2025-10-31,86580,-0.056050330029413065,0.011269559
17260,2025-10-31,86783,-0.01312951351902214,-0.08041138
17261,2025-10-31,86868,0.1908260484149238,-0.07078817
17262,2025-10-31,86964,0.08915239325006041,-0.033398405
17263,2025-10-31,86996,-0.032989833905291976,-0.1031079
17264,2025-10-31,87055,0.03301973529875801,-0.070675634
17265,2025-10-31,87137,0.24582405029603227,-0.104102395
17266,2025-10-31,87267,0.03838520763393638,-0.10034293
17267,2025-10-31,87299,0.2936115318752577,-0.07615594
17268,2025-10-31,87432,-0.08389616208978101,-0.10678966
17269,2025-10-31,87445,0.17744129008483567,-0.11048586
17270,2025-10-31,87447,0.1208188892265416,-0.03881693
17271,2025-10-31,87541,0.14380243083715838,-0.10511963
17272,2025-10-31,87657,-0.013217100901916079,-0.104456484
17273,2025-10-31,87717,0.3239043151992427,-0.104834475
17274,2025-10-31,87842,-0.004716572109759176,-0.104060695
17275,2025-10-31,88031,0.20844002262322636,-0.1083958
17276,2025-10-31,88182,0.19588925435392168,0.053639125
17277,2025-10-31,88281,0.1688745130462601,-0.051597442
17278,2025-10-31,88352,-0.05626215710800897,-0.020666104
17279,2025-10-31,88661,0.15959109539134464,-0.004860869
17280,2025-10-31,88664,0.2072786644890654,-0.10126522
17281,2025-10-31,88837,-0.05342242080015447,-0.045581266
17282,2025-10-31,88860,0.18240324269440156,-0.054811813
17283,2025-10-31,88873,-0.0746055146295942,-0.077842176
17284,2025-10-31,89003,-0.11085674624530117,-0.046514843
17285,2025-10-31,89006,0.02702942467026581,-0.0963087
17286,2025-10-31,89017,0.016797712105312446,-0.11016912
17287,2025-10-31,89031,-0.3395790417478509,0.015891075
17288,2025-10-31,89070,-0.1318591943785472,-0.104216896
17289,2025-10-31,89071,0.06034481685447135,-0.035059642
17290,2025-10-31,89138,0.21277124220408683,-0.041907437
17291,2025-10-31,89179,0.09561035609422608,-0.09988269
17292,2025-10-31,89195,0.1374406789602025,-0.104216896
17293,2025-10-31,89258,0.08241552172739763,-0.10434585
17294,2025-10-31,89269,0.22476857812936624,0.059318796
17295,2025-10-31,89393,-0.2537918439010819,-0.0030674394
17296,2025-10-31,89525,0.14357892621924662,-0.042689465
17297,2025-10-31,89533,-0.09507022660453324,-0.033643164
17298,2025-10-31,89617,-0.02369506554160361,-0.09974789
17299,2025-10-31,89626,0.09375186977450056,-0.10674584
17300,2025-10-31,89641,0.5974152919620734,0.025780313
17301,2025-10-31,89781,0.17333208577962123,0.0280825
17302,2025-10-31,90038,0.12913673986074437,-0.1044691
17303,2025-10-31,90071,-0.10965335387816044,0.012952314
17304,2025-10-31,90199,0.11742976385113213,-0.108906396
17305,2025-10-31,90215,-0.18347128163924942,-0.05127072
17306,2025-10-31,90248,0.033883097530124084,-0.10026017
17307,2025-10-31,90305,0.04573076955252797,-0.10511963
17308,2025-10-31,90319,0.2028396019393135,0.06529565
17309,2025-10-31,90373,-0.01840390525935498,-0.10421687
17310,2025-10-31,90386,0.010968475532407984,-0.07733681
17311,2025-10-31,90455,0.12048157731664344,-0.009775609
17312,2025-10-31,90505,-0.10791658289761119,-0.025014382
17313,2025-10-31,90601,0.13673861731736192,-0.105853535
17314,2025-10-31,90664,0.2545518256679047,-0.019291565
17315,2025-10-31,90720,-0.015235652751519946,0.0091399355
17316,2025-10-31,90808,0.20582638461943437,-0.085363954
17317,2025-10-31,90829,0.12592594504858323,-0.10395339
17318,2025-10-31,90880,0.16842842248123668,-0.099615365
17319,2025-10-31,90993,0.1914777277127011,-0.08685597
17320,2025-10-31,91041,-0.027290769430361128,-0.10503486
17321,2025-10-31,91068,0.22656957829726032,0.047449
17322,2025-10-31,91103,0.08804924331493424,-0.035275716
17323,2025-10-31,91152,0.09096383848890688,-0.10341022
17324,2025-10-31,91233,-0.022436200304623677,-0.07399778
17325,2025-10-31,91547,-0.009213076006029497,-0.104216896
17326,2025-10-31,91556,0.18979391735126017,-0.10302957
17327,2025-10-31,91611,-0.155167234237776,-0.0073968773
17328,2025-10-31,91849,-0.10188101518122095,-0.10293689
17329,2025-10-31,91907,-0.4397607076409312,0.040981248
17330,2025-10-31,91926,0.1483053209389722,-0.044954587
17331,2025-10-31,91937,-0.0564930422905513,-0.093777895
17332,2025-10-31,92050,-0.18274161850742654,-0.10959335
17333,2025-10-31,92108,-0.020100473273199082,-0.094078675
17334,2025-10-31,92157,-0.09517067790639588,-0.0632607
17335,2025-10-31,92203,0.023222202275350767,-0.026969364
17336,2025-10-31,92322,0.2452066854975241,-0.077763185
17337,2025-10-31,92402,0.038417867316120846,-0.07315506
17338,2025-10-31,92602,0.2546114210595032,-0.09084216
17339,2025-10-31,92611,-0.05362916687177599,-0.048708808
17340,2025-10-31,92614,0.011782259474975687,-0.10511963
17341,2025-10-31,92655,-0.15420971428804287,0.014401323
17342,2025-10-31,93002,-0.10199251192460168,0.020587413
17343,2025-10-31,93089,-0.0038929808557972567,-0.050315354
17344,2025-10-31,93096,0.459710739098359,-0.11007232
17345,2025-10-31,93132,-0.05981756927957138,-0.10341022
17346,2025-10-31,93246,0.00012018953602255245,-0.030829133
17347,2025-10-31,93429,0.08206872579246616,-0.109680176
17348,2025-10-31,93436,-0.0572741950339446,0.046651855
