model,ann_return,ann_vol,sharpe,sharpe_ci_low,sharpe_ci_high,sharpe_p_value,max_drawdown,ann_return_net,sharpe_net,sharpe_net_ci_low,sharpe_net_ci_high,sharpe_net_p_value,max_drawdown_net,turnover_mean,cost_bps,n_periods
linear,-0.014304381198044051,0.17747926234864703,-0.08059747943928221,-0.7967472884317228,0.5562700234585627,0.806,-0.4922205928926568,-0.024851338870001724,-0.140208870211257,-0.8669078013653475,0.4983173818960788,0.6694,-0.517632886491018,0.6293124392614189,20.0,36
gbm,0.02842724483394368,0.09390770205512833,0.3027147317187628,-0.3701981403883334,0.9245894250927951,0.3644,-0.21055103795966584,0.016762940223210496,0.17853347250631219,-0.5172205587952058,0.7956032291787707,0.5926,-0.2535180863672658,0.7521379980563654,20.0,36
