model,ann_return,ann_vol,sharpe,max_drawdown,turnover_mean,n_periods
linear,-0.041373659341435214,0.17867410007559212,-0.2315593548473514,-0.6322878172856689,0.6483344255133244,110
gbm,0.031673251171211156,0.08413872235917653,0.37644083821480484,-0.14095768039091164,0.7501402671160208,110
